year,leaid,district,current_expenditures,enrollment,flagged_corrupt
1995,2100030,Adair County,13981000,2623,False
1995,2100070,Allen County,12017000,2854,False
1995,2100081,Muhlenberg County,29609000,5481,False
1995,2100090,Anchorage Independent,2882000,378,False
1995,2100120,Anderson County,13796000,3080,False
1995,2100150,Ashland Independent,19412000,3599,False
1995,2100180,Augusta Independent,1765000,296,False
1995,2100210,Ballard County,7749000,1429,False
1995,2100240,Barbourville Independent,2904000,690,False
1995,2100270,Bardstown Independent,8266000,1563,False
1995,2100300,Barren County,17422000,3303,False
1995,2100330,Bath County,10157000,1844,False
1995,2100360,Beechwood Independent,4132000,974,False
1995,2100390,Bell County,21854000,3465,False
1995,2100420,Bellevue Independent,5104000,1044,False
1995,2100480,Berea Independent,5924000,1048,False
1995,2100510,Boone County,50983000,11564,False
1995,2100540,Bourbon County,15450000,2713,False
1995,2100570,Bowling Green Independent,18359000,3367,False
1995,2100620,Boyd County,19150000,3829,False
1995,2100630,Boyle County,12560000,2579,False
1995,2100660,Bracken County,5574000,1256,False
1995,2100690,Breathitt County,16405000,2645,False
1995,2100720,Breckinridge County,17048000,2791,False
1995,2100750,Bullitt County,45522000,10041,False
1995,2100780,Burgin Independent,1909000,411,False
1995,2100810,Butler County,12213000,2421,False
1995,2100840,Caldwell County,10244000,2152,False
1995,2100870,Calloway County,17279000,3251,False
1995,2100900,Campbell County,21012000,4823,False
1995,2100930,Campbellsville Independent,7619000,1469,False
1995,2100960,Carlisle County,4043000,890,False
1995,2100990,Carroll County,10333000,1794,False
1995,2101020,Carter County,25855000,5086,False
1995,2101050,Casey County,13757000,2453,False
1995,2101110,Caverna Independent,5056000,991,False
1995,2101150,Christian County,47535000,9017,False
1995,2101200,Clark County,25598000,5372,False
1995,2101230,Clay County,23537000,4561,False
1995,2101260,Clinton County,8172000,1544,False
1995,2101290,Cloverport Independent,2167000,328,False
1995,2101320,Corbin Independent,10450000,1967,False
1995,2101350,Covington Independent,30672000,5334,False
1995,2101380,Crittenden County,7624000,1572,False
1995,2101410,Cumberland County,6314000,1188,False
1995,2101440,Danville Independent,10340000,1871,False
1995,2101470,Daviess County,51472000,10190,False
1995,2101500,Dawson Springs Independent,3140000,708,False
1995,2101530,Dayton Independent,7289000,1338,False
1995,2101590,East Bernstadt Independent,1994000,439,False
1995,2101620,Edmonson County,9981000,1893,False
1995,2101650,Elizabethtown Independent,9290000,2078,False
1995,2101680,Elliott County,8400000,1349,False
1995,2101710,Eminence Independent,3088000,552,False
1995,2101740,Erlanger-Elsmere Independent,10376000,2288,False
1995,2101760,Estill County,14382000,2786,False
1995,2101800,Fairview Independent,3503000,895,False
1995,2101860,Fayette County,190093000,32880,False
1995,2101920,Fleming County,12428000,2416,False
1995,2101950,Floyd County,43864000,8144,False
1995,2101980,Frankfort Independent,5727000,916,False
1995,2102010,Franklin County,27275000,5976,False
1995,2102040,Fort Thomas Independent,11067000,2407,False
1995,2102070,Fulton Independent,3657000,608,False
1995,2102100,Fulton County,5228000,859,False
1995,2102130,Gallatin County,5621000,1247,False
1995,2102160,Garrard County,10553000,2149,False
1995,2102220,Glasgow Independent,10325000,2305,False
1995,2102250,Grant County,14070000,3375,False
1995,2102280,Graves County,18382000,4346,False
1995,2102300,Grayson County,18582000,4052,False
1995,2102340,Green County,8745000,1722,False
1995,2102400,Greenup County,18178000,3504,False
1995,2102460,Hancock County,7756000,1606,False
1995,2102490,Hardin County,67617000,13367,False
1995,2102520,Harlan Independent,4864000,920,False
1995,2102540,Harlan County,36186000,5894,False
1995,2102580,Harrison County,15971000,3137,False
1995,2102610,HARRODSBURG INDEPENDENT,5202000,956,False
1995,2102640,Hart County,11139000,2302,False
1995,2102670,Hazard Independent,6620000,1237,False
1995,2102710,Henderson County,37259000,7649,False
1995,2102760,Henry County,10057000,2041,False
1995,2102790,Hickman County,4806000,867,False
1995,2102860,Hopkins County,37419000,7437,False
1995,2102910,Jackson Independent,2112000,378,False
1995,2102940,Jackson County,13945000,2444,False
1995,2102990,Jefferson County,517949000,93070,False
1995,2103000,Jenkins Independent,4754000,764,False
1995,2103030,Jessamine County,26127000,6239,False
1995,2103060,Johnson County,20181000,3935,False
1995,2103090,Kenton County,53705000,12052,False
1995,2103120,Knott County,20743000,3422,False
1995,2103150,Knox County,29174000,4756,False
1995,2103180,LaRue County,11878000,2271,False
1995,2103210,Laurel County,43080000,8512,False
1995,2103240,Lawrence County,14592000,2763,False
1995,2103270,Lee County,7325000,1466,False
1995,2103330,Leslie County,15532000,2621,False
1995,2103360,Letcher County,21765000,4391,False
1995,2103390,Lewis County,12374000,2532,False
1995,2103480,Lincoln County,24532000,3907,False
1995,2103510,Livingston County,7095000,1471,False
1995,2103540,Logan County,17243000,3160,False
1995,2103630,Ludlow Independent,4817000,1046,False
1995,2103690,Lyon County,4843000,952,False
1995,2103720,Madison County,39683000,8544,False
1995,2103750,Magoffin County,16332000,2841,False
1995,2103780,Marion County,15320000,2891,False
1995,2103810,Marshall County,22170000,5155,False
1995,2103840,Martin County,15147000,2891,False
1995,2103870,Mason County,14650000,2813,False
1995,2103900,Mayfield Independent,7541000,1441,False
1995,2103960,McCracken County,31084000,6921,False
1995,2103990,McCreary County,21511000,3483,False
1995,2104020,McLean County,7902000,1709,False
1995,2104050,Meade County,18517000,4330,False
1995,2104080,Menifee County,5304000,1042,False
1995,2104110,Mercer County,9610000,2078,False
1995,2104140,Metcalfe County,8646000,1652,False
1995,2104170,Middlesboro Independent,10400000,1858,False
1995,2104200,Monroe County,12655000,2125,False
1995,2104250,Montgomery County,19239000,3648,False
1995,2104260,MONTICELLO INDEPENDENT,4175000,822,False
1995,2104290,Morgan County,12475000,2403,False
1995,2104380,Murray Independent,8468000,1345,False
1995,2104410,Nelson County,19781000,4306,False
1995,2104440,Newport Independent,18150000,3038,False
1995,2104470,Nicholas County,6401000,1290,False
1995,2104500,Ohio County,19026000,4101,False
1995,2104530,Oldham County,34229000,7418,False
1995,2104560,Owen County,8970000,1829,False
1995,2104590,Owensboro Independent,25670000,4452,False
1995,2104620,Owsley County,7419000,942,False
1995,2104650,Paducah Independent,19174000,3322,False
1995,2104680,Paintsville Independent,4225000,886,False
1995,2104710,Paris Independent,4782000,842,False
1995,2104740,Pendleton County,13000000,2709,False
1995,2104770,Perry County,27578000,5252,False
1995,2104800,Pike County,67244000,12029,False
1995,2104830,Pikeville Independent,7313000,1373,False
1995,2104860,Pineville Independent,3192000,589,False
1995,2104890,Powell County,13721000,2664,False
1995,2104920,PROVIDENCE INDEPENDENT,2818000,565,False
1995,2104950,Pulaski County,33958000,7151,False
1995,2104980,Raceland-Worthington Independent,4124000,949,False
1995,2105040,Robertson County,1984000,366,False
1995,2105070,Rockcastle County,14608000,2987,False
1995,2105100,Rowan County,16564000,3153,False
1995,2105130,Russell Independent,11178000,2337,False
1995,2105160,Russell County,14688000,2789,False
1995,2105190,Russellville Independent,8677000,1446,False
1995,2105220,Science Hill Independent,1714000,407,False
1995,2105260,Scott County,26916000,5100,False
1995,2105320,Shelby County,21627000,4617,False
1995,2105370,Silver Grove Independent,1588000,265,False
1995,2105400,Simpson County,15534000,2947,False
1995,2105430,Somerset Independent,8733000,1761,False
1995,2105460,Southgate Independent,1052000,209,False
1995,2105490,Spencer County,8593000,1667,False
1995,2105520,Taylor County,11669000,2556,False
1995,2105550,Todd County,9251000,1998,False
1995,2105580,Trigg County,8806000,1848,False
1995,2105610,Trimble County,6419000,1327,False
1995,2105640,Union County,15499000,2807,False
1995,2105700,Walton-Verona Independent,4961000,945,False
1995,2105730,Warren County,47761000,10377,False
1995,2105760,Washington County,8237000,1791,False
1995,2105790,Wayne County,16771000,2795,False
1995,2105820,Webster County,10456000,2092,False
1995,2105850,West Point Independent,1275000,199,False
1995,2105880,Whitley County,20873000,4328,False
1995,2105910,Williamsburg Independent,4682000,891,False
1995,2105940,Williamstown Independent,3739000,656,False
1995,2105970,Wolfe County,9090000,1394,False
1995,2106000,Woodford County,17056000,3839,False
1996,2100030,Adair County,15051000,2696,False
1996,2100070,Allen County,12686000,2933,False
1996,2100081,Muhlenberg County,29848000,5424,False
1996,2100090,Anchorage Independent,3737000,412,False
1996,2100120,Anderson County,15333000,2923,False
1996,2100150,Ashland Independent,19757000,3596,False
1996,2100180,Augusta Independent,1815000,306,False
1996,2100210,Ballard County,7448000,1408,False
1996,2100240,Barbourville Independent,3215000,735,False
1996,2100270,Bardstown Independent,8691000,1613,False
1996,2100300,Barren County,18131000,3469,False
1996,2100330,Bath County,9801000,1856,False
1996,2100360,Beechwood Independent,4199000,959,False
1996,2100390,Bell County,21479000,3429,False
1996,2100420,Bellevue Independent,5263000,953,False
1996,2100480,Berea Independent,5747000,1059,False
1996,2100510,Boone County,56263000,11729,False
1996,2100540,Bourbon County,15260000,2722,False
1996,2100570,Bowling Green Independent,20098000,3434,False
1996,2100620,Boyd County,20106000,3795,False
1996,2100630,Boyle County,12981000,2619,False
1996,2100660,Bracken County,5440000,1247,False
1996,2100690,Breathitt County,16177000,2685,False
1996,2100720,Breckinridge County,15227000,2754,False
1996,2100750,Bullitt County,51879000,10073,False
1996,2100780,Burgin Independent,1887000,394,False
1996,2100810,Butler County,12369000,2418,False
1996,2100840,Caldwell County,10672000,2154,False
1996,2100870,Calloway County,17517000,3208,False
1996,2100900,Campbell County,22600000,3729,False
1996,2100930,Campbellsville Independent,7434000,1436,False
1996,2100960,Carlisle County,4127000,859,False
1996,2100990,Carroll County,9567000,1765,False
1996,2101020,Carter County,25419000,5021,False
1996,2101050,Casey County,14052000,2466,False
1996,2101110,Caverna Independent,5260000,929,False
1996,2101150,Christian County,48883000,9036,False
1996,2101200,Clark County,27640000,5394,False
1996,2101230,Clay County,25387000,4508,False
1996,2101260,Clinton County,9114000,1542,False
1996,2101290,Cloverport Independent,2070000,331,False
1996,2101320,Corbin Independent,10626000,1926,False
1996,2101350,Covington Independent,31689000,5402,False
1996,2101380,Crittenden County,8222000,1569,False
1996,2101410,Cumberland County,6367000,1215,False
1996,2101440,Danville Independent,10649000,1842,False
1996,2101470,Daviess County,50807000,9598,False
1996,2101500,Dawson Springs Independent,3322000,690,False
1996,2101530,Dayton Independent,7643000,1380,False
1996,2101590,East Bernstadt Independent,2213000,472,False
1996,2101620,Edmonson County,10074000,1895,False
1996,2101650,Elizabethtown Independent,9586000,2026,False
1996,2101680,Elliott County,8810000,1302,False
1996,2101710,Eminence Independent,3135000,519,False
1996,2101740,Erlanger-Elsmere Independent,10967000,2359,False
1996,2101760,Estill County,15125000,2749,False
1996,2101800,Fairview Independent,3639000,703,False
1996,2101860,Fayette County,191483000,32830,False
1996,2101920,Fleming County,12812000,2404,False
1996,2101950,Floyd County,42384000,8042,False
1996,2101980,Frankfort Independent,5402000,925,False
1996,2102010,Franklin County,28903000,5907,False
1996,2102040,Fort Thomas Independent,11563000,2382,False
1996,2102070,Fulton Independent,3572000,612,False
1996,2102100,Fulton County,5647000,881,False
1996,2102130,Gallatin County,5845000,1264,False
1996,2102160,Garrard County,10944000,2241,False
1996,2102220,Glasgow Independent,11215000,2259,False
1996,2102250,Grant County,14742000,3393,False
1996,2102280,Graves County,19915000,4388,False
1996,2102300,Grayson County,19376000,4116,False
1996,2102340,Green County,8413000,1763,False
1996,2102400,Greenup County,17925000,3488,False
1996,2102460,Hancock County,8274000,1574,False
1996,2102490,Hardin County,68158000,13121,False
1996,2102520,Harlan Independent,4924000,1244,True
1996,2102540,Harlan County,32700000,5734,False
1996,2102580,Harrison County,16679000,3184,False
1996,2102610,HARRODSBURG INDEPENDENT,5105000,936,False
1996,2102640,Hart County,13010000,2302,False
1996,2102670,Hazard Independent,6706000,1164,False
1996,2102710,Henderson County,37434000,7048,False
1996,2102760,Henry County,10403000,2130,False
1996,2102790,Hickman County,4873000,869,False
1996,2102860,Hopkins County,39523000,6312,False
1996,2102910,Jackson Independent,2029000,252,False
1996,2102940,Jackson County,13516000,2475,False
1996,2102990,Jefferson County,581627000,91878,False
1996,2103000,Jenkins Independent,4486000,680,False
1996,2103030,Jessamine County,28747000,4611,False
1996,2103060,Johnson County,21386000,3816,False
1996,2103090,Kenton County,55407000,12054,False
1996,2103120,Knott County,20502000,3365,False
1996,2103150,Knox County,27126000,4798,False
1996,2103180,LaRue County,11411000,2265,False
1996,2103210,Laurel County,42406000,8457,False
1996,2103240,Lawrence County,14591000,2749,False
1996,2103270,Lee County,7409000,1463,False
1996,2103330,Leslie County,14714000,2547,False
1996,2103360,Letcher County,22562000,4302,False
1996,2103390,Lewis County,12766000,2561,False
1996,2103480,Lincoln County,21184000,3914,False
1996,2103510,Livingston County,7508000,1510,False
1996,2103540,Logan County,14890000,3075,False
1996,2103630,Ludlow Independent,5265000,1054,False
1996,2103690,Lyon County,4356000,948,False
1996,2103720,Madison County,42121000,8847,False
1996,2103750,Magoffin County,16360000,2859,False
1996,2103780,Marion County,15845000,2979,False
1996,2103810,Marshall County,23687000,5315,False
1996,2103840,Martin County,16013000,2899,False
1996,2103870,Mason County,15119000,2784,False
1996,2103900,Mayfield Independent,7955000,1437,False
1996,2103960,McCracken County,31966000,6837,False
1996,2103990,McCreary County,22001000,3452,False
1996,2104020,McLean County,8128000,1672,False
1996,2104050,Meade County,19272000,4365,False
1996,2104080,Menifee County,6034000,1054,False
1996,2104110,Mercer County,10323000,2113,False
1996,2104140,Metcalfe County,8627000,1653,False
1996,2104170,Middlesboro Independent,9922000,1791,False
1996,2104200,Monroe County,11836000,2112,False
1996,2104250,Montgomery County,20102000,3810,False
1996,2104260,MONTICELLO INDEPENDENT,3860000,851,False
1996,2104290,Morgan County,13486000,2388,False
1996,2104380,Murray Independent,9629000,1354,False
1996,2104410,Nelson County,20861000,4506,False
1996,2104440,Newport Independent,17117000,2748,False
1996,2104470,Nicholas County,6332000,1231,False
1996,2104500,Ohio County,18887000,4125,False
1996,2104530,Oldham County,37074000,7652,False
1996,2104560,Owen County,9085000,1875,False
1996,2104590,Owensboro Independent,26821000,4432,False
1996,2104620,Owsley County,6335000,922,False
1996,2104650,Paducah Independent,20704000,3278,False
1996,2104680,Paintsville Independent,4322000,862,False
1996,2104710,Paris Independent,5337000,791,False
1996,2104740,Pendleton County,13281000,2769,False
1996,2104770,Perry County,28693000,5103,False
1996,2104800,Pike County,71537000,11124,False
1996,2104830,Pikeville Independent,7754000,1347,False
1996,2104860,Pineville Independent,3302000,580,False
1996,2104890,Powell County,15028000,2642,False
1996,2104920,PROVIDENCE INDEPENDENT,2780000,538,False
1996,2104950,Pulaski County,36765000,7239,False
1996,2104980,Raceland-Worthington Independent,4780000,965,False
1996,2105040,Robertson County,1984000,359,False
1996,2105070,Rockcastle County,16490000,2962,False
1996,2105100,Rowan County,16486000,3160,False
1996,2105130,Russell Independent,11298000,1787,False
1996,2105160,Russell County,15260000,2854,False
1996,2105190,Russellville Independent,7908000,1400,False
1996,2105220,Science Hill Independent,1789000,422,False
1996,2105260,Scott County,30013000,5101,False
1996,2105320,Shelby County,22633000,4720,False
1996,2105370,Silver Grove Independent,1645000,275,False
1996,2105400,Simpson County,15149000,2886,False
1996,2105430,Somerset Independent,9063000,1740,False
1996,2105460,Southgate Independent,1069000,227,False
1996,2105490,Spencer County,9323000,1746,False
1996,2105520,Taylor County,12443000,2510,False
1996,2105550,Todd County,9240000,1968,False
1996,2105580,Trigg County,9147000,1896,False
1996,2105610,Trimble County,6802000,1350,False
1996,2105640,Union County,15451000,2689,False
1996,2105700,Walton-Verona Independent,5410000,940,False
1996,2105730,Warren County,52103000,10423,False
1996,2105760,Washington County,9063000,1790,False
1996,2105790,Wayne County,16011000,2725,False
1996,2105820,Webster County,10965000,2121,False
1996,2105850,West Point Independent,1272000,179,False
1996,2105880,Whitley County,24757000,4352,False
1996,2105910,Williamsburg Independent,4949000,877,False
1996,2105940,Williamstown Independent,3969000,686,False
1996,2105970,Wolfe County,8558000,1365,False
1996,2106000,Woodford County,17661000,3828,False
1997,2100030,Adair County,15032000,2702,False
1997,2100070,Allen County,13448000,3003,False
1997,2100081,Muhlenberg County,30300000,5325,False
1997,2100090,Anchorage Independent,3646000,427,False
1997,2100120,Anderson County,16173000,3224,False
1997,2100150,Ashland Independent,19103000,3564,False
1997,2100180,Augusta Independent,1780000,305,False
1997,2100210,Ballard County,7648000,1400,False
1997,2100240,Barbourville Independent,3324000,684,False
1997,2100270,Bardstown Independent,8804000,1689,False
1997,2100300,Barren County,18463000,3582,False
1997,2100330,Bath County,10325000,1918,False
1997,2100360,Beechwood Independent,4502000,1012,False
1997,2100390,Bell County,19742000,3373,False
1997,2100420,Bellevue Independent,4824000,972,False
1997,2100480,Berea Independent,5729000,1075,False
1997,2100510,Boone County,60234000,12214,False
1997,2100540,Bourbon County,16395000,2807,False
1997,2100570,Bowling Green Independent,21410000,3373,False
1997,2100620,Boyd County,20073000,3671,False
1997,2100630,Boyle County,13749000,2652,False
1997,2100660,Bracken County,5704000,1230,False
1997,2100690,Breathitt County,15862000,2621,False
1997,2100720,Breckinridge County,14542000,2784,False
1997,2100750,Bullitt County,53894000,10274,False
1997,2100780,Burgin Independent,1867000,370,False
1997,2100810,Butler County,12523000,2411,False
1997,2100840,Caldwell County,10499000,2111,False
1997,2100870,Calloway County,18423000,3208,False
1997,2100900,Campbell County,24273000,4853,False
1997,2100930,Campbellsville Independent,7665000,1402,False
1997,2100960,Carlisle County,4349000,878,False
1997,2100990,Carroll County,10117000,1742,False
1997,2101020,Carter County,25479000,4852,False
1997,2101050,Casey County,13855000,2463,False
1997,2101110,Caverna Independent,5409000,914,False
1997,2101150,Christian County,48427000,8984,False
1997,2101200,Clark County,26597000,5325,False
1997,2101230,Clay County,25154000,4473,False
1997,2101260,Clinton County,10289000,1557,False
1997,2101290,Cloverport Independent,2164000,323,False
1997,2101320,Corbin Independent,10004000,1900,False
1997,2101350,Covington Independent,32741000,5025,False
1997,2101380,Crittenden County,8082000,1564,False
1997,2101410,Cumberland County,6521000,1211,False
1997,2101440,Danville Independent,10677000,1789,False
1997,2101470,Daviess County,53842000,10133,False
1997,2101500,Dawson Springs Independent,3489000,678,False
1997,2101530,Dayton Independent,7651000,1273,False
1997,2101590,East Bernstadt Independent,2370000,489,False
1997,2101620,Edmonson County,9669000,1887,False
1997,2101650,Elizabethtown Independent,10692000,2194,False
1997,2101680,Elliott County,7565000,1270,False
1997,2101710,Eminence Independent,3052000,532,False
1997,2101740,Erlanger-Elsmere Independent,11273000,2267,False
1997,2101760,Estill County,14836000,2711,False
1997,2101800,Fairview Independent,3580000,673,False
1997,2101860,Fayette County,199255000,34151,False
1997,2101920,Fleming County,13092000,2433,False
1997,2101950,Floyd County,39877000,7751,False
1997,2101980,Frankfort Independent,5832000,904,False
1997,2102010,Franklin County,28510000,5986,False
1997,2102040,Fort Thomas Independent,11816000,2376,False
1997,2102070,Fulton Independent,3744000,530,False
1997,2102100,Fulton County,5222000,874,False
1997,2102130,Gallatin County,5998000,1381,False
1997,2102160,Garrard County,10871000,2295,False
1997,2102220,Glasgow Independent,11206000,2171,False
1997,2102250,Grant County,15411000,3522,False
1997,2102280,Graves County,20211000,4438,False
1997,2102300,Grayson County,19702000,4170,False
1997,2102340,Green County,8378000,1773,False
1997,2102400,Greenup County,18168000,3426,False
1997,2102460,Hancock County,8626000,1550,False
1997,2102490,Hardin County,70066000,13057,False
1997,2102520,Harlan Independent,4855000,908,False
1997,2102540,Harlan County,28958000,5662,False
1997,2102580,Harrison County,16320000,3196,False
1997,2102610,HARRODSBURG INDEPENDENT,5406000,970,False
1997,2102640,Hart County,12554000,2392,False
1997,2102670,Hazard Independent,5772000,1136,False
1997,2102710,Henderson County,38924000,7402,False
1997,2102760,Henry County,11033000,2099,False
1997,2102790,Hickman County,4949000,848,False
1997,2102860,Hopkins County,38116000,7337,False
1997,2102910,Jackson Independent,1947000,365,False
1997,2102940,Jackson County,13520000,2520,False
1997,2102990,Jefferson County,586579000,99759,False
1997,2103000,Jenkins Independent,3909000,638,False
1997,2103030,Jessamine County,31702000,6260,False
1997,2103060,Johnson County,20330000,3822,False
1997,2103090,Kenton County,55488000,11913,False
1997,2103120,Knott County,21617000,3293,False
1997,2103150,Knox County,27847000,4838,False
1997,2103180,LaRue County,11586000,2328,False
1997,2103210,Laurel County,42867000,8389,False
1997,2103240,Lawrence County,14634000,2823,False
1997,2103270,Lee County,7772000,1446,False
1997,2103330,Leslie County,14904000,2432,False
1997,2103360,Letcher County,22893000,4121,False
1997,2103390,Lewis County,13192000,2546,False
1997,2103480,Lincoln County,21825000,3999,False
1997,2103510,Livingston County,7569000,1505,False
1997,2103540,Logan County,15571000,3275,False
1997,2103630,Ludlow Independent,5453000,1037,False
1997,2103690,Lyon County,4435000,972,False
1997,2103720,Madison County,43326000,8827,False
1997,2103750,Magoffin County,15203000,2788,False
1997,2103780,Marion County,16120000,2992,False
1997,2103810,Marshall County,24081000,4807,False
1997,2103840,Martin County,15166000,2813,False
1997,2103870,Mason County,15347000,2734,False
1997,2103900,Mayfield Independent,8306000,1375,False
1997,2103960,McCracken County,34285000,6757,False
1997,2103990,McCreary County,20018000,3376,False
1997,2104020,McLean County,8264000,1667,False
1997,2104050,Meade County,19901000,4514,False
1997,2104080,Menifee County,5885000,1090,False
1997,2104110,Mercer County,10474000,2104,False
1997,2104140,Metcalfe County,8363000,1668,False
1997,2104170,Middlesboro Independent,9496000,1786,False
1997,2104200,Monroe County,12790000,2078,False
1997,2104250,Montgomery County,20824000,3753,False
1997,2104260,MONTICELLO INDEPENDENT,4186000,843,False
1997,2104290,Morgan County,13238000,2402,False
1997,2104380,Murray Independent,10807000,1393,False
1997,2104410,Nelson County,20976000,4637,False
1997,2104440,Newport Independent,17303000,2808,False
1997,2104470,Nicholas County,6716000,1227,False
1997,2104500,Ohio County,20507000,4035,False
1997,2104530,Oldham County,39796000,7843,False
1997,2104560,Owen County,8755000,1906,False
1997,2104590,Owensboro Independent,27632000,4233,False
1997,2104620,Owsley County,6393000,930,False
1997,2104650,Paducah Independent,21112000,3353,False
1997,2104680,Paintsville Independent,4143000,835,False
1997,2104710,Paris Independent,4768000,774,False
1997,2104740,Pendleton County,13443000,2754,False
1997,2104770,Perry County,29490000,4957,False
1997,2104800,Pike County,64350000,11296,False
1997,2104830,Pikeville Independent,7339000,1330,False
1997,2104860,Pineville Independent,3063000,631,False
1997,2104890,Powell County,14695000,2677,False
1997,2104920,PROVIDENCE INDEPENDENT,2854000,513,False
1997,2104950,Pulaski County,37279000,7344,False
1997,2104980,Raceland-Worthington Independent,4436000,961,False
1997,2105040,Robertson County,2077000,391,False
1997,2105070,Rockcastle County,15885000,2954,False
1997,2105100,Rowan County,17932000,3153,False
1997,2105130,Russell Independent,10980000,2328,False
1997,2105160,Russell County,13486000,2785,False
1997,2105190,Russellville Independent,7316000,1358,False
1997,2105220,Science Hill Independent,2009000,419,False
1997,2105260,Scott County,28755000,5292,False
1997,2105320,Shelby County,23689000,4774,False
1997,2105370,Silver Grove Independent,1595000,254,False
1997,2105400,Simpson County,16198000,2915,False
1997,2105430,Somerset Independent,9161000,1663,False
1997,2105460,Southgate Independent,1159000,206,False
1997,2105490,Spencer County,9679000,1759,False
1997,2105520,Taylor County,12636000,2538,False
1997,2105550,Todd County,9447000,1929,False
1997,2105580,Trigg County,9715000,1954,False
1997,2105610,Trimble County,6812000,1406,False
1997,2105640,Union County,15273000,2619,False
1997,2105700,Walton-Verona Independent,5680000,981,False
1997,2105730,Warren County,51935000,10498,False
1997,2105760,Washington County,8931000,1770,False
1997,2105790,Wayne County,15781000,2762,False
1997,2105820,Webster County,11136000,2091,False
1997,2105850,West Point Independent,1192000,174,False
1997,2105880,Whitley County,23676000,4355,False
1997,2105910,Williamsburg Independent,4453000,829,False
1997,2105940,Williamstown Independent,4048000,671,False
1997,2105970,Wolfe County,8203000,1388,False
1997,2106000,Woodford County,18698000,3843,False
1998,2100030,Adair County,15846000,2650,False
1998,2100070,Allen County,14510000,3049,False
1998,2100081,Muhlenberg County,30999000,5322,False
1998,2100090,Anchorage Independent,4145000,450,False
1998,2100120,Anderson County,16434000,3504,False
1998,2100150,Ashland Independent,20394000,3443,False
1998,2100180,Augusta Independent,1780000,278,False
1998,2100210,Ballard County,7856000,1496,False
1998,2100240,Barbourville Independent,3562000,683,False
1998,2100270,Bardstown Independent,9887000,1814,False
1998,2100300,Barren County,20566000,3710,False
1998,2100330,Bath County,10722000,1930,False
1998,2100360,Beechwood Independent,5151000,1012,False
1998,2100390,Bell County,19058000,3246,False
1998,2100420,Bellevue Independent,5119000,1028,False
1998,2100480,Berea Independent,6098000,1103,False
1998,2100510,Boone County,66937000,12727,False
1998,2100540,Bourbon County,16292000,2770,False
1998,2100570,Bowling Green Independent,26660000,3434,False
1998,2100620,Boyd County,21164000,3806,False
1998,2100630,Boyle County,14904000,2785,False
1998,2100660,Bracken County,6020000,1219,False
1998,2100690,Breathitt County,16640000,2718,False
1998,2100720,Breckinridge County,15448000,2824,False
1998,2100750,Bullitt County,57836000,10767,False
1998,2100780,Burgin Independent,1816000,370,False
1998,2100810,Butler County,13401000,2330,False
1998,2100840,Caldwell County,10934000,2138,False
1998,2100870,Calloway County,18797000,3260,False
1998,2100900,Campbell County,25880000,4827,False
1998,2100930,Campbellsville Independent,7963000,1367,False
1998,2100960,Carlisle County,4635000,880,False
1998,2100990,Carroll County,12229000,1794,False
1998,2101020,Carter County,26722000,4770,False
1998,2101050,Casey County,14055000,2451,False
1998,2101110,Caverna Independent,5180000,970,False
1998,2101150,Christian County,51395000,9166,False
1998,2101200,Clark County,28292000,5266,False
1998,2101230,Clay County,26211000,4382,False
1998,2101260,Clinton County,10692000,1566,False
1998,2101290,Cloverport Independent,2198000,337,False
1998,2101320,Corbin Independent,10701000,1993,False
1998,2101350,Covington Independent,33282000,4959,False
1998,2101380,Crittenden County,8399000,1535,False
1998,2101410,Cumberland County,7101000,1239,False
1998,2101440,Danville Independent,10809000,1806,False
1998,2101470,Daviess County,54131000,10161,False
1998,2101500,Dawson Springs Independent,3722000,739,False
1998,2101530,Dayton Independent,7608000,1316,False
1998,2101590,East Bernstadt Independent,2586000,512,False
1998,2101620,Edmonson County,9930000,1965,False
1998,2101650,Elizabethtown Independent,10847000,2302,False
1998,2101680,Elliott County,7497000,1249,False
1998,2101710,Eminence Independent,3257000,547,False
1998,2101740,Erlanger-Elsmere Independent,11714000,2275,False
1998,2101760,Estill County,15281000,2796,False
1998,2101800,Fairview Independent,3599000,707,False
1998,2101860,Fayette County,220456000,33124,False
1998,2101920,Fleming County,14052000,2429,False
1998,2101950,Floyd County,40384000,7628,False
1998,2101980,Frankfort Independent,5883000,972,False
1998,2102010,Franklin County,30015000,5959,False
1998,2102040,Fort Thomas Independent,12594000,2380,False
1998,2102070,Fulton Independent,3912000,570,False
1998,2102100,Fulton County,5238000,901,False
1998,2102130,Gallatin County,6610000,1497,False
1998,2102160,Garrard County,11744000,2428,False
1998,2102220,Glasgow Independent,11571000,2169,False
1998,2102250,Grant County,16360000,3546,False
1998,2102280,Graves County,21329000,4534,False
1998,2102300,Grayson County,20399000,4128,False
1998,2102340,Green County,9016000,1700,False
1998,2102400,Greenup County,18176000,3444,False
1998,2102460,Hancock County,8799000,1527,False
1998,2102490,Hardin County,71016000,13277,False
1998,2102520,Harlan Independent,4986000,925,False
1998,2102540,Harlan County,30252000,5611,False
1998,2102580,Harrison County,17155000,3255,False
1998,2102610,HARRODSBURG INDEPENDENT,5860000,1029,False
1998,2102640,Hart County,13552000,2369,False
1998,2102670,Hazard Independent,6000000,1110,False
1998,2102710,Henderson County,39401000,7431,False
1998,2102760,Henry County,11424000,2145,False
1998,2102790,Hickman County,5770000,825,False
1998,2102860,Hopkins County,38947000,7317,False
1998,2102910,Jackson Independent,2098000,405,False
1998,2102940,Jackson County,14358000,2442,False
1998,2102990,Jefferson County,625033000,101438,False
1998,2103000,Jenkins Independent,3792000,577,False
1998,2103030,Jessamine County,33655000,6461,False
1998,2103060,Johnson County,21781000,3872,False
1998,2103090,Kenton County,60382000,12061,False
1998,2103120,Knott County,21539000,3371,False
1998,2103150,Knox County,29070000,4963,False
1998,2103180,LaRue County,12884000,2398,False
1998,2103210,Laurel County,43908000,8422,False
1998,2103240,Lawrence County,14837000,2861,False
1998,2103270,Lee County,7824000,1411,False
1998,2103330,Leslie County,15348000,2510,False
1998,2103360,Letcher County,22931000,4023,False
1998,2103390,Lewis County,13611000,2510,False
1998,2103480,Lincoln County,24143000,4172,False
1998,2103510,Livingston County,7952000,1538,False
1998,2103540,Logan County,16147000,3413,False
1998,2103630,Ludlow Independent,5844000,1099,False
1998,2103690,Lyon County,4699000,1002,False
1998,2103720,Madison County,46962000,9236,False
1998,2103750,Magoffin County,15749000,2714,False
1998,2103780,Marion County,16660000,3016,False
1998,2103810,Marshall County,24609000,4939,False
1998,2103840,Martin County,16099000,2745,False
1998,2103870,Mason County,16558000,2758,False
1998,2103900,Mayfield Independent,8725000,1389,False
1998,2103960,McCracken County,37154000,6954,False
1998,2103990,McCreary County,20047000,3495,False
1998,2104020,McLean County,8600000,1688,False
1998,2104050,Meade County,21620000,4636,False
1998,2104080,Menifee County,6461000,1111,False
1998,2104110,Mercer County,10653000,2134,False
1998,2104140,Metcalfe County,9037000,1689,False
1998,2104170,Middlesboro Independent,9574000,1884,False
1998,2104200,Monroe County,12467000,2107,False
1998,2104250,Montgomery County,22042000,3959,False
1998,2104260,MONTICELLO INDEPENDENT,4585000,873,False
1998,2104290,Morgan County,13855000,2385,False
1998,2104380,Murray Independent,11567000,1422,False
1998,2104410,Nelson County,22791000,4579,False
1998,2104440,Newport Independent,17556000,2731,False
1998,2104470,Nicholas County,6697000,1205,False
1998,2104500,Ohio County,21887000,4120,False
1998,2104530,Oldham County,43960000,8255,False
1998,2104560,Owen County,9232000,1929,False
1998,2104590,Owensboro Independent,28523000,4371,False
1998,2104620,Owsley County,6374000,895,False
1998,2104650,Paducah Independent,22846000,3361,False
1998,2104680,Paintsville Independent,4314000,806,False
1998,2104710,Paris Independent,4966000,791,False
1998,2104740,Pendleton County,13999000,2964,False
1998,2104770,Perry County,32255000,5048,False
1998,2104800,Pike County,61927000,11060,False
1998,2104830,Pikeville Independent,7476000,1331,False
1998,2104860,Pineville Independent,3385000,679,False
1998,2104890,Powell County,14948000,2660,False
1998,2104920,PROVIDENCE INDEPENDENT,2985000,525,False
1998,2104950,Pulaski County,40241000,7608,False
1998,2104980,Raceland-Worthington Independent,4839000,987,False
1998,2105040,Robertson County,2267000,404,False
1998,2105070,Rockcastle County,16836000,3036,False
1998,2105100,Rowan County,18635000,3183,False
1998,2105130,Russell Independent,11013000,2064,False
1998,2105160,Russell County,14492000,2837,False
1998,2105190,Russellville Independent,7612000,1461,False
1998,2105220,Science Hill Independent,2084000,449,False
1998,2105260,Scott County,31579000,5667,False
1998,2105320,Shelby County,24356000,4861,False
1998,2105370,Silver Grove Independent,1703000,260,False
1998,2105400,Simpson County,15754000,2994,False
1998,2105430,Somerset Independent,9623000,1657,False
1998,2105460,Southgate Independent,1232000,226,False
1998,2105490,Spencer County,10077000,1986,False
1998,2105520,Taylor County,13268000,2547,False
1998,2105550,Todd County,10469000,2152,False
1998,2105580,Trigg County,10480000,1980,False
1998,2105610,Trimble County,7218000,1386,False
1998,2105640,Union County,16118000,2595,False
1998,2105700,Walton-Verona Independent,6275000,1031,False
1998,2105730,Warren County,55330000,10782,False
1998,2105760,Washington County,9467000,1860,False
1998,2105790,Wayne County,16635000,2744,False
1998,2105820,Webster County,10939000,1996,False
1998,2105850,West Point Independent,1265000,188,False
1998,2105880,Whitley County,25709000,4628,False
1998,2105910,Williamsburg Independent,4512000,799,False
1998,2105940,Williamstown Independent,4126000,706,False
1998,2105970,Wolfe County,8869000,1363,False
1998,2106000,Woodford County,20294000,3825,False
1999,2100030,Adair County,15533000,2576,False
1999,2100070,Allen County,14843000,3041,False
1999,2100081,Muhlenberg County,32574000,5305,False
1999,2100090,Anchorage Independent,4186000,444,False
1999,2100120,Anderson County,16700000,3674,False
1999,2100150,Ashland Independent,20942000,3365,False
1999,2100180,Augusta Independent,1893000,295,False
1999,2100210,Ballard County,8122000,1493,False
1999,2100240,Barbourville Independent,3556000,693,False
1999,2100270,Bardstown Independent,10866000,1856,False
1999,2100300,Barren County,21640000,3842,False
1999,2100330,Bath County,11274000,1875,False
1999,2100360,Beechwood Independent,5543000,987,False
1999,2100390,Bell County,19676000,3269,False
1999,2100420,Bellevue Independent,5479000,981,False
1999,2100480,Berea Independent,6232000,1084,False
1999,2100510,Boone County,71742000,13059,False
1999,2100540,Bourbon County,16313000,2745,False
1999,2100570,Bowling Green Independent,22166000,3473,False
1999,2100620,Boyd County,22300000,3520,False
1999,2100630,Boyle County,15585000,2775,False
1999,2100660,Bracken County,5956000,1209,False
1999,2100690,Breathitt County,17394000,2528,False
1999,2100720,Breckinridge County,16425000,2735,False
1999,2100750,Bullitt County,57379000,10907,False
1999,2100780,Burgin Independent,2008000,413,False
1999,2100810,Butler County,13435000,2266,False
1999,2100840,Caldwell County,11554000,2134,False
1999,2100870,Calloway County,18943000,3219,False
1999,2100900,Campbell County,26258000,4755,False
1999,2100930,Campbellsville Independent,8443000,1317,False
1999,2100960,Carlisle County,4963000,894,False
1999,2100990,Carroll County,12460000,1782,False
1999,2101020,Carter County,27950000,4741,False
1999,2101050,Casey County,14132000,2446,False
1999,2101110,Caverna Independent,5536000,931,False
1999,2101150,Christian County,55640000,9252,False
1999,2101200,Clark County,28468000,5265,False
1999,2101230,Clay County,27361000,4276,False
1999,2101260,Clinton County,11177000,1595,False
1999,2101290,Cloverport Independent,2353000,330,False
1999,2101320,Corbin Independent,11508000,2017,False
1999,2101350,Covington Independent,36377000,5148,False
1999,2101380,Crittenden County,8984000,1498,False
1999,2101410,Cumberland County,7416000,1224,False
1999,2101440,Danville Independent,11677000,1830,False
1999,2101470,Daviess County,57586000,10293,False
1999,2101500,Dawson Springs Independent,3962000,749,False
1999,2101530,Dayton Independent,7689000,1228,False
1999,2101590,East Bernstadt Independent,2666000,510,False
1999,2101620,Edmonson County,10695000,1960,False
1999,2101650,Elizabethtown Independent,11000000,2202,False
1999,2101680,Elliott County,7596000,1249,False
1999,2101710,Eminence Independent,3505000,556,False
1999,2101740,Erlanger-Elsmere Independent,12522000,2263,False
1999,2101760,Estill County,15869000,2794,False
1999,2101800,Fairview Independent,3615000,686,False
1999,2101860,Fayette County,225726000,33267,False
1999,2101920,Fleming County,14586000,2433,False
1999,2101950,Floyd County,42752000,7258,False
1999,2101980,Frankfort Independent,6080000,955,False
1999,2102010,Franklin County,31855000,5837,False
1999,2102040,Fort Thomas Independent,13138000,2354,False
1999,2102070,Fulton Independent,3925000,526,False
1999,2102100,Fulton County,5388000,914,False
1999,2102130,Gallatin County,7691000,1482,False
1999,2102160,Garrard County,12806000,2426,False
1999,2102220,Glasgow Independent,11831000,2109,False
1999,2102250,Grant County,17423000,3548,False
1999,2102280,Graves County,21797000,4505,False
1999,2102300,Grayson County,21390000,4156,False
1999,2102340,Green County,9322000,1703,False
1999,2102400,Greenup County,18539000,3242,False
1999,2102460,Hancock County,9348000,1563,False
1999,2102490,Hardin County,72735000,13221,False
1999,2102520,Harlan Independent,5388000,894,False
1999,2102540,Harlan County,31433000,5425,False
1999,2102580,Harrison County,18047000,3245,False
1999,2102610,HARRODSBURG INDEPENDENT,5933000,991,False
1999,2102640,Hart County,14103000,2384,False
1999,2102670,Hazard Independent,6266000,1056,False
1999,2102710,Henderson County,40520000,7295,False
1999,2102760,Henry County,12129000,2156,False
1999,2102790,Hickman County,5655000,851,False
1999,2102860,Hopkins County,39942000,7131,False
1999,2102910,Jackson Independent,2338000,438,False
1999,2102940,Jackson County,15481000,2411,False
1999,2102990,Jefferson County,657495000,97053,False
1999,2103000,Jenkins Independent,3963000,547,False
1999,2103030,Jessamine County,35197000,6646,False
1999,2103060,Johnson County,22225000,3811,False
1999,2103090,Kenton County,62260000,12066,False
1999,2103120,Knott County,20433000,3248,False
1999,2103150,Knox County,28937000,4971,False
1999,2103180,LaRue County,13590000,2418,False
1999,2103210,Laurel County,46598000,8437,False
1999,2103240,Lawrence County,16302000,2889,False
1999,2103270,Lee County,8579000,1349,False
1999,2103330,Leslie County,15563000,2408,False
1999,2103360,Letcher County,23617000,3884,False
1999,2103390,Lewis County,14093000,2525,False
1999,2103480,Lincoln County,25267000,4150,False
1999,2103510,Livingston County,8363000,1515,False
1999,2103540,Logan County,17035000,3341,False
1999,2103630,Ludlow Independent,6093000,1037,False
1999,2103690,Lyon County,5231000,1011,False
1999,2103720,Madison County,49311000,9192,False
1999,2103750,Magoffin County,15957000,2606,False
1999,2103780,Marion County,17706000,3023,False
1999,2103810,Marshall County,25014000,4851,False
1999,2103840,Martin County,16870000,2650,False
1999,2103870,Mason County,16858000,2751,False
1999,2103900,Mayfield Independent,9159000,1428,False
1999,2103960,McCracken County,39323000,6944,False
1999,2103990,McCreary County,20655000,3332,False
1999,2104020,McLean County,9001000,1697,False
1999,2104050,Meade County,23083000,4717,False
1999,2104080,Menifee County,7031000,1107,False
1999,2104110,Mercer County,10876000,2184,False
1999,2104140,Metcalfe County,9625000,1614,False
1999,2104170,Middlesboro Independent,10017000,1855,False
1999,2104200,Monroe County,12069000,2074,False
1999,2104250,Montgomery County,22723000,4016,False
1999,2104260,MONTICELLO INDEPENDENT,4662000,874,False
1999,2104290,Morgan County,14331000,2344,False
1999,2104380,Murray Independent,12144000,1423,False
1999,2104410,Nelson County,24432000,4520,False
1999,2104440,Newport Independent,18085000,2714,False
1999,2104470,Nicholas County,6943000,1182,False
1999,2104500,Ohio County,22225000,3946,False
1999,2104530,Oldham County,45458000,8484,False
1999,2104560,Owen County,9696000,1907,False
1999,2104590,Owensboro Independent,29643000,4312,False
1999,2104620,Owsley County,6656000,914,False
1999,2104650,Paducah Independent,24424000,3263,False
1999,2104680,Paintsville Independent,4453000,766,False
1999,2104710,Paris Independent,5071000,709,False
1999,2104740,Pendleton County,14935000,3048,False
1999,2104770,Perry County,30025000,4996,False
1999,2104800,Pike County,67198000,10717,False
1999,2104830,Pikeville Independent,7808000,1305,False
1999,2104860,Pineville Independent,3828000,662,False
1999,2104890,Powell County,15289000,2660,False
1999,2104920,PROVIDENCE INDEPENDENT,3076000,477,False
1999,2104950,Pulaski County,42970000,7691,False
1999,2104980,Raceland-Worthington Independent,4970000,966,False
1999,2105040,Robertson County,2339000,380,False
1999,2105070,Rockcastle County,17205000,3038,False
1999,2105100,Rowan County,19483000,3152,False
1999,2105130,Russell Independent,11546000,2130,False
1999,2105160,Russell County,15336000,2770,False
1999,2105190,Russellville Independent,8369000,1406,False
1999,2105220,Science Hill Independent,2222000,446,False
1999,2105260,Scott County,34144000,5770,False
1999,2105320,Shelby County,25480000,5019,False
1999,2105370,Silver Grove Independent,1890000,293,False
1999,2105400,Simpson County,15647000,2954,False
1999,2105430,Somerset Independent,9180000,1623,False
1999,2105460,Southgate Independent,1191000,211,False
1999,2105490,Spencer County,11253000,2071,False
1999,2105520,Taylor County,13726000,2540,False
1999,2105550,Todd County,10847000,2099,False
1999,2105580,Trigg County,11265000,2036,False
1999,2105610,Trimble County,7510000,1429,False
1999,2105640,Union County,16328000,2520,False
1999,2105700,Walton-Verona Independent,6307000,1017,False
1999,2105730,Warren County,56875000,10874,False
1999,2105760,Washington County,10028000,1831,False
1999,2105790,Wayne County,16873000,2729,False
1999,2105820,Webster County,11093000,1987,False
1999,2105850,West Point Independent,1172000,183,False
1999,2105880,Whitley County,26866000,4603,False
1999,2105910,Williamsburg Independent,4763000,832,False
1999,2105940,Williamstown Independent,4391000,751,False
1999,2105970,Wolfe County,9736000,1353,False
1999,2106000,Woodford County,20030000,3863,False
2000,2100030,Adair County,16208000,2621,False
2000,2100070,Allen County,16133000,2991,False
2000,2100081,Muhlenberg County,33565000,5166,False
2000,2100090,Anchorage Independent,4304000,439,False
2000,2100120,Anderson County,18405000,3737,False
2000,2100150,Ashland Independent,21784000,3339,False
2000,2100180,Augusta Independent,1726000,299,False
2000,2100210,Ballard County,8894000,1503,False
2000,2100240,Barbourville Independent,3701000,689,False
2000,2100270,Bardstown Independent,12036000,1909,False
2000,2100300,Barren County,23965000,3937,False
2000,2100330,Bath County,11981000,1891,False
2000,2100360,Beechwood Independent,5964000,1012,False
2000,2100390,Bell County,20738000,3228,False
2000,2100420,Bellevue Independent,5957000,970,False
2000,2100480,Berea Independent,6549000,1084,False
2000,2100510,Boone County,75655000,13445,False
2000,2100540,Bourbon County,17326000,2811,False
2000,2100570,Bowling Green Independent,23103000,3469,False
2000,2100620,Boyd County,24125000,3462,False
2000,2100630,Boyle County,16841000,2810,False
2000,2100660,Bracken County,6326000,1236,False
2000,2100690,Breathitt County,17853000,2420,False
2000,2100720,Breckinridge County,17535000,2726,False
2000,2100750,Bullitt County,59737000,10851,False
2000,2100780,Burgin Independent,2169000,403,False
2000,2100810,Butler County,14193000,2300,False
2000,2100840,Caldwell County,12188000,2070,False
2000,2100870,Calloway County,19480000,3188,False
2000,2100900,Campbell County,27584000,4744,False
2000,2100930,Campbellsville Independent,9084000,1282,False
2000,2100960,Carlisle County,5405000,894,False
2000,2100990,Carroll County,13281000,1769,False
2000,2101020,Carter County,29459000,4753,False
2000,2101050,Casey County,14714000,2383,False
2000,2101110,Caverna Independent,5617000,842,False
2000,2101150,Christian County,59432000,9276,False
2000,2101200,Clark County,30584000,5251,False
2000,2101230,Clay County,29417000,4208,False
2000,2101260,Clinton County,11995000,1556,False
2000,2101290,Cloverport Independent,2280000,312,False
2000,2101320,Corbin Independent,13014000,2051,False
2000,2101350,Covington Independent,39792000,4931,False
2000,2101380,Crittenden County,9109000,1431,False
2000,2101410,Cumberland County,7879000,1166,False
2000,2101440,Danville Independent,12845000,1878,False
2000,2101470,Daviess County,60634000,10332,False
2000,2101500,Dawson Springs Independent,4143000,758,False
2000,2101530,Dayton Independent,8268000,1182,False
2000,2101590,East Bernstadt Independent,2857000,539,False
2000,2101620,Edmonson County,11801000,1969,False
2000,2101650,Elizabethtown Independent,12345000,2210,False
2000,2101680,Elliott County,8067000,1204,False
2000,2101710,Eminence Independent,3601000,365,False
2000,2101740,Erlanger-Elsmere Independent,13224000,2195,False
2000,2101760,Estill County,15836000,2679,False
2000,2101800,Fairview Independent,4083000,682,False
2000,2101860,Fayette County,228033000,33130,False
2000,2101920,Fleming County,15606000,2427,False
2000,2101950,Floyd County,45658000,7237,False
2000,2101980,Frankfort Independent,6826000,982,False
2000,2102010,Franklin County,33640000,5910,False
2000,2102040,Fort Thomas Independent,13540000,2361,False
2000,2102070,Fulton Independent,4057000,514,False
2000,2102100,Fulton County,5554000,802,False
2000,2102130,Gallatin County,8243000,1508,False
2000,2102160,Garrard County,14025000,2470,False
2000,2102220,Glasgow Independent,12500000,2044,False
2000,2102250,Grant County,18942000,3673,False
2000,2102280,Graves County,23408000,4437,False
2000,2102300,Grayson County,22740000,4141,False
2000,2102340,Green County,10070000,1680,False
2000,2102400,Greenup County,18863000,3096,False
2000,2102460,Hancock County,9904000,1557,False
2000,2102490,Hardin County,76336000,13171,False
2000,2102520,Harlan Independent,5547000,932,False
2000,2102540,Harlan County,32725000,5235,False
2000,2102580,Harrison County,18854000,3180,False
2000,2102610,HARRODSBURG INDEPENDENT,6472000,989,False
2000,2102640,Hart County,15055000,2377,False
2000,2102670,Hazard Independent,6470000,1074,False
2000,2102710,Henderson County,42295000,7118,False
2000,2102760,Henry County,12838000,2180,False
2000,2102790,Hickman County,5511000,845,False
2000,2102860,Hopkins County,42478000,7080,False
2000,2102910,Jackson Independent,2514000,482,False
2000,2102940,Jackson County,16551000,2369,False
2000,2102990,Jefferson County,684508000,96860,False
2000,2103000,Jenkins Independent,4082000,528,False
2000,2103030,Jessamine County,38467000,6680,False
2000,2103060,Johnson County,23457000,3761,False
2000,2103090,Kenton County,68834000,12254,False
2000,2103120,Knott County,20120000,3085,False
2000,2103150,Knox County,30259000,4941,False
2000,2103180,LaRue County,14322000,2332,False
2000,2103210,Laurel County,49539000,8432,False
2000,2103240,Lawrence County,17097000,2818,False
2000,2103270,Lee County,8896000,1351,False
2000,2103330,Leslie County,15574000,2371,False
2000,2103360,Letcher County,25795000,3761,False
2000,2103390,Lewis County,15436000,2501,False
2000,2103480,Lincoln County,26378000,4186,False
2000,2103510,Livingston County,8833000,1463,False
2000,2103540,Logan County,18700000,3336,False
2000,2103630,Ludlow Independent,6273000,1069,False
2000,2103690,Lyon County,5887000,1069,False
2000,2103720,Madison County,52319000,9258,False
2000,2103750,Magoffin County,16833000,2511,False
2000,2103780,Marion County,18724000,3051,False
2000,2103810,Marshall County,26382000,4836,False
2000,2103840,Martin County,17911000,2221,False
2000,2103870,Mason County,16739000,2742,False
2000,2103900,Mayfield Independent,9814000,1449,False
2000,2103960,McCracken County,42771000,6742,False
2000,2103990,McCreary County,21766000,3485,False
2000,2104020,McLean County,9760000,1628,False
2000,2104050,Meade County,24516000,4642,False
2000,2104080,Menifee County,7609000,1141,False
2000,2104110,Mercer County,11716000,2214,False
2000,2104140,Metcalfe County,10866000,1580,False
2000,2104170,Middlesboro Independent,10896000,1814,False
2000,2104200,Monroe County,12411000,2043,False
2000,2104250,Montgomery County,24060000,4106,False
2000,2104260,MONTICELLO INDEPENDENT,4996000,862,False
2000,2104290,Morgan County,14868000,2235,False
2000,2104380,Murray Independent,8377000,1549,False
2000,2104410,Nelson County,25967000,4265,False
2000,2104440,Newport Independent,18778000,2666,False
2000,2104470,Nicholas County,7083000,1181,False
2000,2104500,Ohio County,23519000,4085,False
2000,2104530,Oldham County,49238000,8783,False
2000,2104560,Owen County,10658000,1936,False
2000,2104590,Owensboro Independent,32386000,4170,False
2000,2104620,Owsley County,7103000,915,False
2000,2104650,Paducah Independent,25206000,3169,False
2000,2104680,Paintsville Independent,4826000,711,False
2000,2104710,Paris Independent,4938000,685,False
2000,2104740,Pendleton County,16353000,3020,False
2000,2104770,Perry County,32541000,4972,False
2000,2104800,Pike County,68116000,10457,False
2000,2104830,Pikeville Independent,8322000,1211,False
2000,2104860,Pineville Independent,3781000,613,False
2000,2104890,Powell County,16335000,2606,False
2000,2104920,PROVIDENCE INDEPENDENT,3083000,464,False
2000,2104950,Pulaski County,46188000,7688,False
2000,2104980,Raceland-Worthington Independent,5454000,988,False
2000,2105040,Robertson County,2410000,380,False
2000,2105070,Rockcastle County,18348000,2955,False
2000,2105100,Rowan County,19692000,3071,False
2000,2105130,Russell Independent,11876000,2152,False
2000,2105160,Russell County,16838000,2767,False
2000,2105190,Russellville Independent,8625000,1351,False
2000,2105220,Science Hill Independent,2339000,474,False
2000,2105260,Scott County,35721000,5934,False
2000,2105320,Shelby County,28796000,5142,False
2000,2105370,Silver Grove Independent,2214000,298,False
2000,2105400,Simpson County,16841000,3029,False
2000,2105430,Somerset Independent,9066000,1605,False
2000,2105460,Southgate Independent,1214000,221,False
2000,2105490,Spencer County,12765000,2155,False
2000,2105520,Taylor County,15012000,2569,False
2000,2105550,Todd County,12383000,2106,False
2000,2105580,Trigg County,11940000,2077,False
2000,2105610,Trimble County,8416000,1509,False
2000,2105640,Union County,17231000,2523,False
2000,2105700,Walton-Verona Independent,7500000,998,False
2000,2105730,Warren County,59541000,11044,False
2000,2105760,Washington County,10716000,1867,False
2000,2105790,Wayne County,18121000,2682,False
2000,2105820,Webster County,11471000,1973,False
2000,2105850,West Point Independent,1252000,142,False
2000,2105880,Whitley County,29256000,4721,False
2000,2105910,Williamsburg Independent,4774000,776,False
2000,2105940,Williamstown Independent,4912000,711,False
2000,2105970,Wolfe County,10293000,1334,False
2000,2106000,Woodford County,20934000,3823,False
2001,2100030,Adair County,17495000,2718,False
2001,2100070,Allen County,16205000,3054,False
2001,2100081,Muhlenberg County,33689000,5012,False
2001,2100090,Anchorage Independent,4269000,437,False
2001,2100120,Anderson County,19468000,3830,False
2001,2100150,Ashland Independent,22027000,3391,False
2001,2100180,Augusta Independent,1767000,286,False
2001,2100210,Ballard County,9278000,1499,False
2001,2100240,Barbourville Independent,3892000,718,False
2001,2100270,Bardstown Independent,13507000,2063,False
2001,2100300,Barren County,25731000,4103,False
2001,2100330,Bath County,12690000,2103,False
2001,2100360,Beechwood Independent,5952000,1015,False
2001,2100390,Bell County,22248000,3310,False
2001,2100420,Bellevue Independent,6040000,977,False
2001,2100480,Berea Independent,6955000,1092,False
2001,2100510,Boone County,81014000,13883,False
2001,2100540,Bourbon County,18731000,2956,False
2001,2100570,Bowling Green Independent,24866000,3622,False
2001,2100620,Boyd County,25167000,3680,False
2001,2100630,Boyle County,17993000,2831,False
2001,2100660,Bracken County,6648000,1281,False
2001,2100690,Breathitt County,17414000,2433,False
2001,2100720,Breckinridge County,17833000,2838,False
2001,2100750,Bullitt County,60416000,11132,False
2001,2100780,Burgin Independent,2225000,399,False
2001,2100810,Butler County,14995000,2306,False
2001,2100840,Caldwell County,12549000,2075,False
2001,2100870,Calloway County,19819000,3162,False
2001,2100900,Campbell County,29267000,4705,False
2001,2100930,Campbellsville Independent,9456000,1320,False
2001,2100960,Carlisle County,5312000,932,False
2001,2100990,Carroll County,13394000,2016,False
2001,2101020,Carter County,30027000,4997,False
2001,2101050,Casey County,15494000,2486,False
2001,2101110,Caverna Independent,5443000,802,False
2001,2101150,Christian County,59096000,9551,False
2001,2101200,Clark County,31595000,5467,False
2001,2101230,Clay County,30660000,4358,False
2001,2101260,Clinton County,11984000,1632,False
2001,2101290,Cloverport Independent,2344000,322,False
2001,2101320,Corbin Independent,13323000,2099,False
2001,2101350,Covington Independent,42208000,4542,False
2001,2101380,Crittenden County,8741000,1440,False
2001,2101410,Cumberland County,8128000,1242,False
2001,2101440,Danville Independent,14089000,1916,False
2001,2101470,Daviess County,64334000,10613,False
2001,2101500,Dawson Springs Independent,4402000,778,False
2001,2101530,Dayton Independent,8090000,1121,False
2001,2101590,East Bernstadt Independent,3100000,516,False
2001,2101620,Edmonson County,12750000,2049,False
2001,2101650,Elizabethtown Independent,13080000,2276,False
2001,2101680,Elliott County,8463000,1250,False
2001,2101710,Eminence Independent,3589000,547,False
2001,2101740,Erlanger-Elsmere Independent,12624000,2180,False
2001,2101760,Estill County,16771000,2737,False
2001,2101800,Fairview Independent,3962000,658,False
2001,2101860,Fayette County,240242000,33799,False
2001,2101920,Fleming County,15337000,2591,False
2001,2101950,Floyd County,47317000,7323,False
2001,2101980,Frankfort Independent,7629000,1032,False
2001,2102010,Franklin County,34565000,5922,False
2001,2102040,Fort Thomas Independent,14612000,2348,False
2001,2102070,Fulton Independent,4028000,568,False
2001,2102100,Fulton County,5938000,842,False
2001,2102130,Gallatin County,9041000,1521,False
2001,2102160,Garrard County,14833000,2565,False
2001,2102220,Glasgow Independent,12807000,2066,False
2001,2102250,Grant County,20188000,3785,False
2001,2102280,Graves County,24863000,4527,False
2001,2102300,Grayson County,23908000,4303,False
2001,2102340,Green County,10287000,1776,False
2001,2102400,Greenup County,19147000,3230,False
2001,2102460,Hancock County,10285000,1643,False
2001,2102490,Hardin County,80418000,13288,False
2001,2102520,Harlan Independent,5456000,942,False
2001,2102540,Harlan County,32681000,5367,False
2001,2102580,Harrison County,19258000,3306,False
2001,2102610,HARRODSBURG INDEPENDENT,6533000,1024,False
2001,2102640,Hart County,15478000,2456,False
2001,2102670,Hazard Independent,6482000,1079,False
2001,2102710,Henderson County,42715000,7119,False
2001,2102760,Henry County,13908000,2174,False
2001,2102790,Hickman County,5670000,803,False
2001,2102860,Hopkins County,43839000,7323,False
2001,2102910,Jackson Independent,3072000,518,False
2001,2102940,Jackson County,16723000,2477,False
2001,2102990,Jefferson County,747596000,93516,False
2001,2103000,Jenkins Independent,4060000,639,False
2001,2103030,Jessamine County,40654000,6888,False
2001,2103060,Johnson County,24326000,3817,False
2001,2103090,Kenton County,74240000,12515,False
2001,2103120,Knott County,20824000,3129,False
2001,2103150,Knox County,31301000,5144,False
2001,2103180,LaRue County,15214000,2420,False
2001,2103210,Laurel County,50685000,8772,False
2001,2103240,Lawrence County,17449000,2745,False
2001,2103270,Lee County,9436000,1384,False
2001,2103330,Leslie County,16125000,2403,False
2001,2103360,Letcher County,26316000,3789,False
2001,2103390,Lewis County,15883000,2610,False
2001,2103480,Lincoln County,29395000,4345,False
2001,2103510,Livingston County,8972000,1485,False
2001,2103540,Logan County,19481000,3362,False
2001,2103630,Ludlow Independent,6214000,1081,False
2001,2103690,Lyon County,6027000,1041,False
2001,2103720,Madison County,54419000,9531,False
2001,2103750,Magoffin County,17795000,2613,False
2001,2103780,Marion County,19596000,3139,False
2001,2103810,Marshall County,27605000,4889,False
2001,2103840,Martin County,18409000,2474,False
2001,2103870,Mason County,16750000,2921,False
2001,2103900,Mayfield Independent,10196000,1589,False
2001,2103960,McCracken County,42351000,6848,False
2001,2103990,McCreary County,23637000,3488,False
2001,2104020,McLean County,9822000,1682,False
2001,2104050,Meade County,25845000,4653,False
2001,2104080,Menifee County,7579000,1173,False
2001,2104110,Mercer County,12253000,2149,False
2001,2104140,Metcalfe County,11071000,1645,False
2001,2104170,Middlesboro Independent,10630000,1840,False
2001,2104200,Monroe County,13014000,2099,False
2001,2104250,Montgomery County,25671000,4082,False
2001,2104260,MONTICELLO INDEPENDENT,5616000,885,False
2001,2104290,Morgan County,15552000,2361,False
2001,2104380,Murray Independent,9875000,1698,False
2001,2104410,Nelson County,27598000,4335,False
2001,2104440,Newport Independent,19770000,2773,False
2001,2104470,Nicholas County,7133000,1183,False
2001,2104500,Ohio County,24495000,4190,False
2001,2104530,Oldham County,53423000,9297,False
2001,2104560,Owen County,11163000,1943,False
2001,2104590,Owensboro Independent,33790000,4289,False
2001,2104620,Owsley County,7825000,993,False
2001,2104650,Paducah Independent,25795000,3276,False
2001,2104680,Paintsville Independent,5149000,744,False
2001,2104710,Paris Independent,5024000,700,False
2001,2104740,Pendleton County,16988000,3012,False
2001,2104770,Perry County,32431000,4929,False
2001,2104800,Pike County,70204000,10857,False
2001,2104830,Pikeville Independent,8641000,1304,False
2001,2104860,Pineville Independent,3953000,611,False
2001,2104890,Powell County,16697000,2692,False
2001,2104920,PROVIDENCE INDEPENDENT,3053000,461,False
2001,2104950,Pulaski County,47901000,7814,False
2001,2104980,Raceland-Worthington Independent,5645000,982,False
2001,2105040,Robertson County,2486000,427,False
2001,2105070,Rockcastle County,19238000,3018,False
2001,2105100,Rowan County,19816000,3120,False
2001,2105130,Russell Independent,12559000,2147,False
2001,2105160,Russell County,18273000,2821,False
2001,2105190,Russellville Independent,9095000,1376,False
2001,2105220,Science Hill Independent,2583000,493,False
2001,2105260,Scott County,37758000,6227,False
2001,2105320,Shelby County,30704000,5384,False
2001,2105370,Silver Grove Independent,2187000,313,False
2001,2105400,Simpson County,17951000,3041,False
2001,2105430,Somerset Independent,9316000,1601,False
2001,2105460,Southgate Independent,1284000,195,False
2001,2105490,Spencer County,14004000,2361,False
2001,2105520,Taylor County,15610000,2643,False
2001,2105550,Todd County,12872000,2158,False
2001,2105580,Trigg County,12530000,2084,False
2001,2105610,Trimble County,9275000,1614,False
2001,2105640,Union County,17341000,2554,False
2001,2105700,Walton-Verona Independent,7117000,1078,False
2001,2105730,Warren County,63292000,11354,False
2001,2105760,Washington County,11230000,1935,False
2001,2105790,Wayne County,17795000,2719,False
2001,2105820,Webster County,11425000,2039,False
2001,2105850,West Point Independent,1314000,208,False
2001,2105880,Whitley County,31301000,4861,False
2001,2105910,Williamsburg Independent,5123000,846,False
2001,2105940,Williamstown Independent,5170000,778,False
2001,2105970,Wolfe County,10181000,1412,False
2001,2106000,Woodford County,21568000,3852,False
2002,2100030,Adair County,18285000,2752,False
2002,2100070,Allen County,16764000,3085,False
2002,2100081,Muhlenberg County,34794000,5316,False
2002,2100090,Anchorage Independent,4452000,452,False
2002,2100120,Anderson County,20810000,3938,False
2002,2100150,Ashland Independent,22150000,3354,False
2002,2100180,Augusta Independent,1866000,273,False
2002,2100210,Ballard County,8828000,1509,False
2002,2100240,Barbourville Independent,4424000,716,False
2002,2100270,Bardstown Independent,13901000,2094,False
2002,2100300,Barren County,26978000,4144,False
2002,2100330,Bath County,12568000,2059,False
2002,2100360,Beechwood Independent,6134000,997,False
2002,2100390,Bell County,22757000,3311,False
2002,2100420,Bellevue Independent,5903000,960,False
2002,2100480,Berea Independent,7405000,1113,False
2002,2100510,Boone County,85277000,14650,False
2002,2100540,Bourbon County,19649000,2919,False
2002,2100570,Bowling Green Independent,29497000,3633,False
2002,2100620,Boyd County,27362000,3749,False
2002,2100630,Boyle County,20738000,2886,False
2002,2100660,Bracken County,6820000,1294,False
2002,2100690,Breathitt County,17354000,2386,False
2002,2100720,Breckinridge County,18042000,2816,False
2002,2100750,Bullitt County,63398000,11451,False
2002,2100780,Burgin Independent,2415000,451,False
2002,2100810,Butler County,14555000,2263,False
2002,2100840,Caldwell County,12811000,2120,False
2002,2100870,Calloway County,20363000,3146,False
2002,2100900,Campbell County,29567000,4741,False
2002,2100930,Campbellsville Independent,9264000,1306,False
2002,2100960,Carlisle County,5733000,881,False
2002,2100990,Carroll County,12871000,1911,False
2002,2101020,Carter County,31285000,5177,False
2002,2101050,Casey County,15912000,2515,False
2002,2101110,Caverna Independent,5419000,806,False
2002,2101150,Christian County,57416000,9609,False
2002,2101200,Clark County,31167000,5457,False
2002,2101230,Clay County,30749000,4247,False
2002,2101260,Clinton County,12115000,1653,False
2002,2101290,Cloverport Independent,2587000,305,False
2002,2101320,Corbin Independent,14811000,2174,False
2002,2101350,Covington Independent,40195000,4733,False
2002,2101380,Crittenden County,8881000,1423,False
2002,2101410,Cumberland County,8357000,1208,False
2002,2101440,Danville Independent,16028000,1876,False
2002,2101470,Daviess County,77654000,10786,False
2002,2101500,Dawson Springs Independent,4522000,749,False
2002,2101530,Dayton Independent,7125000,1141,False
2002,2101590,East Bernstadt Independent,3321000,496,False
2002,2101620,Edmonson County,13991000,2103,False
2002,2101650,Elizabethtown Independent,15543000,2345,False
2002,2101680,Elliott County,9016000,1261,False
2002,2101710,Eminence Independent,3776000,590,False
2002,2101740,Erlanger-Elsmere Independent,13131000,2239,False
2002,2101760,Estill County,17094000,2703,False
2002,2101800,Fairview Independent,4742000,702,False
2002,2101860,Fayette County,248803000,34296,False
2002,2101920,Fleming County,15716000,2473,False
2002,2101950,Floyd County,47358000,7149,False
2002,2101980,Frankfort Independent,8387000,939,False
2002,2102010,Franklin County,35900000,6025,False
2002,2102040,Fort Thomas Independent,15269000,2301,False
2002,2102070,Fulton Independent,4151000,585,False
2002,2102100,Fulton County,6302000,787,False
2002,2102130,Gallatin County,9165000,1440,False
2002,2102160,Garrard County,15753000,2634,False
2002,2102220,Glasgow Independent,13208000,2029,False
2002,2102250,Grant County,21613000,3887,False
2002,2102280,Graves County,26320000,4704,False
2002,2102300,Grayson County,25113000,4317,False
2002,2102340,Green County,10662000,1702,False
2002,2102400,Greenup County,20721000,3236,False
2002,2102460,Hancock County,10476000,1605,False
2002,2102490,Hardin County,83108000,13391,False
2002,2102520,Harlan Independent,5728000,902,False
2002,2102540,Harlan County,34499000,5284,False
2002,2102580,Harrison County,19284000,3316,False
2002,2102610,HARRODSBURG INDEPENDENT,7096000,1025,False
2002,2102640,Hart County,17690000,2507,False
2002,2102670,Hazard Independent,6390000,962,False
2002,2102710,Henderson County,44814000,7122,False
2002,2102760,Henry County,13198000,2213,False
2002,2102790,Hickman County,5297000,845,False
2002,2102860,Hopkins County,45712000,7455,False
2002,2102910,Jackson Independent,3607000,609,False
2002,2102940,Jackson County,17534000,2435,False
2002,2102990,Jefferson County,732984000,95651,False
2002,2103000,Jenkins Independent,3974000,566,False
2002,2103030,Jessamine County,42917000,7056,False
2002,2103060,Johnson County,24141000,3786,False
2002,2103090,Kenton County,73994000,12668,False
2002,2103120,Knott County,22420000,2928,False
2002,2103150,Knox County,36768000,5198,False
2002,2103180,LaRue County,14828000,2411,False
2002,2103210,Laurel County,52202000,8884,False
2002,2103240,Lawrence County,18035000,2744,False
2002,2103270,Lee County,9841000,1358,False
2002,2103330,Leslie County,16412000,2260,False
2002,2103360,Letcher County,25859000,3512,False
2002,2103390,Lewis County,16772000,2517,False
2002,2103480,Lincoln County,34170000,4419,False
2002,2103510,Livingston County,9227000,1441,False
2002,2103540,Logan County,23755000,3467,False
2002,2103630,Ludlow Independent,6125000,1050,False
2002,2103690,Lyon County,6129000,1066,False
2002,2103720,Madison County,57910000,9744,False
2002,2103750,Magoffin County,18285000,2557,False
2002,2103780,Marion County,20096000,3032,False
2002,2103810,Marshall County,29078000,4823,False
2002,2103840,Martin County,18683000,2535,False
2002,2103870,Mason County,17471000,2806,False
2002,2103900,Mayfield Independent,10234000,1556,False
2002,2103960,McCracken County,42136000,6930,False
2002,2103990,McCreary County,25003000,3446,False
2002,2104020,McLean County,10162000,1697,False
2002,2104050,Meade County,26976000,4674,False
2002,2104080,Menifee County,7913000,1195,False
2002,2104110,Mercer County,12918000,2274,False
2002,2104140,Metcalfe County,11950000,1673,False
2002,2104170,Middlesboro Independent,11524000,1868,False
2002,2104200,Monroe County,13751000,2088,False
2002,2104250,Montgomery County,25993000,4355,False
2002,2104260,MONTICELLO INDEPENDENT,5545000,871,False
2002,2104290,Morgan County,15601000,2489,False
2002,2104380,Murray Independent,9540000,1721,False
2002,2104410,Nelson County,28427000,4850,False
2002,2104440,Newport Independent,20041000,2554,False
2002,2104470,Nicholas County,7237000,1237,False
2002,2104500,Ohio County,29482000,4136,False
2002,2104530,Oldham County,57110000,9689,False
2002,2104560,Owen County,11740000,1976,False
2002,2104590,Owensboro Independent,34000000,4292,False
2002,2104620,Owsley County,8258000,954,False
2002,2104650,Paducah Independent,25647000,3289,False
2002,2104680,Paintsville Independent,5340000,832,False
2002,2104710,Paris Independent,5235000,761,False
2002,2104740,Pendleton County,17004000,2988,False
2002,2104770,Perry County,33418000,4851,False
2002,2104800,Pike County,72697000,10625,False
2002,2104830,Pikeville Independent,8794000,1296,False
2002,2104860,Pineville Independent,3981000,643,False
2002,2104890,Powell County,17092000,2662,False
2002,2104920,PROVIDENCE INDEPENDENT,3393000,444,False
2002,2104950,Pulaski County,56578000,7923,False
2002,2104980,Raceland-Worthington Independent,5600000,1022,False
2002,2105040,Robertson County,2705000,393,False
2002,2105070,Rockcastle County,19786000,3038,False
2002,2105100,Rowan County,20428000,3148,False
2002,2105130,Russell Independent,12555000,2152,False
2002,2105160,Russell County,21866000,2867,False
2002,2105190,Russellville Independent,9067000,1348,False
2002,2105220,Science Hill Independent,2700000,504,False
2002,2105260,Scott County,39687000,6344,False
2002,2105320,Shelby County,32714000,5509,False
2002,2105370,Silver Grove Independent,2211000,336,False
2002,2105400,Simpson County,18912000,3070,False
2002,2105430,Somerset Independent,9286000,1568,False
2002,2105460,Southgate Independent,1391000,206,False
2002,2105490,Spencer County,14642000,2401,False
2002,2105520,Taylor County,15839000,2701,False
2002,2105550,Todd County,14679000,2168,False
2002,2105580,Trigg County,13248000,2129,False
2002,2105610,Trimble County,9827000,1611,False
2002,2105640,Union County,17125000,2556,False
2002,2105700,Walton-Verona Independent,7604000,1105,False
2002,2105730,Warren County,65193000,11592,False
2002,2105760,Washington County,11883000,1922,False
2002,2105790,Wayne County,18200000,2837,False
2002,2105820,Webster County,11595000,2051,False
2002,2105850,West Point Independent,1428000,168,False
2002,2105880,Whitley County,34282000,4706,False
2002,2105910,Williamsburg Independent,5175000,819,False
2002,2105940,Williamstown Independent,5791000,814,False
2002,2105970,Wolfe County,9807000,1401,False
2002,2106000,Woodford County,22852000,3829,False
2003,2100030,Adair County,19024000,2743,False
2003,2100070,Allen County,18141000,3065,False
2003,2100081,Muhlenberg County,36749000,5376,False
2003,2100090,Anchorage Independent,4281000,450,False
2003,2100120,Anderson County,22250000,3987,False
2003,2100150,Ashland Independent,22807000,3402,False
2003,2100180,Augusta Independent,2308000,295,False
2003,2100210,Ballard County,9915000,1537,False
2003,2100240,Barbourville Independent,4622000,662,False
2003,2100270,Bardstown Independent,14850000,2110,False
2003,2100300,Barren County,28410000,4204,False
2003,2100330,Bath County,12561000,2017,False
2003,2100360,Beechwood Independent,6528000,1071,False
2003,2100390,Bell County,23838000,3188,False
2003,2100420,Bellevue Independent,5841000,943,False
2003,2100480,Berea Independent,7625000,1107,False
2003,2100510,Boone County,91224000,15406,False
2003,2100540,Bourbon County,19379000,2946,False
2003,2100570,Bowling Green Independent,27290000,3664,False
2003,2100620,Boyd County,26717000,3627,False
2003,2100630,Boyle County,19939000,2881,False
2003,2100660,Bracken County,7528000,1277,False
2003,2100690,Breathitt County,17834000,2321,False
2003,2100720,Breckinridge County,18664000,2769,False
2003,2100750,Bullitt County,65856000,11538,False
2003,2100780,Burgin Independent,2586000,454,False
2003,2100810,Butler County,14332000,2255,False
2003,2100840,Caldwell County,13978000,2092,False
2003,2100870,Calloway County,21251000,3043,False
2003,2100900,Campbell County,31398000,4688,False
2003,2100930,Campbellsville Independent,9953000,1261,False
2003,2100960,Carlisle County,5713000,894,False
2003,2100990,Carroll County,13681000,1934,False
2003,2101020,Carter County,34397000,5101,False
2003,2101050,Casey County,16872000,2489,False
2003,2101110,Caverna Independent,5394000,834,False
2003,2101150,Christian County,59030000,9474,False
2003,2101200,Clark County,33994000,5507,False
2003,2101230,Clay County,32208000,4230,False
2003,2101260,Clinton County,12619000,1708,False
2003,2101290,Cloverport Independent,2834000,329,False
2003,2101320,Corbin Independent,14498000,2221,False
2003,2101350,Covington Independent,39091000,4507,False
2003,2101380,Crittenden County,9352000,1398,False
2003,2101410,Cumberland County,8345000,1195,False
2003,2101440,Danville Independent,14948000,1851,False
2003,2101470,Daviess County,73443000,11084,False
2003,2101500,Dawson Springs Independent,4966000,732,False
2003,2101530,Dayton Independent,7416000,1146,False
2003,2101590,East Bernstadt Independent,3331000,524,False
2003,2101620,Edmonson County,14649000,2156,False
2003,2101650,Elizabethtown Independent,14462000,2310,False
2003,2101680,Elliott County,9930000,1226,False
2003,2101710,Eminence Independent,4180000,625,False
2003,2101740,Erlanger-Elsmere Independent,14088000,2240,False
2003,2101760,Estill County,17839000,2592,False
2003,2101800,Fairview Independent,4630000,716,False
2003,2101860,Fayette County,261805000,34259,False
2003,2101920,Fleming County,16457000,2687,False
2003,2101950,Floyd County,49996000,7080,False
2003,2101980,Frankfort Independent,7648000,949,False
2003,2102010,Franklin County,36863000,6026,False
2003,2102040,Fort Thomas Independent,16163000,2328,False
2003,2102070,Fulton Independent,4480000,529,False
2003,2102100,Fulton County,6946000,768,False
2003,2102130,Gallatin County,10303000,1621,False
2003,2102160,Garrard County,17318000,2572,False
2003,2102220,Glasgow Independent,13539000,2051,False
2003,2102250,Grant County,22826000,3840,False
2003,2102280,Graves County,27615000,4642,False
2003,2102300,Grayson County,26016000,4376,False
2003,2102340,Green County,11442000,1732,False
2003,2102400,Greenup County,21647000,3261,False
2003,2102460,Hancock County,11693000,1623,False
2003,2102490,Hardin County,87977000,13466,False
2003,2102520,Harlan Independent,6001000,949,False
2003,2102540,Harlan County,34903000,5014,False
2003,2102580,Harrison County,17869000,3277,False
2003,2102610,HARRODSBURG INDEPENDENT,7603000,1018,False
2003,2102640,Hart County,16300000,2519,False
2003,2102670,Hazard Independent,6180000,918,False
2003,2102710,Henderson County,47630000,7037,False
2003,2102760,Henry County,14053000,2199,False
2003,2102790,Hickman County,5832000,843,False
2003,2102860,Hopkins County,49093000,7405,False
2003,2102910,Jackson Independent,4008000,629,False
2003,2102940,Jackson County,18744000,2444,False
2003,2102990,Jefferson County,802886000,95582,False
2003,2103000,Jenkins Independent,4317000,613,False
2003,2103030,Jessamine County,45560000,7150,False
2003,2103060,Johnson County,24705000,3825,False
2003,2103090,Kenton County,76358000,12752,False
2003,2103120,Knott County,21740000,3016,False
2003,2103150,Knox County,34139000,5197,False
2003,2103180,LaRue County,15295000,2411,False
2003,2103210,Laurel County,54241000,9022,False
2003,2103240,Lawrence County,18733000,2705,False
2003,2103270,Lee County,10235000,1352,False
2003,2103330,Leslie County,17220000,2250,False
2003,2103360,Letcher County,27192000,3774,False
2003,2103390,Lewis County,18004000,2655,False
2003,2103480,Lincoln County,31977000,4537,False
2003,2103510,Livingston County,10295000,1398,False
2003,2103540,Logan County,22425000,3532,False
2003,2103630,Ludlow Independent,6322000,1012,False
2003,2103690,Lyon County,6650000,1016,False
2003,2103720,Madison County,62509000,10067,False
2003,2103750,Magoffin County,18491000,2542,False
2003,2103780,Marion County,21302000,3182,False
2003,2103810,Marshall County,30482000,4782,False
2003,2103840,Martin County,18510000,2494,False
2003,2103870,Mason County,18227000,2955,False
2003,2103900,Mayfield Independent,11240000,1612,False
2003,2103960,McCracken County,43078000,6902,False
2003,2103990,McCreary County,25143000,3412,False
2003,2104020,McLean County,10945000,1672,False
2003,2104050,Meade County,27924000,4809,False
2003,2104080,Menifee County,8340000,1224,False
2003,2104110,Mercer County,14090000,2318,False
2003,2104140,Metcalfe County,12638000,1709,False
2003,2104170,Middlesboro Independent,12134000,1841,False
2003,2104200,Monroe County,15197000,2090,False
2003,2104250,Montgomery County,27094000,4231,False
2003,2104260,MONTICELLO INDEPENDENT,6071000,877,False
2003,2104290,Morgan County,15915000,2441,False
2003,2104380,Murray Independent,11376000,1799,False
2003,2104410,Nelson County,28422000,4888,False
2003,2104440,Newport Independent,20222000,2560,False
2003,2104470,Nicholas County,7251000,1204,False
2003,2104500,Ohio County,27916000,4188,False
2003,2104530,Oldham County,59664000,10204,False
2003,2104560,Owen County,11535000,1992,False
2003,2104590,Owensboro Independent,33678000,4261,False
2003,2104620,Owsley County,8559000,936,False
2003,2104650,Paducah Independent,27051000,3201,False
2003,2104680,Paintsville Independent,5650000,866,False
2003,2104710,Paris Independent,5245000,753,False
2003,2104740,Pendleton County,18122000,2972,False
2003,2104770,Perry County,33993000,4804,False
2003,2104800,Pike County,72839000,10533,False
2003,2104830,Pikeville Independent,9051000,1286,False
2003,2104860,Pineville Independent,3895000,647,False
2003,2104890,Powell County,17778000,2667,False
2003,2104920,PROVIDENCE INDEPENDENT,3670000,459,False
2003,2104950,Pulaski County,48608000,7961,False
2003,2104980,Raceland-Worthington Independent,6507000,995,False
2003,2105040,Robertson County,2983000,440,False
2003,2105070,Rockcastle County,21225000,3037,False
2003,2105100,Rowan County,21010000,3113,False
2003,2105130,Russell Independent,13768000,2173,False
2003,2105160,Russell County,21003000,2935,False
2003,2105190,Russellville Independent,8487000,1301,False
2003,2105220,Science Hill Independent,2633000,501,False
2003,2105260,Scott County,40401000,7161,False
2003,2105320,Shelby County,35914000,5537,False
2003,2105370,Silver Grove Independent,2375000,333,False
2003,2105400,Simpson County,18705000,3110,False
2003,2105430,Somerset Independent,9946000,1546,False
2003,2105460,Southgate Independent,1308000,183,False
2003,2105490,Spencer County,15124000,2469,False
2003,2105520,Taylor County,16309000,2643,False
2003,2105550,Todd County,13316000,2109,False
2003,2105580,Trigg County,14230000,2135,False
2003,2105610,Trimble County,10205000,1634,False
2003,2105640,Union County,17783000,2459,False
2003,2105700,Walton-Verona Independent,8156000,1175,False
2003,2105730,Warren County,66691000,11710,False
2003,2105760,Washington County,12343000,1925,False
2003,2105790,Wayne County,19124000,2752,False
2003,2105820,Webster County,12168000,1995,False
2003,2105850,West Point Independent,1454000,173,False
2003,2105880,Whitley County,34222000,4821,False
2003,2105910,Williamsburg Independent,5218000,794,False
2003,2105940,Williamstown Independent,6061000,905,False
2003,2105970,Wolfe County,10303000,1385,False
2003,2106000,Woodford County,23490000,3833,False
2004,2100030,Adair County,22126000,2794,False
2004,2100070,Allen County,19773000,3080,False
2004,2100081,Muhlenberg County,37930000,5397,False
2004,2100090,Anchorage Independent,5073000,445,False
2004,2100120,Anderson County,24051000,4054,False
2004,2100150,Ashland Independent,23617000,3354,False
2004,2100180,Augusta Independent,2464000,298,False
2004,2100210,Ballard County,10386000,1516,False
2004,2100240,Barbourville Independent,4679000,672,False
2004,2100270,Bardstown Independent,15996000,2314,False
2004,2100300,Barren County,30926000,4332,False
2004,2100330,Bath County,13405000,2086,False
2004,2100360,Beechwood Independent,6717000,1031,False
2004,2100390,Bell County,25776000,3217,False
2004,2100420,Bellevue Independent,5942000,916,False
2004,2100480,Berea Independent,7790000,1168,False
2004,2100510,Boone County,99619000,16414,False
2004,2100540,Bourbon County,19839000,3017,False
2004,2100570,Bowling Green Independent,27810000,3777,False
2004,2100620,Boyd County,28287000,3613,False
2004,2100630,Boyle County,19787000,2879,False
2004,2100660,Bracken County,7919000,1291,False
2004,2100690,Breathitt County,18911000,2370,False
2004,2100720,Breckinridge County,19426000,2772,False
2004,2100750,Bullitt County,70753000,11849,False
2004,2100780,Burgin Independent,2756000,454,False
2004,2100810,Butler County,15439000,2273,False
2004,2100840,Caldwell County,14653000,2110,False
2004,2100870,Calloway County,24140000,2981,False
2004,2100900,Campbell County,33560000,4743,False
2004,2100930,Campbellsville Independent,10054000,1320,False
2004,2100960,Carlisle County,5869000,883,False
2004,2100990,Carroll County,15049000,1984,False
2004,2101020,Carter County,35793000,5232,False
2004,2101050,Casey County,17471000,2534,False
2004,2101110,Caverna Independent,5863000,839,False
2004,2101150,Christian County,64193000,9542,False
2004,2101200,Clark County,35572000,5598,False
2004,2101230,Clay County,33772000,4180,False
2004,2101260,Clinton County,13450000,1746,False
2004,2101290,Cloverport Independent,2857000,336,False
2004,2101320,Corbin Independent,15436000,2343,False
2004,2101350,Covington Independent,41850000,4464,False
2004,2101380,Crittenden County,9481000,1389,False
2004,2101410,Cumberland County,8673000,1168,False
2004,2101440,Danville Independent,16200000,1904,False
2004,2101470,Daviess County,77616000,11943,False
2004,2101500,Dawson Springs Independent,5097000,747,False
2004,2101530,Dayton Independent,7886000,1145,False
2004,2101590,East Bernstadt Independent,3493000,542,False
2004,2101620,Edmonson County,15979000,2127,False
2004,2101650,Elizabethtown Independent,14920000,2400,False
2004,2101680,Elliott County,9674000,1240,False
2004,2101710,Eminence Independent,4390000,634,False
2004,2101740,Erlanger-Elsmere Independent,15654000,2370,False
2004,2101760,Estill County,18579000,2608,False
2004,2101800,Fairview Independent,5124000,776,False
2004,2101860,Fayette County,271837000,35004,False
2004,2101920,Fleming County,17917000,2652,False
2004,2101950,Floyd County,52384000,6925,False
2004,2101980,Frankfort Independent,8153000,971,False
2004,2102010,Franklin County,39330000,6050,False
2004,2102040,Fort Thomas Independent,17418000,2336,False
2004,2102070,Fulton Independent,4309000,485,False
2004,2102100,Fulton County,6853000,726,False
2004,2102130,Gallatin County,10974000,1586,False
2004,2102160,Garrard County,17914000,2651,False
2004,2102220,Glasgow Independent,13643000,2060,False
2004,2102250,Grant County,23885000,3945,False
2004,2102280,Graves County,30081000,4757,False
2004,2102300,Grayson County,27433000,4395,False
2004,2102340,Green County,11871000,1716,False
2004,2102400,Greenup County,22978000,3288,False
2004,2102460,Hancock County,12137000,1644,False
2004,2102490,Hardin County,93566000,13832,False
2004,2102520,Harlan Independent,6393000,1070,False
2004,2102540,Harlan County,35458000,4968,False
2004,2102580,Harrison County,20242000,3365,False
2004,2102610,HARRODSBURG INDEPENDENT,8075000,1023,False
2004,2102640,Hart County,17330000,2563,False
2004,2102670,Hazard Independent,6474000,962,False
2004,2102710,Henderson County,49813000,7183,False
2004,2102760,Henry County,14503000,2226,False
2004,2102790,Hickman County,6289000,842,False
2004,2102860,Hopkins County,51046000,7440,False
2004,2102910,Jackson Independent,3992000,581,False
2004,2102940,Jackson County,19793000,2422,False
2004,2102990,Jefferson County,799616000,97976,False
2004,2103000,Jenkins Independent,4637000,565,False
2004,2103030,Jessamine County,47482000,7154,False
2004,2103060,Johnson County,26518000,3816,False
2004,2103090,Kenton County,83864000,12955,False
2004,2103120,Knott County,21893000,2975,False
2004,2103150,Knox County,36705000,5227,False
2004,2103180,LaRue County,16164000,2445,False
2004,2103210,Laurel County,58613000,9055,False
2004,2103240,Lawrence County,19645000,2686,False
2004,2103270,Lee County,9915000,1290,False
2004,2103330,Leslie County,16927000,2283,False
2004,2103360,Letcher County,28249000,3643,False
2004,2103390,Lewis County,18176000,2662,False
2004,2103480,Lincoln County,34269000,4637,False
2004,2103510,Livingston County,10491000,1418,False
2004,2103540,Logan County,23656000,3531,False
2004,2103630,Ludlow Independent,7220000,1002,False
2004,2103690,Lyon County,6878000,1045,False
2004,2103720,Madison County,67041000,10289,False
2004,2103750,Magoffin County,19494000,2517,False
2004,2103780,Marion County,22642000,3274,False
2004,2103810,Marshall County,31412000,4812,False
2004,2103840,Martin County,18828000,3038,False
2004,2103870,Mason County,19908000,2940,False
2004,2103900,Mayfield Independent,11659000,1592,False
2004,2103960,McCracken County,46368000,7011,False
2004,2103990,McCreary County,25501000,3390,False
2004,2104020,McLean County,11319000,1697,False
2004,2104050,Meade County,30320000,4944,False
2004,2104080,Menifee County,9095000,1233,False
2004,2104110,Mercer County,15119000,2367,False
2004,2104140,Metcalfe County,13613000,1709,False
2004,2104170,Middlesboro Independent,12833000,1803,False
2004,2104200,Monroe County,16075000,2069,False
2004,2104250,Montgomery County,28745000,4434,False
2004,2104260,MONTICELLO INDEPENDENT,6477000,942,False
2004,2104290,Morgan County,17730000,2385,False
2004,2104380,Murray Independent,12248000,1850,False
2004,2104410,Nelson County,31290000,4837,False
2004,2104440,Newport Independent,21295000,2461,False
2004,2104470,Nicholas County,8142000,1261,False
2004,2104500,Ohio County,29479000,4206,False
2004,2104530,Oldham County,67925000,10579,False
2004,2104560,Owen County,12887000,1973,False
2004,2104590,Owensboro Independent,35201000,4338,False
2004,2104620,Owsley County,8661000,897,False
2004,2104650,Paducah Independent,26801000,3142,False
2004,2104680,Paintsville Independent,6004000,889,False
2004,2104710,Paris Independent,5763000,760,False
2004,2104740,Pendleton County,19066000,2910,False
2004,2104770,Perry County,35822000,4747,False
2004,2104800,Pike County,77131000,10390,False
2004,2104830,Pikeville Independent,9793000,1329,False
2004,2104860,Pineville Independent,4508000,612,False
2004,2104890,Powell County,18944000,2686,False
2004,2104920,PROVIDENCE INDEPENDENT,3478000,442,False
2004,2104950,Pulaski County,53777000,8032,False
2004,2104980,Raceland-Worthington Independent,6964000,1027,False
2004,2105040,Robertson County,3443000,452,False
2004,2105070,Rockcastle County,22685000,3084,False
2004,2105100,Rowan County,22261000,3152,False
2004,2105130,Russell Independent,14549000,2186,False
2004,2105160,Russell County,23363000,2993,False
2004,2105190,Russellville Independent,9546000,1316,False
2004,2105220,Science Hill Independent,2687000,507,False
2004,2105260,Scott County,44530000,6941,False
2004,2105320,Shelby County,38147000,5755,False
2004,2105370,Silver Grove Independent,2425000,297,False
2004,2105400,Simpson County,20526000,3171,False
2004,2105430,Somerset Independent,10792000,1714,False
2004,2105460,Southgate Independent,1361000,175,False
2004,2105490,Spencer County,15700000,2555,False
2004,2105520,Taylor County,17628000,2656,False
2004,2105550,Todd County,14360000,2186,False
2004,2105580,Trigg County,14863000,2149,False
2004,2105610,Trimble County,10857000,1674,False
2004,2105640,Union County,18774000,2565,False
2004,2105700,Walton-Verona Independent,8979000,1198,False
2004,2105730,Warren County,70972000,11983,False
2004,2105760,Washington County,13502000,1941,False
2004,2105790,Wayne County,20417000,2752,False
2004,2105820,Webster County,13412000,1984,False
2004,2105850,West Point Independent,1447000,160,False
2004,2105880,Whitley County,36337000,4980,False
2004,2105910,Williamsburg Independent,5809000,796,False
2004,2105940,Williamstown Independent,6569000,884,False
2004,2105970,Wolfe County,11225000,1377,False
2004,2106000,Woodford County,24106000,3861,False
2005,2100030,Adair County,21870000,2814,False
2005,2100070,Allen County,22324000,3127,False
2005,2100081,Muhlenberg County,40717000,5443,False
2005,2100090,Anchorage Independent,5685000,447,False
2005,2100120,Anderson County,27239000,4094,False
2005,2100150,Ashland Independent,25031000,3319,False
2005,2100180,Augusta Independent,2644000,311,False
2005,2100210,Ballard County,11718000,1515,False
2005,2100240,Barbourville Independent,4853000,666,False
2005,2100270,Bardstown Independent,16834000,2404,False
2005,2100300,Barren County,41725000,4462,False
2005,2100330,Bath County,14658000,2102,False
2005,2100360,Beechwood Independent,7259000,1038,False
2005,2100390,Bell County,27129000,3274,False
2005,2100420,Bellevue Independent,6399000,914,False
2005,2100480,Berea Independent,8622000,1157,False
2005,2100510,Boone County,111937000,17131,False
2005,2100540,Bourbon County,21408000,2985,False
2005,2100570,Bowling Green Independent,30272000,3688,False
2005,2100620,Boyd County,29844000,3598,False
2005,2100630,Boyle County,21740000,2858,False
2005,2100660,Bracken County,8362000,1236,False
2005,2100690,Breathitt County,21153000,2412,False
2005,2100720,Breckinridge County,20893000,2794,False
2005,2100750,Bullitt County,81090000,12204,False
2005,2100780,Burgin Independent,3091000,472,False
2005,2100810,Butler County,16806000,2267,False
2005,2100840,Caldwell County,15476000,2090,False
2005,2100870,Calloway County,24009000,3183,False
2005,2100900,Campbell County,37287000,4988,False
2005,2100930,Campbellsville Independent,11206000,1234,False
2005,2100960,Carlisle County,6614000,872,False
2005,2100990,Carroll County,16230000,1909,False
2005,2101020,Carter County,38469000,5227,False
2005,2101050,Casey County,19033000,2534,False
2005,2101110,Caverna Independent,6382000,880,False
2005,2101150,Christian County,68531000,9503,False
2005,2101200,Clark County,39866000,5725,False
2005,2101230,Clay County,35438000,4049,False
2005,2101260,Clinton County,15065000,1762,False
2005,2101290,Cloverport Independent,3066000,340,False
2005,2101320,Corbin Independent,16504000,2334,False
2005,2101350,Covington Independent,46096000,4298,False
2005,2101380,Crittenden County,10422000,1393,False
2005,2101410,Cumberland County,9532000,1188,False
2005,2101440,Danville Independent,17391000,1868,False
2005,2101470,Daviess County,85442000,11583,False
2005,2101500,Dawson Springs Independent,5326000,716,False
2005,2101530,Dayton Independent,8698000,1108,False
2005,2101590,East Bernstadt Independent,3767000,551,False
2005,2101620,Edmonson County,16650000,2119,False
2005,2101650,Elizabethtown Independent,16401000,2377,False
2005,2101680,Elliott County,9978000,1203,False
2005,2101710,Eminence Independent,4717000,658,False
2005,2101740,Erlanger-Elsmere Independent,16824000,2413,False
2005,2101760,Estill County,19226000,2635,False
2005,2101800,Fairview Independent,5486000,807,False
2005,2101860,Fayette County,288726000,35321,False
2005,2101920,Fleming County,19112000,2595,False
2005,2101950,Floyd County,55252000,6819,False
2005,2101980,Frankfort Independent,7421000,920,False
2005,2102010,Franklin County,43470000,6121,False
2005,2102040,Fort Thomas Independent,18542000,2366,False
2005,2102070,Fulton Independent,4505000,464,False
2005,2102100,Fulton County,5499000,734,False
2005,2102130,Gallatin County,12006000,1639,False
2005,2102160,Garrard County,19734000,2663,False
2005,2102220,Glasgow Independent,14896000,2121,False
2005,2102250,Grant County,26536000,3997,False
2005,2102280,Graves County,32095000,4767,False
2005,2102300,Grayson County,30323000,4437,False
2005,2102340,Green County,13082000,1677,False
2005,2102400,Greenup County,24384000,3243,False
2005,2102460,Hancock County,13489000,1657,False
2005,2102490,Hardin County,105002000,14079,False
2005,2102520,Harlan Independent,5707000,963,False
2005,2102540,Harlan County,36682000,4997,False
2005,2102580,Harrison County,22578000,3355,False
2005,2102610,HARRODSBURG INDEPENDENT,8770000,981,False
2005,2102640,Hart County,20578000,2531,False
2005,2102670,Hazard Independent,7204000,1049,False
2005,2102710,Henderson County,51907000,7211,False
2005,2102760,Henry County,15570000,2180,False
2005,2102790,Hickman County,6913000,836,False
2005,2102860,Hopkins County,55479000,7412,False
2005,2102910,Jackson Independent,3803000,551,False
2005,2102940,Jackson County,20982000,2457,False
2005,2102990,Jefferson County,861271000,98537,False
2005,2103000,Jenkins Independent,5050000,630,False
2005,2103030,Jessamine County,52663000,7397,False
2005,2103060,Johnson County,29338000,3827,False
2005,2103090,Kenton County,91762000,13326,False
2005,2103120,Knott County,23060000,2868,False
2005,2103150,Knox County,40405000,5266,False
2005,2103180,LaRue County,17501000,2500,False
2005,2103210,Laurel County,62378000,9260,False
2005,2103240,Lawrence County,20732000,2695,False
2005,2103270,Lee County,10293000,1277,False
2005,2103330,Leslie County,18533000,2217,False
2005,2103360,Letcher County,30621000,3533,False
2005,2103390,Lewis County,20374000,2663,False
2005,2103480,Lincoln County,36070000,4549,False
2005,2103510,Livingston County,11307000,1421,False
2005,2103540,Logan County,26112000,3676,False
2005,2103630,Ludlow Independent,7563000,973,False
2005,2103690,Lyon County,7485000,1095,False
2005,2103720,Madison County,73665000,10558,False
2005,2103750,Magoffin County,20452000,2533,False
2005,2103780,Marion County,24443000,3233,False
2005,2103810,Marshall County,33559000,4831,False
2005,2103840,Martin County,19423000,2412,False
2005,2103870,Mason County,21495000,2938,False
2005,2103900,Mayfield Independent,12878000,1618,False
2005,2103960,McCracken County,49618000,7138,False
2005,2103990,McCreary County,26792000,3432,False
2005,2104020,McLean County,12199000,1695,False
2005,2104050,Meade County,33189000,5122,False
2005,2104080,Menifee County,9866000,1228,False
2005,2104110,Mercer County,16474000,2395,False
2005,2104140,Metcalfe County,14104000,1782,False
2005,2104170,Middlesboro Independent,13869000,1748,False
2005,2104200,Monroe County,18414000,2146,False
2005,2104250,Montgomery County,32080000,4550,False
2005,2104260,MONTICELLO INDEPENDENT,6892000,950,False
2005,2104290,Morgan County,18934000,2326,False
2005,2104380,Murray Independent,12675000,1733,False
2005,2104410,Nelson County,33632000,4885,False
2005,2104440,Newport Independent,23719000,2288,False
2005,2104470,Nicholas County,8495000,1277,False
2005,2104500,Ohio County,34552000,4150,False
2005,2104530,Oldham County,76747000,11079,False
2005,2104560,Owen County,14014000,2017,False
2005,2104590,Owensboro Independent,37381000,4398,False
2005,2104620,Owsley County,9015000,883,False
2005,2104650,Paducah Independent,26799000,3406,False
2005,2104680,Paintsville Independent,6678000,879,False
2005,2104710,Paris Independent,6136000,744,False
2005,2104740,Pendleton County,20876000,2940,False
2005,2104770,Perry County,37818000,4665,False
2005,2104800,Pike County,82888000,10359,False
2005,2104830,Pikeville Independent,10564000,1334,False
2005,2104860,Pineville Independent,4805000,607,False
2005,2104890,Powell County,20152000,2680,False
2005,2104920,PROVIDENCE INDEPENDENT,3111000,434,False
2005,2104950,Pulaski County,58863000,8049,False
2005,2104980,Raceland-Worthington Independent,7609000,1050,False
2005,2105040,Robertson County,3737000,438,False
2005,2105070,Rockcastle County,23799000,3089,False
2005,2105100,Rowan County,24740000,3294,False
2005,2105130,Russell Independent,15354000,2188,False
2005,2105160,Russell County,25786000,3073,False
2005,2105190,Russellville Independent,9882000,1272,False
2005,2105220,Science Hill Independent,2861000,486,False
2005,2105260,Scott County,49894000,7250,False
2005,2105320,Shelby County,43461000,6093,False
2005,2105370,Silver Grove Independent,2467000,303,False
2005,2105400,Simpson County,21465000,3183,False
2005,2105430,Somerset Independent,11970000,1638,False
2005,2105460,Southgate Independent,1445000,175,False
2005,2105490,Spencer County,18198000,2432,False
2005,2105520,Taylor County,19482000,2709,False
2005,2105550,Todd County,16178000,2213,False
2005,2105580,Trigg County,15943000,2199,False
2005,2105610,Trimble County,11090000,1656,False
2005,2105640,Union County,19340000,2578,False
2005,2105700,Walton-Verona Independent,9469000,1275,False
2005,2105730,Warren County,78130000,12424,False
2005,2105760,Washington County,14139000,1977,False
2005,2105790,Wayne County,22129000,2734,False
2005,2105820,Webster County,14722000,2000,False
2005,2105850,West Point Independent,1420000,170,False
2005,2105880,Whitley County,40267000,5005,False
2005,2105910,Williamsburg Independent,6393000,805,False
2005,2105940,Williamstown Independent,6963000,915,False
2005,2105970,Wolfe County,12105000,1405,False
2005,2106000,Woodford County,26319000,4018,False
2006,2100030,Adair County,22830000,2605,False
2006,2100070,Allen County,22611000,3028,False
2006,2100081,Muhlenberg County,42647000,5174,False
2006,2100090,Anchorage Independent,5396000,412,False
2006,2100120,Anderson County,28619000,3855,False
2006,2100150,Ashland Independent,25098000,3129,False
2006,2100180,Augusta Independent,2691000,287,False
2006,2100210,Ballard County,11875000,1363,False
2006,2100240,Barbourville Independent,4962000,618,False
2006,2100270,Bardstown Independent,18366000,2189,False
2006,2100300,Barren County,36376000,4418,False
2006,2100330,Bath County,14887000,1965,False
2006,2100360,Beechwood Independent,7441000,1004,False
2006,2100390,Bell County,27620000,3058,False
2006,2100420,Bellevue Independent,6626000,786,False
2006,2100480,Berea Independent,8766000,1062,False
2006,2100510,Boone County,121026000,17397,False
2006,2100540,Bourbon County,21730000,2658,False
2006,2100570,Bowling Green Independent,31742000,3668,False
2006,2100620,Boyd County,28997000,3307,False
2006,2100630,Boyle County,22508000,2710,False
2006,2100660,Bracken County,8495000,1214,False
2006,2100690,Breathitt County,22305000,2190,False
2006,2100720,Breckinridge County,21534000,2650,False
2006,2100750,Bullitt County,84796000,12254,False
2006,2100780,Burgin Independent,3202000,438,False
2006,2100810,Butler County,17624000,2107,False
2006,2100840,Caldwell County,16106000,1975,False
2006,2100870,Calloway County,24271000,3029,False
2006,2100900,Campbell County,40113000,4680,False
2006,2100930,Campbellsville Independent,11004000,1114,False
2006,2100960,Carlisle County,6672000,800,False
2006,2100990,Carroll County,16713000,1829,False
2006,2101020,Carter County,38887000,4877,False
2006,2101050,Casey County,19851000,2475,False
2006,2101110,Caverna Independent,6759000,764,False
2006,2101150,Christian County,72665000,9134,False
2006,2101200,Clark County,40272000,5482,False
2006,2101230,Clay County,34124000,3678,False
2006,2101260,Clinton County,15984000,1636,False
2006,2101290,Cloverport Independent,2907000,310,False
2006,2101320,Corbin Independent,16872000,2379,False
2006,2101350,Covington Independent,47498000,3839,False
2006,2101380,Crittenden County,10691000,1293,False
2006,2101410,Cumberland County,9231000,1106,False
2006,2101440,Danville Independent,18256000,1768,False
2006,2101470,Daviess County,87635000,10881,False
2006,2101500,Dawson Springs Independent,5465000,653,False
2006,2101530,Dayton Independent,8648000,993,False
2006,2101590,East Bernstadt Independent,3907000,491,False
2006,2101620,Edmonson County,17008000,1985,False
2006,2101650,Elizabethtown Independent,17125000,2258,False
2006,2101680,Elliott County,10169000,1159,False
2006,2101710,Eminence Independent,4930000,637,False
2006,2101740,Erlanger-Elsmere Independent,18442000,2323,False
2006,2101760,Estill County,19821000,2456,False
2006,2101800,Fairview Independent,5825000,767,False
2006,2101860,Fayette County,299892000,34335,False
2006,2101920,Fleming County,19133000,2393,False
2006,2101950,Floyd County,55249000,6414,False
2006,2101980,Frankfort Independent,7963000,847,False
2006,2102010,Franklin County,44440000,5881,False
2006,2102040,Fort Thomas Independent,19300000,2375,False
2006,2102070,Fulton Independent,4553000,431,False
2006,2102100,Fulton County,6229000,629,False
2006,2102130,Gallatin County,12410000,1524,False
2006,2102160,Garrard County,20451000,2586,False
2006,2102220,Glasgow Independent,15398000,1948,False
2006,2102250,Grant County,28218000,3904,False
2006,2102280,Graves County,34477000,4669,False
2006,2102300,Grayson County,31039000,4197,False
2006,2102340,Green County,13496000,1685,False
2006,2102400,Greenup County,25177000,3057,False
2006,2102460,Hancock County,12852000,1563,False
2006,2102490,Hardin County,106039000,13645,False
2006,2102520,Harlan Independent,6374000,816,False
2006,2102540,Harlan County,36971000,4491,False
2006,2102580,Harrison County,22977000,3148,False
2006,2102640,Hart County,20909000,2371,False
2006,2102670,Hazard Independent,7307000,941,False
2006,2102710,Henderson County,53734000,6912,False
2006,2102760,Henry County,16021000,2131,False
2006,2102790,Hickman County,7063000,744,False
2006,2102860,Hopkins County,56183000,7008,False
2006,2102910,Jackson Independent,3494000,406,False
2006,2102940,Jackson County,20463000,2274,False
2006,2102990,Jefferson County,898642000,92659,False
2006,2103000,Jenkins Independent,5243000,597,False
2006,2103030,Jessamine County,56182000,7283,False
2006,2103060,Johnson County,30746000,3674,False
2006,2103090,Kenton County,97798000,13187,False
2006,2103120,Knott County,18413000,2501,False
2006,2103150,Knox County,42356000,4762,False
2006,2103180,LaRue County,17969000,2420,False
2006,2103210,Laurel County,66965000,9092,False
2006,2103240,Lawrence County,22747000,2547,False
2006,2103270,Lee County,10171000,1158,False
2006,2103330,Leslie County,17175000,1911,False
2006,2103360,Letcher County,30716000,3318,False
2006,2103390,Lewis County,20402000,2425,False
2006,2103480,Lincoln County,36725000,4169,False
2006,2103510,Livingston County,11610000,1302,False
2006,2103540,Logan County,27135000,3483,False
2006,2103630,Ludlow Independent,6622000,930,False
2006,2103690,Lyon County,7715000,982,False
2006,2103720,Madison County,80435000,10257,False
2006,2103750,Magoffin County,20590000,2357,False
2006,2103780,Marion County,26077000,3143,False
2006,2103810,Marshall County,35299000,4736,False
2006,2103840,Martin County,19835000,2214,False
2006,2103870,Mason County,21825000,2790,False
2006,2103900,Mayfield Independent,13468000,1480,False
2006,2103960,McCracken County,51021000,6905,False
2006,2103990,McCreary County,27458000,3228,False
2006,2104020,McLean County,12141000,1593,False
2006,2104050,Meade County,34147000,4802,False
2006,2104080,Menifee County,9843000,1118,False
2006,2104110,Mercer County,25975000,3179,False
2006,2104140,Metcalfe County,13399000,1647,False
2006,2104170,Middlesboro Independent,13897000,1590,False
2006,2104200,Monroe County,18487000,2008,False
2006,2104250,Montgomery County,32285000,4395,False
2006,2104260,MONTICELLO INDEPENDENT,7049000,829,False
2006,2104290,Morgan County,16167000,2172,False
2006,2104380,Murray Independent,12108000,1561,False
2006,2104410,Nelson County,35834000,4726,False
2006,2104440,Newport Independent,20892000,2004,False
2006,2104470,Nicholas County,8779000,1204,False
2006,2104500,Ohio County,32057000,3906,False
2006,2104530,Oldham County,80988000,11270,False
2006,2104560,Owen County,15539000,1922,False
2006,2104590,Owensboro Independent,38396000,4000,False
2006,2104620,Owsley County,9456000,798,False
2006,2104650,Paducah Independent,27529000,2882,False
2006,2104680,Paintsville Independent,7017000,795,False
2006,2104710,Paris Independent,6183000,733,False
2006,2104740,Pendleton County,20937000,2825,False
2006,2104770,Perry County,37828000,4386,False
2006,2104800,Pike County,82271000,9738,False
2006,2104830,Pikeville Independent,10906000,1240,False
2006,2104860,Pineville Independent,4631000,552,False
2006,2104890,Powell County,20130000,2510,False
2006,2104920,PROVIDENCE INDEPENDENT,2938000,311,False
2006,2104950,Pulaski County,61817000,7704,False
2006,2104980,Raceland-Worthington Independent,8022000,1016,False
2006,2105040,Robertson County,3601000,374,False
2006,2105070,Rockcastle County,24060000,2927,False
2006,2105100,Rowan County,25521000,3145,False
2006,2105130,Russell Independent,15599000,2170,False
2006,2105160,Russell County,26820000,2927,False
2006,2105190,Russellville Independent,9482000,1084,False
2006,2105220,Science Hill Independent,3569000,466,False
2006,2105260,Scott County,55082000,7269,False
2006,2105320,Shelby County,48066000,6114,False
2006,2105370,Silver Grove Independent,2511000,280,False
2006,2105400,Simpson County,22514000,3034,False
2006,2105430,Somerset Independent,12226000,1482,False
2006,2105460,Southgate Independent,1566000,150,False
2006,2105490,Spencer County,18706000,2578,False
2006,2105520,Taylor County,20155000,2596,False
2006,2105550,Todd County,16650000,2032,False
2006,2105580,Trigg County,16597000,2062,False
2006,2105610,Trimble County,11421000,1598,False
2006,2105640,Union County,20038000,2375,False
2006,2105700,Walton-Verona Independent,10038000,1265,False
2006,2105730,Warren County,82880000,12063,False
2006,2105760,Washington County,14702000,1802,False
2006,2105790,Wayne County,23270000,2505,False
2006,2105820,Webster County,15354000,1883,False
2006,2105850,West Point Independent,1405000,156,False
2006,2105880,Whitley County,40004000,4591,False
2006,2105910,Williamsburg Independent,6604000,762,False
2006,2105940,Williamstown Independent,7386000,887,False
2006,2105970,Wolfe County,11775000,1312,False
2006,2106000,Woodford County,27441000,3903,False
2007,2100030,Adair County,23506000,2659,False
2007,2100070,Allen County,23568000,3090,False
2007,2100081,Muhlenberg County,47305000,5217,False
2007,2100090,Anchorage Independent,5604000,390,False
2007,2100120,Anderson County,30839000,4016,False
2007,2100150,Ashland Independent,26911000,3198,False
2007,2100180,Augusta Independent,2962000,291,False
2007,2100210,Ballard County,12698000,1448,False
2007,2100240,Barbourville Independent,5053000,650,False
2007,2100270,Bardstown Independent,20256000,2425,False
2007,2100300,Barren County,40617000,4568,False
2007,2100330,Bath County,16357000,2081,False
2007,2100360,Beechwood Independent,8358000,1051,False
2007,2100390,Bell County,29606000,3183,False
2007,2100420,Bellevue Independent,6926000,827,False
2007,2100480,Berea Independent,9529000,1102,False
2007,2100510,Boone County,136663000,18037,False
2007,2100540,Bourbon County,24435000,2858,False
2007,2100570,Bowling Green Independent,34502000,3736,False
2007,2100620,Boyd County,31495000,3418,False
2007,2100630,Boyle County,24016000,2757,False
2007,2100660,Bracken County,9218000,1256,False
2007,2100690,Breathitt County,23703000,2320,False
2007,2100720,Breckinridge County,23306000,2717,False
2007,2100750,Bullitt County,94952000,12668,False
2007,2100780,Burgin Independent,3535000,442,False
2007,2100810,Butler County,18418000,2118,False
2007,2100840,Caldwell County,17185000,2032,False
2007,2100870,Calloway County,26092000,3201,False
2007,2100900,Campbell County,42304000,4878,False
2007,2100930,Campbellsville Independent,11103000,1152,False
2007,2100960,Carlisle County,7241000,823,False
2007,2100990,Carroll County,18095000,1953,False
2007,2101020,Carter County,42319000,5087,False
2007,2101050,Casey County,21294000,2465,False
2007,2101110,Caverna Independent,6097000,758,False
2007,2101150,Christian County,78441000,9301,False
2007,2101200,Clark County,41872000,5631,False
2007,2101230,Clay County,36648000,3734,False
2007,2101260,Clinton County,17631000,1695,False
2007,2101290,Cloverport Independent,3328000,306,False
2007,2101320,Corbin Independent,18919000,2478,False
2007,2101350,Covington Independent,49786000,4065,False
2007,2101380,Crittenden County,11127000,1352,False
2007,2101410,Cumberland County,10155000,1064,False
2007,2101440,Danville Independent,19159000,1775,False
2007,2101470,Daviess County,98927000,11315,False
2007,2101500,Dawson Springs Independent,5942000,712,False
2007,2101530,Dayton Independent,9264000,944,False
2007,2101590,East Bernstadt Independent,3737000,558,False
2007,2101620,Edmonson County,18137000,2089,False
2007,2101650,Elizabethtown Independent,17935000,2300,False
2007,2101680,Elliott County,11045000,1157,False
2007,2101710,Eminence Independent,5256000,709,False
2007,2101740,Erlanger-Elsmere Independent,19971000,2382,False
2007,2101760,Estill County,21182000,2535,False
2007,2101800,Fairview Independent,6199000,783,False
2007,2101860,Fayette County,326008000,35416,False
2007,2101920,Fleming County,20203000,2408,False
2007,2101950,Floyd County,57130000,6555,False
2007,2101980,Frankfort Independent,8494000,842,False
2007,2102010,Franklin County,48479000,6028,False
2007,2102040,Fort Thomas Independent,20697000,2428,False
2007,2102070,Fulton Independent,4744000,447,False
2007,2102100,Fulton County,6246000,648,False
2007,2102130,Gallatin County,13527000,1612,False
2007,2102160,Garrard County,21823000,2711,False
2007,2102220,Glasgow Independent,16858000,2034,False
2007,2102250,Grant County,30710000,3869,False
2007,2102280,Graves County,38106000,4772,False
2007,2102300,Grayson County,33298000,4281,False
2007,2102340,Green County,14387000,1668,False
2007,2102400,Greenup County,26944000,3158,False
2007,2102460,Hancock County,14280000,1667,False
2007,2102490,Hardin County,114444000,13919,False
2007,2102520,Harlan Independent,6671000,919,False
2007,2102540,Harlan County,38364000,4450,False
2007,2102580,Harrison County,25086000,3238,False
2007,2102640,Hart County,22388000,2416,False
2007,2102670,Hazard Independent,7888000,948,False
2007,2102710,Henderson County,59386000,7055,False
2007,2102760,Henry County,18041000,2199,False
2007,2102790,Hickman County,7327000,781,False
2007,2102860,Hopkins County,60531000,7258,False
2007,2102910,Jackson Independent,3569000,436,False
2007,2102940,Jackson County,22316000,2337,False
2007,2102990,Jefferson County,955482000,95871,False
2007,2103000,Jenkins Independent,4877000,568,False
2007,2103030,Jessamine County,62306000,7510,False
2007,2103060,Johnson County,34069000,3756,False
2007,2103090,Kenton County,107786000,13583,False
2007,2103120,Knott County,23229000,2523,False
2007,2103150,Knox County,43638000,4808,False
2007,2103180,LaRue County,16424000,2468,False
2007,2103210,Laurel County,73362000,9325,False
2007,2103240,Lawrence County,22542000,2565,False
2007,2103270,Lee County,11113000,1109,False
2007,2103330,Leslie County,19151000,1952,False
2007,2103360,Letcher County,31950000,3307,False
2007,2103390,Lewis County,21887000,2521,False
2007,2103480,Lincoln County,40010000,4319,False
2007,2103510,Livingston County,10688000,1335,False
2007,2103540,Logan County,30008000,3651,False
2007,2103630,Ludlow Independent,6831000,921,False
2007,2103690,Lyon County,8260000,1008,False
2007,2103720,Madison County,84216000,10735,False
2007,2103750,Magoffin County,22136000,2409,False
2007,2103780,Marion County,27823000,3189,False
2007,2103810,Marshall County,39241000,4916,False
2007,2103840,Martin County,20840000,2168,False
2007,2103870,Mason County,23308000,2780,False
2007,2103900,Mayfield Independent,14375000,1574,False
2007,2103960,McCracken County,56162000,6954,False
2007,2103990,McCreary County,29715000,3247,False
2007,2104020,McLean County,13119000,1654,False
2007,2104050,Meade County,37486000,4998,False
2007,2104080,Menifee County,10322000,1112,False
2007,2104110,Mercer County,28246000,3291,False
2007,2104140,Metcalfe County,14324000,1781,False
2007,2104170,Middlesboro Independent,14989000,1591,False
2007,2104200,Monroe County,19873000,2020,False
2007,2104250,Montgomery County,35518000,4572,False
2007,2104260,MONTICELLO INDEPENDENT,7526000,843,False
2007,2104290,Morgan County,20068000,2183,False
2007,2104380,Murray Independent,13241000,1468,False
2007,2104410,Nelson County,39561000,4941,False
2007,2104440,Newport Independent,25067000,1983,False
2007,2104470,Nicholas County,9458000,1231,False
2007,2104500,Ohio County,34610000,4053,False
2007,2104530,Oldham County,72506000,11752,False
2007,2104560,Owen County,16984000,1941,False
2007,2104590,Owensboro Independent,41388000,4147,False
2007,2104620,Owsley County,9858000,807,False
2007,2104650,Paducah Independent,29615000,2905,False
2007,2104680,Paintsville Independent,7541000,777,False
2007,2104710,Paris Independent,6640000,772,False
2007,2104740,Pendleton County,25117000,2705,False
2007,2104770,Perry County,39599000,4351,False
2007,2104800,Pike County,88139000,10033,False
2007,2104830,Pikeville Independent,11679000,1259,False
2007,2104860,Pineville Independent,5049000,582,False
2007,2104890,Powell County,21661000,2527,False
2007,2104950,Pulaski County,68614000,8174,False
2007,2104980,Raceland-Worthington Independent,8628000,1027,False
2007,2105040,Robertson County,3763000,394,False
2007,2105070,Rockcastle County,26570000,3027,False
2007,2105100,Rowan County,26435000,3286,False
2007,2105130,Russell Independent,16896000,2230,False
2007,2105160,Russell County,28084000,2980,False
2007,2105190,Russellville Independent,10214000,1095,False
2007,2105220,Science Hill Independent,3809000,475,False
2007,2105260,Scott County,61076000,7763,False
2007,2105320,Shelby County,53247000,6366,False
2007,2105370,Silver Grove Independent,2410000,278,False
2007,2105400,Simpson County,24428000,2988,False
2007,2105430,Somerset Independent,13427000,1493,False
2007,2105460,Southgate Independent,1741000,159,False
2007,2105490,Spencer County,20516000,2707,False
2007,2105520,Taylor County,22105000,2676,False
2007,2105550,Todd County,18496000,2177,False
2007,2105580,Trigg County,17732000,2116,False
2007,2105610,Trimble County,12089000,1626,False
2007,2105640,Union County,21505000,2398,False
2007,2105700,Walton-Verona Independent,10903000,1392,False
2007,2105730,Warren County,93981000,12866,False
2007,2105760,Washington County,16067000,1786,False
2007,2105790,Wayne County,23806000,2698,False
2007,2105820,Webster County,18465000,2211,False
2007,2105850,West Point Independent,1425000,126,False
2007,2105880,Whitley County,41997000,4890,False
2007,2105910,Williamsburg Independent,7216000,769,False
2007,2105940,Williamstown Independent,7813000,918,False
2007,2105970,Wolfe County,12680000,1269,False
2007,2106000,Woodford County,29511000,4051,False
2008,2100030,Adair County,23240000,2547,False
2008,2100070,Allen County,23857000,3037,False
2008,2100081,Muhlenberg County,47428000,5179,False
2008,2100090,Anchorage Independent,5585000,384,False
2008,2100120,Anderson County,31420000,4009,False
2008,2100150,Ashland Independent,26729000,3243,False
2008,2100180,Augusta Independent,2924000,317,False
2008,2100210,Ballard County,12878000,1420,False
2008,2100240,Barbourville Independent,5195000,656,False
2008,2100270,Bardstown Independent,20490000,2472,False
2008,2100300,Barren County,40700000,4677,False
2008,2100330,Bath County,17276000,2030,False
2008,2100360,Beechwood Independent,8480000,1084,False
2008,2100390,Bell County,29466000,3151,False
2008,2100420,Bellevue Independent,6917000,783,False
2008,2100480,Berea Independent,9961000,1092,False
2008,2100510,Boone County,145434000,18560,False
2008,2100540,Bourbon County,24696000,2781,False
2008,2100570,Bowling Green Independent,35589000,3782,False
2008,2100620,Boyd County,31123000,3399,False
2008,2100630,Boyle County,23649000,2745,False
2008,2100660,Bracken County,9421000,1265,False
2008,2100690,Breathitt County,23105000,2304,False
2008,2100720,Breckinridge County,25077000,2667,False
2008,2100750,Bullitt County,96065000,12741,False
2008,2100780,Burgin Independent,3610000,447,False
2008,2100810,Butler County,17710000,2155,False
2008,2100840,Caldwell County,17216000,2022,False
2008,2100870,Calloway County,26477000,3337,False
2008,2100900,Campbell County,41072000,4813,False
2008,2100930,Campbellsville Independent,10966000,1101,False
2008,2100960,Carlisle County,7342000,816,False
2008,2100990,Carroll County,18323000,1986,False
2008,2101020,Carter County,41900000,5000,False
2008,2101050,Casey County,21217000,2433,False
2008,2101110,Caverna Independent,7583000,781,False
2008,2101150,Christian County,76757000,9144,False
2008,2101200,Clark County,43670000,5568,False
2008,2101230,Clay County,36285000,3680,False
2008,2101260,Clinton County,17371000,1764,False
2008,2101290,Cloverport Independent,3343000,320,False
2008,2101320,Corbin Independent,20889000,2605,False
2008,2101350,Covington Independent,47594000,3961,False
2008,2101380,Crittenden County,11189000,1350,False
2008,2101410,Cumberland County,10217000,1014,False
2008,2101440,Danville Independent,19749000,1789,False
2008,2101470,Daviess County,97487000,11289,False
2008,2101500,Dawson Springs Independent,5995000,668,False
2008,2101530,Dayton Independent,8386000,985,False
2008,2101590,East Bernstadt Independent,4521000,562,False
2008,2101620,Edmonson County,18166000,2068,False
2008,2101650,Elizabethtown Independent,18365000,2276,False
2008,2101680,Elliott County,10814000,1142,False
2008,2101710,Eminence Independent,5246000,697,False
2008,2101740,Erlanger-Elsmere Independent,19144000,2441,False
2008,2101760,Estill County,20754000,2504,False
2008,2101800,Fairview Independent,6333000,822,False
2008,2101860,Fayette County,336274000,36110,False
2008,2101920,Fleming County,20375000,2353,False
2008,2101950,Floyd County,56797000,6446,False
2008,2101980,Frankfort Independent,9000000,781,False
2008,2102010,Franklin County,48142000,6116,False
2008,2102040,Fort Thomas Independent,21142000,2494,False
2008,2102070,Fulton Independent,4854000,449,False
2008,2102100,Fulton County,6281000,612,False
2008,2102130,Gallatin County,14197000,1593,False
2008,2102160,Garrard County,21589000,2650,False
2008,2102220,Glasgow Independent,17153000,1960,False
2008,2102250,Grant County,31209000,3861,False
2008,2102280,Graves County,37770000,4741,False
2008,2102300,Grayson County,34026000,4274,False
2008,2102340,Green County,14749000,1707,False
2008,2102400,Greenup County,27323000,3152,False
2008,2102460,Hancock County,14505000,1725,False
2008,2102490,Hardin County,112330000,13941,False
2008,2102520,Harlan Independent,6945000,842,False
2008,2102540,Harlan County,38626000,4378,False
2008,2102580,Harrison County,25276000,3208,False
2008,2102640,Hart County,22696000,2395,False
2008,2102670,Hazard Independent,8551000,962,False
2008,2102710,Henderson County,58978000,6932,False
2008,2102760,Henry County,17706000,2261,False
2008,2102790,Hickman County,7380000,809,False
2008,2102860,Hopkins County,59569000,7193,False
2008,2102910,Jackson Independent,3717000,404,False
2008,2102940,Jackson County,22232000,2287,False
2008,2102990,Jefferson County,983345000,98774,False
2008,2103000,Jenkins Independent,5677000,552,False
2008,2103030,Jessamine County,63764000,7668,False
2008,2103060,Johnson County,34018000,3783,False
2008,2103090,Kenton County,105451000,13907,False
2008,2103120,Knott County,23697000,2512,False
2008,2103150,Knox County,43185000,4837,False
2008,2103180,LaRue County,19588000,2435,False
2008,2103210,Laurel County,75141000,9253,False
2008,2103240,Lawrence County,21816000,2457,False
2008,2103270,Lee County,10874000,1140,False
2008,2103330,Leslie County,19003000,1891,False
2008,2103360,Letcher County,31232000,3284,False
2008,2103390,Lewis County,22098000,2441,False
2008,2103480,Lincoln County,40075000,4075,False
2008,2103510,Livingston County,12266000,1302,False
2008,2103540,Logan County,29992000,3642,False
2008,2103630,Ludlow Independent,7248000,871,False
2008,2103690,Lyon County,7903000,939,False
2008,2103720,Madison County,86446000,10787,False
2008,2103750,Magoffin County,22922000,2348,False
2008,2103780,Marion County,27041000,3226,False
2008,2103810,Marshall County,41475000,4838,False
2008,2103840,Martin County,21122000,2235,False
2008,2103870,Mason County,24085000,2819,False
2008,2103900,Mayfield Independent,14168000,1563,False
2008,2103960,McCracken County,56245000,7198,False
2008,2103990,McCreary County,29971000,3260,False
2008,2104020,McLean County,13096000,1679,False
2008,2104050,Meade County,38119000,4979,False
2008,2104080,Menifee County,10094000,1126,False
2008,2104110,Mercer County,28345000,3246,False
2008,2104140,Metcalfe County,14413000,1771,False
2008,2104170,Middlesboro Independent,14952000,1521,False
2008,2104200,Monroe County,18647000,2025,False
2008,2104250,Montgomery County,35377000,4687,False
2008,2104260,MONTICELLO INDEPENDENT,7711000,824,False
2008,2104290,Morgan County,19737000,2146,False
2008,2104380,Murray Independent,13507000,1478,False
2008,2104410,Nelson County,38391000,4830,False
2008,2104440,Newport Independent,23235000,1959,False
2008,2104470,Nicholas County,10218000,1253,False
2008,2104500,Ohio County,33803000,4039,False
2008,2104530,Oldham County,90719000,11806,False
2008,2104560,Owen County,17261000,1907,False
2008,2104590,Owensboro Independent,42256000,4132,False
2008,2104620,Owsley County,9656000,789,False
2008,2104650,Paducah Independent,30045000,3008,False
2008,2104680,Paintsville Independent,7636000,783,False
2008,2104710,Paris Independent,6914000,801,False
2008,2104740,Pendleton County,22585000,2729,False
2008,2104770,Perry County,39690000,4352,False
2008,2104800,Pike County,87315000,9977,False
2008,2104830,Pikeville Independent,11828000,1262,False
2008,2104860,Pineville Independent,5139000,572,False
2008,2104890,Powell County,21975000,2478,False
2008,2104950,Pulaski County,71323000,8215,False
2008,2104980,Raceland-Worthington Independent,8970000,1063,False
2008,2105040,Robertson County,3826000,403,False
2008,2105070,Rockcastle County,26751000,3048,False
2008,2105100,Rowan County,28146000,3270,False
2008,2105130,Russell Independent,17842000,2251,False
2008,2105160,Russell County,26854000,3009,False
2008,2105190,Russellville Independent,9790000,1110,False
2008,2105220,Science Hill Independent,3487000,455,False
2008,2105260,Scott County,60140000,8059,False
2008,2105320,Shelby County,54148000,6496,False
2008,2105370,Silver Grove Independent,3044000,254,False
2008,2105400,Simpson County,24379000,2964,False
2008,2105430,Somerset Independent,12535000,1491,False
2008,2105460,Southgate Independent,1844000,160,False
2008,2105490,Spencer County,20249000,2804,False
2008,2105520,Taylor County,21509000,2658,False
2008,2105550,Todd County,18701000,2162,False
2008,2105580,Trigg County,17767000,2127,False
2008,2105610,Trimble County,12071000,1513,False
2008,2105640,Union County,21270000,2410,False
2008,2105700,Walton-Verona Independent,12071000,1443,False
2008,2105730,Warren County,96404000,13195,False
2008,2105760,Washington County,15678000,1743,False
2008,2105790,Wayne County,22170000,2654,False
2008,2105820,Webster County,16153000,2283,False
2008,2105850,West Point Independent,1426000,118,False
2008,2105880,Whitley County,43452000,4828,False
2008,2105910,Williamsburg Independent,7334000,793,False
2008,2105940,Williamstown Independent,8039000,856,False
2008,2105970,Wolfe County,13615000,1252,False
2008,2106000,Woodford County,29742000,4074,False
2009,2100030,Adair County,23724000,2604,False
2009,2100070,Allen County,24210000,3003,False
2009,2100081,Muhlenberg County,50605000,5272,False
2009,2100090,Anchorage Independent,5655000,371,False
2009,2100094,Kentucky School for the Blind District,-2,64,False
2009,2100095,Kentucky School for the Deaf District,-2,123,False
2009,2100096,,-2,-2,False
2009,2100097,,-2,-2,False
2009,2100098,,-2,-2,False
2009,2100099,,-2,-2,False
2009,2100100,,-2,-2,False
2009,2100101,,-2,-2,False
2009,2100102,,-2,-2,False
2009,2100103,,-2,-2,False
2009,2100104,,-2,-2,False
2009,2100105,,-2,-2,False
2009,2100106,,-2,-2,False
2009,2100107,,-2,-2,False
2009,2100108,,-2,-2,False
2009,2100109,,-2,-2,False
2009,2100110,,-2,-2,False
2009,2100111,,-2,-2,False
2009,2100112,,-2,-2,False
2009,2100113,,-2,-2,False
2009,2100120,Anderson County,33254000,4071,False
2009,2100150,Ashland Independent,28252000,3305,False
2009,2100180,Augusta Independent,3030000,306,False
2009,2100210,Ballard County,13352000,1467,False
2009,2100240,Barbourville Independent,5326000,652,False
2009,2100270,Bardstown Independent,21856000,2741,False
2009,2100300,Barren County,41704000,4855,False
2009,2100330,Bath County,17139000,2074,False
2009,2100360,Beechwood Independent,9413000,1096,False
2009,2100390,Bell County,30392000,3111,False
2009,2100420,Bellevue Independent,7016000,811,False
2009,2100480,Berea Independent,10675000,1110,False
2009,2100510,Boone County,152272000,19088,False
2009,2100540,Bourbon County,25829000,2868,False
2009,2100570,Bowling Green Independent,37683000,3896,False
2009,2100620,Boyd County,33640000,3525,False
2009,2100630,Boyle County,23350000,2804,False
2009,2100660,Bracken County,9356000,1233,False
2009,2100690,Breathitt County,24947000,2340,False
2009,2100720,Breckinridge County,24802000,2819,False
2009,2100750,Bullitt County,97604000,12965,False
2009,2100780,Burgin Independent,3762000,466,False
2009,2100810,Butler County,18188000,2144,False
2009,2100840,Caldwell County,17884000,2092,False
2009,2100870,Calloway County,27458000,3295,False
2009,2100900,Campbell County,41437000,4963,False
2009,2100930,Campbellsville Independent,11184000,1127,False
2009,2100960,Carlisle County,7554000,867,False
2009,2100990,Carroll County,18765000,2026,False
2009,2101020,Carter County,42225000,5009,False
2009,2101050,Casey County,21249000,2361,False
2009,2101110,Caverna Independent,8039000,810,False
2009,2101150,Christian County,79412000,9279,False
2009,2101200,Clark County,44826000,5745,False
2009,2101230,Clay County,37062000,3599,False
2009,2101260,Clinton County,18215000,1798,False
2009,2101290,Cloverport Independent,3618000,342,False
2009,2101320,Corbin Independent,21036000,2745,False
2009,2101350,Covington Independent,45615000,3898,False
2009,2101380,Crittenden County,11320000,1384,False
2009,2101410,Cumberland County,10348000,1032,False
2009,2101440,Danville Independent,19395000,1728,False
2009,2101470,Daviess County,100300000,11355,False
2009,2101500,Dawson Springs Independent,6053000,722,False
2009,2101530,Dayton Independent,8617000,956,False
2009,2101590,East Bernstadt Independent,4177000,566,False
2009,2101620,Edmonson County,17785000,2084,False
2009,2101650,Elizabethtown Independent,18601000,2292,False
2009,2101680,Elliott County,10903000,1113,False
2009,2101710,Eminence Independent,5617000,652,False
2009,2101740,Erlanger-Elsmere Independent,20193000,2357,False
2009,2101760,Estill County,21714000,2579,False
2009,2101800,Fairview Independent,6538000,818,False
2009,2101860,Fayette County,361375000,36988,False
2009,2101920,Fleming County,21465000,2400,False
2009,2101950,Floyd County,61417000,6440,False
2009,2101980,Frankfort Independent,9403000,805,False
2009,2102010,Franklin County,50266000,6157,False
2009,2102040,Fort Thomas Independent,21687000,2568,False
2009,2102070,Fulton Independent,5004000,467,False
2009,2102100,Fulton County,6227000,597,False
2009,2102130,Gallatin County,14321000,1650,False
2009,2102160,Garrard County,22816000,2687,False
2009,2102220,Glasgow Independent,17668000,2023,False
2009,2102250,Grant County,30710000,3826,False
2009,2102280,Graves County,38716000,4870,False
2009,2102300,Grayson County,35108000,4383,False
2009,2102340,Green County,15351000,1722,False
2009,2102400,Greenup County,27930000,3123,False
2009,2102460,Hancock County,15230000,1722,False
2009,2102490,Hardin County,119300000,14454,False
2009,2102520,Harlan Independent,7234000,981,False
2009,2102540,Harlan County,39711000,4242,False
2009,2102580,Harrison County,25417000,3228,False
2009,2102640,Hart County,23263000,2391,False
2009,2102670,Hazard Independent,8570000,967,False
2009,2102710,Henderson County,62743000,7342,False
2009,2102760,Henry County,18480000,2287,False
2009,2102790,Hickman County,8010000,796,False
2009,2102860,Hopkins County,61170000,7177,False
2009,2102910,Jackson Independent,3835000,427,False
2009,2102940,Jackson County,23881000,2365,False
2009,2102990,Jefferson County,1018896000,98808,False
2009,2103000,Jenkins Independent,5912000,593,False
2009,2103030,Jessamine County,65537000,7746,False
2009,2103060,Johnson County,35991000,3790,False
2009,2103090,Kenton County,111177000,14346,False
2009,2103120,Knott County,25359000,2601,False
2009,2103150,Knox County,44652000,4864,False
2009,2103180,LaRue County,20585000,2398,False
2009,2103210,Laurel County,74707000,9421,False
2009,2103240,Lawrence County,23135000,2483,False
2009,2103270,Lee County,10725000,1122,False
2009,2103330,Leslie County,18993000,1937,False
2009,2103360,Letcher County,31987000,3292,False
2009,2103390,Lewis County,23204000,2438,False
2009,2103480,Lincoln County,40784000,4300,False
2009,2103510,Livingston County,12756000,1341,False
2009,2103540,Logan County,30522000,3713,False
2009,2103630,Ludlow Independent,7639000,899,False
2009,2103690,Lyon County,8035000,899,False
2009,2103720,Madison County,90331000,11065,False
2009,2103750,Magoffin County,23830000,2419,False
2009,2103780,Marion County,28188000,3258,False
2009,2103810,Marshall County,41921000,4896,False
2009,2103840,Martin County,22312000,2141,False
2009,2103870,Mason County,24672000,2889,False
2009,2103900,Mayfield Independent,14874000,1621,False
2009,2103960,McCracken County,59775000,7249,False
2009,2103990,McCreary County,31533000,3249,False
2009,2104020,McLean County,13678000,1708,False
2009,2104050,Meade County,39293000,5129,False
2009,2104080,Menifee County,10674000,1176,False
2009,2104110,Mercer County,28849000,3197,False
2009,2104140,Metcalfe County,15424000,1773,False
2009,2104170,Middlesboro Independent,14312000,1602,False
2009,2104200,Monroe County,19052000,2017,False
2009,2104250,Montgomery County,37287000,4736,False
2009,2104260,MONTICELLO INDEPENDENT,8362000,880,False
2009,2104290,Morgan County,18798000,2125,False
2009,2104380,Murray Independent,14260000,1490,False
2009,2104410,Nelson County,40458000,4843,False
2009,2104440,Newport Independent,22091000,1950,False
2009,2104470,Nicholas County,10858000,1252,False
2009,2104500,Ohio County,35720000,4033,False
2009,2104530,Oldham County,92289000,11987,False
2009,2104560,Owen County,17697000,1921,False
2009,2104590,Owensboro Independent,44411000,4338,False
2009,2104620,Owsley County,10022000,808,False
2009,2104650,Paducah Independent,31937000,2998,False
2009,2104680,Paintsville Independent,8010000,842,False
2009,2104710,Paris Independent,7146000,790,False
2009,2104740,Pendleton County,22824000,2740,False
2009,2104770,Perry County,40279000,4396,False
2009,2104800,Pike County,89308000,10116,False
2009,2104830,Pikeville Independent,12088000,1207,False
2009,2104860,Pineville Independent,5323000,578,False
2009,2104890,Powell County,22818000,2590,False
2009,2104950,Pulaski County,70453000,8346,False
2009,2104980,Raceland-Worthington Independent,8902000,1080,False
2009,2105040,Robertson County,3918000,375,False
2009,2105070,Rockcastle County,27903000,3073,False
2009,2105100,Rowan County,29035000,3393,False
2009,2105130,Russell Independent,18553000,2271,False
2009,2105160,Russell County,28268000,3026,False
2009,2105190,Russellville Independent,10223000,1114,False
2009,2105220,Science Hill Independent,3463000,486,False
2009,2105260,Scott County,61302000,8282,False
2009,2105320,Shelby County,56502000,6768,False
2009,2105370,Silver Grove Independent,3103000,248,False
2009,2105400,Simpson County,24884000,3084,False
2009,2105430,Somerset Independent,12909000,1482,False
2009,2105460,Southgate Independent,2082000,239,False
2009,2105490,Spencer County,21413000,2883,False
2009,2105520,Taylor County,20943000,2719,False
2009,2105550,Todd County,19989000,2181,False
2009,2105580,Trigg County,18325000,2134,False
2009,2105610,Trimble County,12476000,1613,False
2009,2105640,Union County,22850000,2368,False
2009,2105700,Walton-Verona Independent,12683000,1502,False
2009,2105730,Warren County,105041000,13627,False
2009,2105760,Washington County,16280000,1724,False
2009,2105790,Wayne County,23687000,2614,False
2009,2105820,Webster County,19407000,2297,False
2009,2105850,West Point Independent,1411000,111,False
2009,2105880,Whitley County,45563000,4842,False
2009,2105910,Williamsburg Independent,7618000,787,False
2009,2105940,Williamstown Independent,8328000,1117,False
2009,2105970,Wolfe County,13320000,1287,False
2009,2106000,Woodford County,31100000,4152,False
2010,2100030,Adair County,24024000,2580,False
2010,2100070,Allen County,25147000,3055,False
2010,2100081,Muhlenberg County,50874000,5238,False
2010,2100090,Anchorage Independent,5812000,358,False
2010,2100094,Kentucky School for the Blind District,-2,60,False
2010,2100095,Kentucky School for the Deaf District,-2,110,False
2010,2100096,,-2,-2,False
2010,2100097,,-2,-2,False
2010,2100098,,-2,-2,False
2010,2100099,,-2,-2,False
2010,2100100,,-2,-2,False
2010,2100101,,-2,-2,False
2010,2100102,,-2,-2,False
2010,2100103,,-2,-2,False
2010,2100104,,-2,-2,False
2010,2100105,,-2,-2,False
2010,2100106,,-2,-2,False
2010,2100107,,-2,-2,False
2010,2100108,,-2,-2,False
2010,2100109,,-2,-2,False
2010,2100110,,-2,-2,False
2010,2100111,,-2,-2,False
2010,2100112,,-2,-2,False
2010,2100113,,-2,-2,False
2010,2100120,Anderson County,32395000,3990,False
2010,2100150,Ashland Independent,28904000,3114,False
2010,2100180,Augusta Independent,2992000,283,False
2010,2100210,Ballard County,13298000,1460,False
2010,2100240,Barbourville Independent,5460000,716,False
2010,2100270,Bardstown Independent,22794000,2744,False
2010,2100300,Barren County,44554000,4977,False
2010,2100330,Bath County,17803000,2050,False
2010,2100360,Beechwood Independent,9491000,1137,False
2010,2100390,Bell County,28933000,2924,False
2010,2100420,Bellevue Independent,7029000,790,False
2010,2100480,Berea Independent,10895000,1107,False
2010,2100510,Boone County,159037000,19306,False
2010,2100540,Bourbon County,26267000,2878,False
2010,2100570,Bowling Green Independent,38203000,3877,False
2010,2100620,Boyd County,33370000,3189,False
2010,2100630,Boyle County,22416000,2757,False
2010,2100660,Bracken County,9501000,1229,False
2010,2100690,Breathitt County,24309000,2283,False
2010,2100720,Breckinridge County,25073000,2749,False
2010,2100750,Bullitt County,99207000,12873,False
2010,2100780,Burgin Independent,3837000,476,False
2010,2100810,Butler County,18831000,2148,False
2010,2100840,Caldwell County,17391000,2023,False
2010,2100870,Calloway County,28489000,3180,False
2010,2100900,Campbell County,42287000,4949,False
2010,2100930,Campbellsville Independent,11726000,1065,False
2010,2100960,Carlisle County,7631000,836,False
2010,2100990,Carroll County,20537000,1934,False
2010,2101020,Carter County,43629000,4874,False
2010,2101050,Casey County,21693000,2318,False
2010,2101110,Caverna Independent,8540000,820,False
2010,2101150,Christian County,81137000,9291,False
2010,2101200,Clark County,45434000,5710,False
2010,2101230,Clay County,36837000,3509,False
2010,2101260,Clinton County,17680000,1806,False
2010,2101290,Cloverport Independent,3804000,341,False
2010,2101320,Corbin Independent,21922000,2752,False
2010,2101350,Covington Independent,44473000,3866,False
2010,2101380,Crittenden County,11113000,1339,False
2010,2101410,Cumberland County,10054000,1030,False
2010,2101440,Danville Independent,19831000,1739,False
2010,2101470,Daviess County,101975000,11310,False
2010,2101500,Dawson Springs Independent,6047000,717,False
2010,2101530,Dayton Independent,8508000,934,False
2010,2101590,East Bernstadt Independent,4471000,548,False
2010,2101620,Edmonson County,17924000,2072,False
2010,2101650,Elizabethtown Independent,19447000,2416,False
2010,2101680,Elliott County,10403000,1105,False
2010,2101710,Eminence Independent,6057000,638,False
2010,2101740,Erlanger-Elsmere Independent,20332000,2301,False
2010,2101760,Estill County,21972000,2527,False
2010,2101800,Fairview Independent,7089000,856,False
2010,2101860,Fayette County,392645000,37819,False
2010,2101920,Fleming County,22824000,2325,False
2010,2101950,Floyd County,61329000,6050,False
2010,2101980,Frankfort Independent,9334000,799,False
2010,2102010,Franklin County,51426000,6067,False
2010,2102040,Fort Thomas Independent,22813000,2669,False
2010,2102070,Fulton Independent,4905000,425,False
2010,2102100,Fulton County,6526000,524,False
2010,2102130,Gallatin County,14358000,1661,False
2010,2102160,Garrard County,22506000,2669,False
2010,2102220,Glasgow Independent,18796000,1903,False
2010,2102250,Grant County,31068000,3757,False
2010,2102280,Graves County,38580000,4756,False
2010,2102300,Grayson County,35114000,4320,False
2010,2102340,Green County,16475000,1723,False
2010,2102400,Greenup County,27896000,2949,False
2010,2102460,Hancock County,15870000,1716,False
2010,2102490,Hardin County,125813000,14675,False
2010,2102520,Harlan Independent,6863000,961,False
2010,2102540,Harlan County,39947000,4171,False
2010,2102580,Harrison County,26416000,3068,False
2010,2102640,Hart County,23374000,2396,False
2010,2102670,Hazard Independent,8356000,968,False
2010,2102710,Henderson County,64333000,7195,False
2010,2102760,Henry County,18194000,2241,False
2010,2102790,Hickman County,8356000,810,False
2010,2102860,Hopkins County,63372000,7051,False
2010,2102910,Jackson Independent,3968000,428,False
2010,2102940,Jackson County,23834000,2260,False
2010,2102990,Jefferson County,1069548000,97331,False
2010,2103000,Jenkins Independent,5792000,587,False
2010,2103030,Jessamine County,65301000,7749,False
2010,2103060,Johnson County,34596000,3769,False
2010,2103090,Kenton County,115215000,14465,False
2010,2103120,Knott County,25272000,2547,False
2010,2103150,Knox County,46790000,4720,False
2010,2103180,LaRue County,20668000,2418,False
2010,2103210,Laurel County,79020000,9394,False
2010,2103240,Lawrence County,23010000,2524,False
2010,2103270,Lee County,11074000,1124,False
2010,2103330,Leslie County,19357000,1856,False
2010,2103360,Letcher County,32867000,3354,False
2010,2103390,Lewis County,21998000,2372,False
2010,2103480,Lincoln County,39157000,4047,False
2010,2103510,Livingston County,13521000,1279,False
2010,2103540,Logan County,31371000,3648,False
2010,2103630,Ludlow Independent,7970000,894,False
2010,2103690,Lyon County,8062000,760,False
2010,2103720,Madison County,91919000,11138,False
2010,2103750,Magoffin County,24458000,2222,False
2010,2103780,Marion County,28065000,3213,False
2010,2103810,Marshall County,43660000,4857,False
2010,2103840,Martin County,22215000,2164,False
2010,2103870,Mason County,24714000,2860,False
2010,2103900,Mayfield Independent,14919000,1547,False
2010,2103960,McCracken County,58660000,7208,False
2010,2103990,McCreary County,32443000,3145,False
2010,2104020,McLean County,14126000,1652,False
2010,2104050,Meade County,40400000,5158,False
2010,2104080,Menifee County,11152000,1135,False
2010,2104110,Mercer County,28030000,3110,False
2010,2104140,Metcalfe County,17111000,1672,False
2010,2104170,Middlesboro Independent,14510000,1487,False
2010,2104200,Monroe County,20102000,2007,False
2010,2104250,Montgomery County,40101000,4739,False
2010,2104260,MONTICELLO INDEPENDENT,8692000,906,False
2010,2104290,Morgan County,19061000,2090,False
2010,2104380,Murray Independent,14977000,1439,False
2010,2104410,Nelson County,42497000,4816,False
2010,2104440,Newport Independent,21425000,1829,False
2010,2104470,Nicholas County,10522000,1217,False
2010,2104500,Ohio County,35663000,3966,False
2010,2104530,Oldham County,97353000,11951,False
2010,2104560,Owen County,16653000,1947,False
2010,2104590,Owensboro Independent,46981000,4172,False
2010,2104620,Owsley County,11229000,811,False
2010,2104650,Paducah Independent,32328000,2697,False
2010,2104680,Paintsville Independent,8504000,827,False
2010,2104710,Paris Independent,7199000,767,False
2010,2104740,Pendleton County,23220000,2646,False
2010,2104770,Perry County,40385000,4294,False
2010,2104800,Pike County,91155000,9982,False
2010,2104830,Pikeville Independent,12335000,1193,False
2010,2104860,Pineville Independent,5198000,562,False
2010,2104890,Powell County,22532000,2467,False
2010,2104950,Pulaski County,71043000,8273,False
2010,2104980,Raceland-Worthington Independent,8955000,1086,False
2010,2105040,Robertson County,3971000,370,False
2010,2105070,Rockcastle County,27189000,3014,False
2010,2105100,Rowan County,29425000,3363,False
2010,2105130,Russell Independent,18432000,2215,False
2010,2105160,Russell County,27112000,2982,False
2010,2105190,Russellville Independent,10288000,1108,False
2010,2105220,Science Hill Independent,3579000,526,False
2010,2105260,Scott County,64013000,8424,False
2010,2105320,Shelby County,61454000,7051,False
2010,2105370,Silver Grove Independent,3540000,254,False
2010,2105400,Simpson County,25308000,3061,False
2010,2105430,Somerset Independent,13280000,1532,False
2010,2105460,Southgate Independent,2160000,229,False
2010,2105490,Spencer County,21394000,2866,False
2010,2105520,Taylor County,22034000,2693,False
2010,2105550,Todd County,20243000,2142,False
2010,2105580,Trigg County,18615000,2106,False
2010,2105610,Trimble County,12831000,1530,False
2010,2105640,Union County,23975000,2224,False
2010,2105700,Walton-Verona Independent,12674000,1558,False
2010,2105730,Warren County,113576000,13910,False
2010,2105760,Washington County,15999000,1669,False
2010,2105790,Wayne County,23841000,2618,False
2010,2105820,Webster County,19693000,2220,False
2010,2105850,West Point Independent,1413000,121,False
2010,2105880,Whitley County,45958000,4559,False
2010,2105910,Williamsburg Independent,7596000,770,False
2010,2105940,Williamstown Independent,8621000,937,False
2010,2105970,Wolfe County,14280000,1273,False
2010,2106000,Woodford County,32749000,4093,False
2011,2100030,Adair County,23612000,2601,False
2011,2100070,Allen County,26003000,3071,False
2011,2100081,Muhlenberg County,52941000,5302,False
2011,2100090,Anchorage Independent,6743000,358,False
2011,2100094,Kentucky School for the Blind District,-2,61,False
2011,2100095,Kentucky School for the Deaf District,-2,99,False
2011,2100096,,-2,-2,False
2011,2100097,,-2,-2,False
2011,2100098,,-2,-2,False
2011,2100099,,-2,-2,False
2011,2100100,,-2,-2,False
2011,2100101,,-2,-2,False
2011,2100102,,-2,-2,False
2011,2100103,,-2,-2,False
2011,2100104,,-2,-2,False
2011,2100105,,-2,-2,False
2011,2100106,,-2,-2,False
2011,2100107,,-2,-2,False
2011,2100108,,-2,-2,False
2011,2100109,,-2,-2,False
2011,2100110,,-2,-2,False
2011,2100111,,-2,-2,False
2011,2100112,,-2,-2,False
2011,2100113,,-2,-2,False
2011,2100120,Anderson County,32033000,3977,False
2011,2100150,Ashland Independent,30000000,3303,False
2011,2100180,Augusta Independent,2864000,304,False
2011,2100210,Ballard County,13535000,1467,False
2011,2100240,Barbourville Independent,5585000,715,False
2011,2100270,Bardstown Independent,23445000,2753,False
2011,2100300,Barren County,44229000,5053,False
2011,2100330,Bath County,18010000,2131,False
2011,2100360,Beechwood Independent,9816000,1162,False
2011,2100390,Bell County,29528000,3039,False
2011,2100420,Bellevue Independent,6813000,808,False
2011,2100480,Berea Independent,11648000,1143,False
2011,2100510,Boone County,163122000,19577,False
2011,2100540,Bourbon County,27053000,2978,False
2011,2100570,Bowling Green Independent,39451000,4008,False
2011,2100620,Boyd County,33381000,3428,False
2011,2100630,Boyle County,23185000,2783,False
2011,2100660,Bracken County,9692000,1200,False
2011,2100690,Breathitt County,23420000,2315,False
2011,2100720,Breckinridge County,25746000,2834,False
2011,2100750,Bullitt County,100978000,13033,False
2011,2100780,Burgin Independent,3912000,465,False
2011,2100810,Butler County,19119000,2156,False
2011,2100840,Caldwell County,17460000,2077,False
2011,2100870,Calloway County,28467000,3364,False
2011,2100900,Campbell County,44323000,4987,False
2011,2100930,Campbellsville Independent,11584000,1106,False
2011,2100960,Carlisle County,7899000,858,False
2011,2100990,Carroll County,21182000,1990,False
2011,2101020,Carter County,43779000,4863,False
2011,2101050,Casey County,22369000,2366,False
2011,2101110,Caverna Independent,8340000,790,False
2011,2101150,Christian County,84848000,9401,False
2011,2101200,Clark County,46830000,5729,False
2011,2101230,Clay County,36566000,3473,False
2011,2101260,Clinton County,18666000,1848,False
2011,2101290,Cloverport Independent,3531000,394,False
2011,2101320,Corbin Independent,22830000,2812,False
2011,2101350,Covington Independent,45516000,3990,False
2011,2101380,Crittenden County,11321000,1357,False
2011,2101410,Cumberland County,9892000,1019,False
2011,2101440,Danville Independent,20087000,1785,False
2011,2101470,Daviess County,102158000,11426,False
2011,2101500,Dawson Springs Independent,6136000,707,False
2011,2101530,Dayton Independent,9154000,928,False
2011,2101590,East Bernstadt Independent,4488000,572,False
2011,2101620,Edmonson County,18136000,2094,False
2011,2101650,Elizabethtown Independent,20312000,2475,False
2011,2101680,Elliott County,10237000,1084,False
2011,2101710,Eminence Independent,5840000,658,False
2011,2101740,Erlanger-Elsmere Independent,20882000,2273,False
2011,2101760,Estill County,22304000,2575,False
2011,2101800,Fairview Independent,7083000,882,False
2011,2101860,Fayette County,415256000,38641,False
2011,2101920,Fleming County,22818000,2354,False
2011,2101950,Floyd County,61430000,6374,False
2011,2101980,Frankfort Independent,8413000,914,False
2011,2102010,Franklin County,53892000,6211,False
2011,2102040,Fort Thomas Independent,24070000,2771,False
2011,2102070,Fulton Independent,4569000,438,False
2011,2102100,Fulton County,6930000,601,False
2011,2102130,Gallatin County,14835000,1651,False
2011,2102160,Garrard County,22224000,2659,False
2011,2102220,Glasgow Independent,19476000,2020,False
2011,2102250,Grant County,31951000,3822,False
2011,2102280,Graves County,39626000,4766,False
2011,2102300,Grayson County,35916000,4339,False
2011,2102340,Green County,16476000,1780,False
2011,2102400,Greenup County,27861000,3051,False
2011,2102460,Hancock County,16214000,1705,False
2011,2102490,Hardin County,127598000,14174,False
2011,2102520,Harlan Independent,7008000,930,False
2011,2102540,Harlan County,39639000,4274,False
2011,2102580,Harrison County,26114000,3172,False
2011,2102640,Hart County,23021000,2387,False
2011,2102670,Hazard Independent,8648000,974,False
2011,2102710,Henderson County,65423000,7379,False
2011,2102760,Henry County,19432000,2252,False
2011,2102790,Hickman County,8266000,809,False
2011,2102860,Hopkins County,62248000,7186,False
2011,2102910,Jackson Independent,4006000,428,False
2011,2102940,Jackson County,22978000,2301,False
2011,2102990,Jefferson County,1131376000,99191,False
2011,2103000,Jenkins Independent,5695000,587,False
2011,2103030,Jessamine County,66863000,7922,False
2011,2103060,Johnson County,34548000,3849,False
2011,2103090,Kenton County,120041000,14607,False
2011,2103120,Knott County,26414000,2529,False
2011,2103150,Knox County,46932000,4557,False
2011,2103180,LaRue County,21103000,2405,False
2011,2103210,Laurel County,76146000,9460,False
2011,2103240,Lawrence County,22628000,2506,False
2011,2103270,Lee County,10896000,1120,False
2011,2103330,Leslie County,19840000,1885,False
2011,2103360,Letcher County,32335000,3366,False
2011,2103390,Lewis County,21083000,2381,False
2011,2103480,Lincoln County,39093000,4166,False
2011,2103510,Livingston County,13063000,1337,False
2011,2103540,Logan County,31311000,3572,False
2011,2103630,Ludlow Independent,7869000,866,False
2011,2103690,Lyon County,7955000,878,False
2011,2103720,Madison County,96328000,11260,False
2011,2103750,Magoffin County,22855000,2363,False
2011,2103780,Marion County,27876000,3221,False
2011,2103810,Marshall County,43320000,4756,False
2011,2103840,Martin County,22492000,2232,False
2011,2103870,Mason County,25540000,2895,False
2011,2103900,Mayfield Independent,15548000,1620,False
2011,2103960,McCracken County,58133000,7130,False
2011,2103990,McCreary County,31497000,3164,False
2011,2104020,McLean County,14642000,1672,False
2011,2104050,Meade County,41485000,5139,False
2011,2104080,Menifee County,11439000,1108,False
2011,2104110,Mercer County,25991000,3059,False
2011,2104140,Metcalfe County,17028000,1637,False
2011,2104170,Middlesboro Independent,14499000,1480,False
2011,2104200,Monroe County,20521000,1897,False
2011,2104250,Montgomery County,40193000,4856,False
2011,2104260,MONTICELLO INDEPENDENT,8575000,894,False
2011,2104290,Morgan County,19326000,2112,False
2011,2104380,Murray Independent,15551000,1506,False
2011,2104410,Nelson County,40552000,4757,False
2011,2104440,Newport Independent,21144000,1770,False
2011,2104470,Nicholas County,9987000,1217,False
2011,2104500,Ohio County,34999000,4189,False
2011,2104530,Oldham County,102285000,12053,False
2011,2104560,Owen County,16828000,1886,False
2011,2104590,Owensboro Independent,45473000,4624,False
2011,2104620,Owsley County,10467000,818,False
2011,2104650,Paducah Independent,33081000,2988,False
2011,2104680,Paintsville Independent,8716000,850,False
2011,2104710,Paris Independent,7026000,733,False
2011,2104740,Pendleton County,22188000,2569,False
2011,2104770,Perry County,41212000,4373,False
2011,2104800,Pike County,89001000,9886,False
2011,2104830,Pikeville Independent,12256000,1193,False
2011,2104860,Pineville Independent,5383000,597,False
2011,2104890,Powell County,22059000,2501,False
2011,2104950,Pulaski County,72507000,8176,False
2011,2104980,Raceland-Worthington Independent,8791000,1079,False
2011,2105040,Robertson County,3924000,363,False
2011,2105070,Rockcastle County,27543000,2997,False
2011,2105100,Rowan County,29275000,3343,False
2011,2105130,Russell Independent,17844000,2226,False
2011,2105160,Russell County,27663000,2984,False
2011,2105190,Russellville Independent,10745000,1114,False
2011,2105220,Science Hill Independent,3890000,539,False
2011,2105260,Scott County,67008000,8544,False
2011,2105320,Shelby County,63260000,7108,False
2011,2105370,Silver Grove Independent,3115000,252,False
2011,2105400,Simpson County,26473000,3017,False
2011,2105430,Somerset Independent,13108000,1554,False
2011,2105460,Southgate Independent,2405000,222,False
2011,2105490,Spencer County,21942000,2857,False
2011,2105520,Taylor County,22591000,2646,False
2011,2105550,Todd County,19960000,2222,False
2011,2105580,Trigg County,18733000,2143,False
2011,2105610,Trimble County,13031000,1443,False
2011,2105640,Union County,23136000,2369,False
2011,2105700,Walton-Verona Independent,13365000,1589,False
2011,2105730,Warren County,112219000,14037,False
2011,2105760,Washington County,16399000,1707,False
2011,2105790,Wayne County,24097000,2627,False
2011,2105820,Webster County,19463000,2273,False
2011,2105850,West Point Independent,1495000,123,False
2011,2105880,Whitley County,45989000,4638,False
2011,2105910,Williamsburg Independent,7573000,801,False
2011,2105940,Williamstown Independent,9180000,1098,False
2011,2105970,Wolfe County,14142000,1275,False
2011,2106000,Woodford County,37186000,4062,False
2012,2100030,Adair County,23992000,2679,False
2012,2100070,Allen County,25284000,3023,False
2012,2100081,Muhlenberg County,53822000,5266,False
2012,2100090,Anchorage Independent,6465000,376,False
2012,2100094,Kentucky School for the Blind District,-2,60,False
2012,2100095,Kentucky School for the Deaf District,-2,98,False
2012,2100096,,-2,-2,False
2012,2100097,,-2,-2,False
2012,2100098,,-2,-2,False
2012,2100099,,-2,-2,False
2012,2100100,,-2,-2,False
2012,2100101,,-2,-2,False
2012,2100102,,-2,-2,False
2012,2100103,,-2,-2,False
2012,2100104,,-2,-2,False
2012,2100105,,-2,-2,False
2012,2100106,,-2,-2,False
2012,2100107,,-2,-2,False
2012,2100108,,-2,-2,False
2012,2100109,,-2,-2,False
2012,2100110,,-2,-2,False
2012,2100111,,-2,-2,False
2012,2100112,,-2,-2,False
2012,2100113,,-2,-2,False
2012,2100120,Anderson County,31450000,3922,False
2012,2100150,Ashland Independent,29799000,3208,False
2012,2100180,Augusta Independent,2873000,296,False
2012,2100210,Ballard County,12604000,1448,False
2012,2100240,Barbourville Independent,5888000,691,False
2012,2100270,Bardstown Independent,24457000,2763,False
2012,2100300,Barren County,45361000,5055,False
2012,2100330,Bath County,18110000,2136,False
2012,2100360,Beechwood Independent,9911000,1212,False
2012,2100390,Bell County,29004000,3043,False
2012,2100420,Bellevue Independent,7154000,812,False
2012,2100480,Berea Independent,11455000,1145,False
2012,2100510,Boone County,166783000,19827,False
2012,2100540,Bourbon County,26253000,2979,False
2012,2100570,Bowling Green Independent,38442000,3992,False
2012,2100620,Boyd County,32475000,3451,False
2012,2100630,Boyle County,21946000,2753,False
2012,2100660,Bracken County,9972000,1258,False
2012,2100690,Breathitt County,23136000,2199,False
2012,2100720,Breckinridge County,25784000,2841,False
2012,2100750,Bullitt County,100876000,13082,False
2012,2100780,Burgin Independent,3892000,460,False
2012,2100810,Butler County,17579000,2171,False
2012,2100840,Caldwell County,16713000,2111,False
2012,2100870,Calloway County,28968000,3352,False
2012,2100900,Campbell County,45357000,4992,False
2012,2100930,Campbellsville Independent,11362000,1153,False
2012,2100960,Carlisle County,8054000,862,False
2012,2100990,Carroll County,21660000,2014,False
2012,2101020,Carter County,42146000,4849,False
2012,2101050,Casey County,22018000,2324,False
2012,2101110,Caverna Independent,8300000,791,False
2012,2101150,Christian County,84882000,9403,False
2012,2101200,Clark County,48042000,5772,False
2012,2101230,Clay County,34193000,3448,False
2012,2101260,Clinton County,18065000,1819,False
2012,2101290,Cloverport Independent,3587000,387,False
2012,2101320,Corbin Independent,22972000,2950,False
2012,2101350,Covington Independent,46856000,4140,False
2012,2101380,Crittenden County,11626000,1346,False
2012,2101410,Cumberland County,9937000,1032,False
2012,2101440,Danville Independent,19904000,1844,False
2012,2101470,Daviess County,102281000,11381,False
2012,2101500,Dawson Springs Independent,5796000,658,False
2012,2101530,Dayton Independent,8953000,927,False
2012,2101590,East Bernstadt Independent,4307000,544,False
2012,2101620,Edmonson County,17581000,2025,False
2012,2101650,Elizabethtown Independent,20912000,2463,False
2012,2101680,Elliott County,9823000,1063,False
2012,2101710,Eminence Independent,5801000,672,False
2012,2101740,Erlanger-Elsmere Independent,22028000,2219,False
2012,2101760,Estill County,22835000,2559,False
2012,2101800,Fairview Independent,7395000,886,False
2012,2101860,Fayette County,427850000,39250,False
2012,2101920,Fleming County,22991000,2323,False
2012,2101950,Floyd County,60500000,6431,False
2012,2101980,Frankfort Independent,8341000,845,False
2012,2102010,Franklin County,55279000,6288,False
2012,2102040,Fort Thomas Independent,24128000,2864,False
2012,2102070,Fulton Independent,4576000,421,False
2012,2102100,Fulton County,6899000,588,False
2012,2102130,Gallatin County,14744000,1683,False
2012,2102160,Garrard County,22464000,2645,False
2012,2102220,Glasgow Independent,19593000,2008,False
2012,2102250,Grant County,32923000,3813,False
2012,2102280,Graves County,39259000,4811,False
2012,2102300,Grayson County,36211000,4366,False
2012,2102340,Green County,16206000,1755,False
2012,2102400,Greenup County,26485000,2993,False
2012,2102460,Hancock County,16014000,1690,False
2012,2102490,Hardin County,125651000,14531,False
2012,2102520,Harlan Independent,6617000,921,False
2012,2102540,Harlan County,38156000,4257,False
2012,2102580,Harrison County,25856000,3108,False
2012,2102640,Hart County,22411000,2453,False
2012,2102670,Hazard Independent,7967000,959,False
2012,2102710,Henderson County,69107000,7510,False
2012,2102760,Henry County,18818000,2252,False
2012,2102790,Hickman County,8298000,822,False
2012,2102860,Hopkins County,62791000,7174,False
2012,2102910,Jackson Independent,3877000,430,False
2012,2102940,Jackson County,23624000,2364,False
2012,2102990,Jefferson County,1135349000,100316,False
2012,2103000,Jenkins Independent,5450000,577,False
2012,2103030,Jessamine County,68585000,7954,False
2012,2103060,Johnson County,34909000,3824,False
2012,2103090,Kenton County,120321000,14676,False
2012,2103120,Knott County,26094000,2542,False
2012,2103150,Knox County,46278000,4538,False
2012,2103180,LaRue County,21263000,2397,False
2012,2103210,Laurel County,76469000,9480,False
2012,2103240,Lawrence County,22497000,2525,False
2012,2103270,Lee County,10472000,1077,False
2012,2103330,Leslie County,19008000,1918,False
2012,2103360,Letcher County,32294000,3285,False
2012,2103390,Lewis County,21072000,2430,False
2012,2103480,Lincoln County,37467000,4093,False
2012,2103510,Livingston County,12374000,1289,False
2012,2103540,Logan County,30976000,3616,False
2012,2103630,Ludlow Independent,8150000,880,False
2012,2103690,Lyon County,8020000,896,False
2012,2103720,Madison County,93616000,11356,False
2012,2103750,Magoffin County,21170000,2322,False
2012,2103780,Marion County,28185000,3205,False
2012,2103810,Marshall County,41907000,4814,False
2012,2103840,Martin County,21851000,2237,False
2012,2103870,Mason County,26179000,2936,False
2012,2103900,Mayfield Independent,16174000,1678,False
2012,2103960,McCracken County,57718000,7047,False
2012,2103990,McCreary County,29302000,3087,False
2012,2104020,McLean County,14557000,1672,False
2012,2104050,Meade County,41401000,5124,False
2012,2104080,Menifee County,11204000,1123,False
2012,2104110,Mercer County,25968000,3034,False
2012,2104140,Metcalfe County,16805000,1632,False
2012,2104170,Middlesboro Independent,13289000,1427,False
2012,2104200,Monroe County,19497000,1928,False
2012,2104250,Montgomery County,41770000,4770,False
2012,2104260,MONTICELLO INDEPENDENT,7448000,812,False
2012,2104290,Morgan County,19103000,2066,False
2012,2104380,Murray Independent,15123000,1579,False
2012,2104410,Nelson County,40460000,4752,False
2012,2104440,Newport Independent,20761000,1780,False
2012,2104470,Nicholas County,9312000,1171,False
2012,2104500,Ohio County,34574000,4268,False
2012,2104530,Oldham County,101362000,12066,False
2012,2104560,Owen County,16285000,1902,False
2012,2104590,Owensboro Independent,46791000,4873,False
2012,2104620,Owsley County,10485000,838,False
2012,2104650,Paducah Independent,31385000,2978,False
2012,2104680,Paintsville Independent,8935000,801,False
2012,2104710,Paris Independent,7187000,755,False
2012,2104740,Pendleton County,21413000,2548,False
2012,2104770,Perry County,41484000,4272,False
2012,2104800,Pike County,88648000,9612,False
2012,2104830,Pikeville Independent,12227000,1217,False
2012,2104860,Pineville Independent,5355000,557,False
2012,2104890,Powell County,21713000,2521,False
2012,2104950,Pulaski County,69202000,8293,False
2012,2104980,Raceland-Worthington Independent,8215000,1070,False
2012,2105040,Robertson County,3847000,358,False
2012,2105070,Rockcastle County,27520000,2944,False
2012,2105100,Rowan County,29009000,3340,False
2012,2105130,Russell Independent,18459000,2217,False
2012,2105160,Russell County,26502000,3054,False
2012,2105190,Russellville Independent,10608000,1088,False
2012,2105220,Science Hill Independent,3955000,536,False
2012,2105260,Scott County,68363000,8715,False
2012,2105320,Shelby County,63760000,7222,False
2012,2105370,Silver Grove Independent,2846000,239,False
2012,2105400,Simpson County,25991000,2994,False
2012,2105430,Somerset Independent,13313000,1606,False
2012,2105460,Southgate Independent,2537000,214,False
2012,2105490,Spencer County,22682000,2901,False
2012,2105520,Taylor County,22816000,2671,False
2012,2105550,Todd County,18891000,2146,False
2012,2105580,Trigg County,18940000,2173,False
2012,2105610,Trimble County,13343000,1471,False
2012,2105640,Union County,23633000,2464,False
2012,2105700,Walton-Verona Independent,13977000,1556,False
2012,2105730,Warren County,110907000,14382,False
2012,2105760,Washington County,16486000,1712,False
2012,2105790,Wayne County,24345000,2656,False
2012,2105820,Webster County,18972000,2291,False
2012,2105850,West Point Independent,1551000,128,False
2012,2105880,Whitley County,45083000,4573,False
2012,2105910,Williamsburg Independent,7712000,835,False
2012,2105940,Williamstown Independent,9144000,1130,False
2012,2105970,Wolfe County,13322000,1287,False
2012,2106000,Woodford County,34977000,4041,False
2013,2100030,Adair County,23056000,2699,False
2013,2100070,Allen County,25483000,2988,False
2013,2100081,Muhlenberg County,53926000,5161,False
2013,2100090,Anchorage Independent,6681000,362,False
2013,2100094,Kentucky School for the Blind District,-2,68,False
2013,2100095,Kentucky School for the Deaf District,-2,103,False
2013,2100096,,-2,-2,False
2013,2100097,,-2,-2,False
2013,2100098,,-2,-2,False
2013,2100099,,-2,-2,False
2013,2100100,,-2,-2,False
2013,2100101,,-2,-2,False
2013,2100102,,-2,-2,False
2013,2100103,,-2,-2,False
2013,2100104,,-2,-2,False
2013,2100105,,-2,-2,False
2013,2100106,,-2,-2,False
2013,2100107,,-2,-2,False
2013,2100108,,-2,-2,False
2013,2100109,,-2,-2,False
2013,2100110,,-2,-2,False
2013,2100111,,-2,-2,False
2013,2100112,,-2,-2,False
2013,2100113,,-2,-2,False
2013,2100120,Anderson County,31969000,3906,False
2013,2100150,Ashland Independent,28602000,3242,False
2013,2100180,Augusta Independent,2941000,308,False
2013,2100210,Ballard County,12681000,1407,False
2013,2100240,Barbourville Independent,5837000,707,False
2013,2100270,Bardstown Independent,25196000,2782,False
2013,2100289,Kentucky Tech System,-1,-2,False
2013,2100300,Barren County,44389000,5191,False
2013,2100330,Bath County,17747000,2123,False
2013,2100360,Beechwood Independent,10586000,1255,False
2013,2100390,Bell County,27783000,2968,False
2013,2100420,Bellevue Independent,7467000,770,False
2013,2100480,Berea Independent,11335000,1150,False
2013,2100510,Boone County,167899000,20046,False
2013,2100540,Bourbon County,26189000,2955,False
2013,2100570,Bowling Green Independent,38330000,4060,False
2013,2100620,Boyd County,31513000,3450,False
2013,2100630,Boyle County,21485000,2736,False
2013,2100660,Bracken County,9880000,1266,False
2013,2100690,Breathitt County,21620000,2111,False
2013,2100720,Breckinridge County,26269000,2876,False
2013,2100750,Bullitt County,104179000,13351,False
2013,2100780,Burgin Independent,4031000,481,False
2013,2100810,Butler County,18384000,2283,False
2013,2100840,Caldwell County,16819000,2142,False
2013,2100870,Calloway County,28876000,3284,False
2013,2100900,Campbell County,44360000,4900,False
2013,2100930,Campbellsville Independent,11342000,1157,False
2013,2100960,Carlisle County,7539000,829,False
2013,2100990,Carroll County,22111000,2075,False
2013,2101020,Carter County,41634000,4823,False
2013,2101050,Casey County,21510000,2284,False
2013,2101110,Caverna Independent,7940000,760,False
2013,2101150,Christian County,84301000,9327,False
2013,2101200,Clark County,48758000,5783,False
2013,2101230,Clay County,35270000,3422,False
2013,2101260,Clinton County,17200000,1806,False
2013,2101290,Cloverport Independent,3926000,428,False
2013,2101320,Corbin Independent,22970000,3000,False
2013,2101350,Covington Independent,46716000,4218,False
2013,2101380,Crittenden County,11301000,1331,False
2013,2101410,Cumberland County,9638000,986,False
2013,2101440,Danville Independent,20786000,1867,False
2013,2101470,Daviess County,102869000,11560,False
2013,2101500,Dawson Springs Independent,5746000,657,False
2013,2101530,Dayton Independent,8885000,913,False
2013,2101590,East Bernstadt Independent,4133000,514,False
2013,2101620,Edmonson County,17255000,1966,False
2013,2101650,Elizabethtown Independent,21170000,2572,False
2013,2101680,Elliott County,9965000,1056,False
2013,2101710,Eminence Independent,5948000,666,False
2013,2101740,Erlanger-Elsmere Independent,21275000,2293,False
2013,2101760,Estill County,22750000,2548,False
2013,2101800,Fairview Independent,7992000,908,False
2013,2101860,Fayette County,436624000,40079,False
2013,2101920,Fleming County,20419000,2336,False
2013,2101950,Floyd County,60016000,6342,False
2013,2101980,Frankfort Independent,9153000,826,False
2013,2102010,Franklin County,53626000,6330,False
2013,2102040,Fort Thomas Independent,25239000,2976,False
2013,2102070,Fulton Independent,4782000,410,False
2013,2102100,Fulton County,6932000,571,False
2013,2102130,Gallatin County,15337000,1721,False
2013,2102160,Garrard County,23224000,2677,False
2013,2102220,Glasgow Independent,19180000,2148,False
2013,2102250,Grant County,32600000,3914,False
2013,2102280,Graves County,38301000,4764,False
2013,2102300,Grayson County,36645000,4216,False
2013,2102340,Green County,16311000,1724,False
2013,2102400,Greenup County,25769000,2903,False
2013,2102460,Hancock County,15896000,1714,False
2013,2102490,Hardin County,128146000,14659,False
2013,2102520,Harlan Independent,6239000,849,False
2013,2102540,Harlan County,37553000,4319,False
2013,2102580,Harrison County,25552000,3103,False
2013,2102640,Hart County,23307000,2449,False
2013,2102670,Hazard Independent,8257000,988,False
2013,2102710,Henderson County,72977000,7566,False
2013,2102760,Henry County,18733000,2232,False
2013,2102790,Hickman County,8085000,855,False
2013,2102860,Hopkins County,63515000,7123,False
2013,2102910,Jackson Independent,3558000,403,False
2013,2102940,Jackson County,22639000,2366,False
2013,2102990,Jefferson County,1134909000,100529,False
2013,2103000,Jenkins Independent,5098000,575,False
2013,2103030,Jessamine County,69862000,8104,False
2013,2103060,Johnson County,34783000,3836,False
2013,2103090,Kenton County,123044000,14698,False
2013,2103120,Knott County,25430000,2515,False
2013,2103150,Knox County,45571000,4444,False
2013,2103180,LaRue County,21398000,2439,False
2013,2103210,Laurel County,76760000,9427,False
2013,2103240,Lawrence County,22501000,2525,False
2013,2103270,Lee County,9720000,1051,False
2013,2103330,Leslie County,18594000,1894,False
2013,2103360,Letcher County,31067000,3215,False
2013,2103390,Lewis County,20860000,2356,False
2013,2103480,Lincoln County,36553000,4068,False
2013,2103510,Livingston County,12570000,1279,False
2013,2103540,Logan County,30751000,3562,False
2013,2103630,Ludlow Independent,7586000,872,False
2013,2103690,Lyon County,8188000,923,False
2013,2103720,Madison County,90252000,11603,False
2013,2103750,Magoffin County,21611000,715,True
2013,2103780,Marion County,29166000,3212,False
2013,2103810,Marshall County,41872000,4825,False
2013,2103840,Martin County,21044000,2209,False
2013,2103870,Mason County,25091000,2920,False
2013,2103900,Mayfield Independent,16604000,1779,False
2013,2103960,McCracken County,58858000,6929,False
2013,2103990,McCreary County,28812000,3067,False
2013,2104020,McLean County,14705000,1622,False
2013,2104050,Meade County,40623000,5167,False
2013,2104080,Menifee County,10194000,1053,False
2013,2104110,Mercer County,26851000,2960,False
2013,2104140,Metcalfe County,16400000,1631,False
2013,2104170,Middlesboro Independent,12067000,1392,False
2013,2104200,Monroe County,19143000,1921,False
2013,2104250,Montgomery County,41894000,4911,False
2013,2104260,MONTICELLO INDEPENDENT,-2,-2,True
2013,2104290,Morgan County,19120000,2118,False
2013,2104380,Murray Independent,15379000,1517,False
2013,2104410,Nelson County,40549000,4743,False
2013,2104440,Newport Independent,21134000,1803,False
2013,2104470,Nicholas County,9615000,1044,False
2013,2104500,Ohio County,34951000,4253,False
2013,2104530,Oldham County,99578000,12270,False
2013,2104560,Owen County,15750000,1921,False
2013,2104590,Owensboro Independent,46296000,4975,False
2013,2104620,Owsley County,9642000,816,False
2013,2104650,Paducah Independent,31446000,2920,False
2013,2104680,Paintsville Independent,8512000,759,False
2013,2104710,Paris Independent,7160000,733,False
2013,2104740,Pendleton County,21919000,2492,False
2013,2104770,Perry County,40571000,4232,False
2013,2104800,Pike County,90244000,1743,True
2013,2104830,Pikeville Independent,11924000,1228,False
2013,2104860,Pineville Independent,4977000,508,False
2013,2104890,Powell County,22357000,2516,False
2013,2104950,Pulaski County,69668000,8857,False
2013,2104980,Raceland-Worthington Independent,8646000,1099,False
2013,2105040,Robertson County,3497000,367,False
2013,2105070,Rockcastle County,26158000,2942,False
2013,2105100,Rowan County,28379000,3179,False
2013,2105130,Russell Independent,18599000,2143,False
2013,2105160,Russell County,26891000,3116,False
2013,2105190,Russellville Independent,10576000,1077,False
2013,2105220,Science Hill Independent,4010000,515,False
2013,2105260,Scott County,70738000,8779,False
2013,2105320,Shelby County,64085000,7095,False
2013,2105370,Silver Grove Independent,2680000,189,False
2013,2105400,Simpson County,26118000,2997,False
2013,2105430,Somerset Independent,13863000,1687,False
2013,2105460,Southgate Independent,2310000,200,False
2013,2105490,Spencer County,23164000,2918,False
2013,2105520,Taylor County,22345000,2629,False
2013,2105550,Todd County,18793000,2123,False
2013,2105580,Trigg County,19169000,2127,False
2013,2105610,Trimble County,13393000,1369,False
2013,2105640,Union County,22554000,2361,False
2013,2105700,Walton-Verona Independent,14350000,1573,False
2013,2105730,Warren County,114337000,14531,False
2013,2105760,Washington County,15046000,1680,False
2013,2105790,Wayne County,31290000,3435,False
2013,2105820,Webster County,18904000,2292,False
2013,2105850,West Point Independent,1698000,52,True
2013,2105880,Whitley County,43455000,4447,False
2013,2105910,Williamsburg Independent,7349000,872,False
2013,2105940,Williamstown Independent,8597000,1016,False
2013,2105970,Wolfe County,13429000,1351,False
2013,2106000,Woodford County,35976000,4109,False
2014,2100030,Adair County,24361000,2713,False
2014,2100070,Allen County,26278000,3090,False
2014,2100081,Muhlenberg County,53999000,5153,False
2014,2100090,Anchorage Independent,6618000,380,False
2014,2100094,Kentucky School for the Blind District,-2,74,False
2014,2100095,Kentucky School for the Deaf District,-2,91,False
2014,2100097,,-2,-2,False
2014,2100099,,-2,-2,False
2014,2100101,,-2,-2,False
2014,2100102,,-2,-2,False
2014,2100103,,-2,-2,False
2014,2100104,,-2,-2,False
2014,2100106,,-2,-2,False
2014,2100107,,-2,-2,False
2014,2100108,,-2,-2,False
2014,2100109,,-2,-2,False
2014,2100112,,-2,-2,False
2014,2100113,,-2,-2,False
2014,2100120,Anderson County,32213000,3928,False
2014,2100150,Ashland Independent,29654000,3243,False
2014,2100180,Augusta Independent,2835000,284,False
2014,2100210,Ballard County,13225000,1426,False
2014,2100240,Barbourville Independent,5680000,718,False
2014,2100270,Bardstown Independent,26451000,2811,False
2014,2100289,Kentucky Tech System,-2,-1,False
2014,2100300,Barren County,47198000,5092,False
2014,2100330,Bath County,18822000,2152,False
2014,2100360,Beechwood Independent,11459000,1312,False
2014,2100390,Bell County,29346000,3074,False
2014,2100420,Bellevue Independent,7337000,765,False
2014,2100480,Berea Independent,11422000,1145,False
2014,2100510,Boone County,176082000,20381,False
2014,2100540,Bourbon County,26867000,2912,False
2014,2100570,Bowling Green Independent,40211000,4091,False
2014,2100620,Boyd County,32272000,3374,False
2014,2100630,Boyle County,22635000,2730,False
2014,2100660,Bracken County,10559000,1281,False
2014,2100690,Breathitt County,21188000,2030,False
2014,2100720,Breckinridge County,26740000,2856,False
2014,2100750,Bullitt County,111210000,13418,False
2014,2100780,Burgin Independent,4280000,498,False
2014,2100810,Butler County,19281000,2268,False
2014,2100840,Caldwell County,17267000,2132,False
2014,2100870,Calloway County,29023000,3249,False
2014,2100900,Campbell County,46077000,4963,False
2014,2100930,Campbellsville Independent,11972000,1174,False
2014,2100960,Carlisle County,7817000,808,False
2014,2100990,Carroll County,22663000,2069,False
2014,2101020,Carter County,42762000,4762,False
2014,2101050,Casey County,22022000,2307,False
2014,2101110,Caverna Independent,8507000,796,False
2014,2101150,Christian County,84611000,9312,False
2014,2101200,Clark County,49319000,5739,False
2014,2101230,Clay County,34598000,3393,False
2014,2101260,Clinton County,17568000,1856,False
2014,2101290,Cloverport Independent,4290000,453,False
2014,2101320,Corbin Independent,24264000,3078,False
2014,2101350,Covington Independent,48656000,4212,False
2014,2101380,Crittenden County,11939000,1423,False
2014,2101410,Cumberland County,9902000,954,False
2014,2101440,Danville Independent,21160000,1867,False
2014,2101470,Daviess County,105968000,11684,False
2014,2101500,Dawson Springs Independent,5726000,686,False
2014,2101530,Dayton Independent,9685000,975,False
2014,2101590,East Bernstadt Independent,4105000,526,False
2014,2101620,Edmonson County,17495000,1941,False
2014,2101650,Elizabethtown Independent,22576000,2632,False
2014,2101680,Elliott County,10239000,1088,False
2014,2101710,Eminence Independent,6620000,733,False
2014,2101740,Erlanger-Elsmere Independent,23074000,2320,False
2014,2101760,Estill County,22974000,2537,False
2014,2101800,Fairview Independent,8356000,847,False
2014,2101860,Fayette County,437052000,40590,False
2014,2101920,Fleming County,20864000,2306,False
2014,2101950,Floyd County,60998000,6243,False
2014,2101980,Frankfort Independent,9243000,863,False
2014,2102010,Franklin County,54777000,6357,False
2014,2102040,Fort Thomas Independent,26753000,3053,False
2014,2102070,Fulton Independent,4682000,405,False
2014,2102100,Fulton County,6446000,591,False
2014,2102130,Gallatin County,15822000,1723,False
2014,2102160,Garrard County,24271000,2669,False
2014,2102220,Glasgow Independent,21078000,2258,False
2014,2102250,Grant County,33744000,3967,False
2014,2102280,Graves County,39917000,4676,False
2014,2102300,Grayson County,37652000,4419,False
2014,2102340,Green County,16157000,1629,False
2014,2102400,Greenup County,25772000,2918,False
2014,2102460,Hancock County,16449000,1709,False
2014,2102490,Hardin County,131294000,14485,False
2014,2102520,Harlan Independent,6444000,856,False
2014,2102540,Harlan County,40541000,4139,False
2014,2102580,Harrison County,26923000,3039,False
2014,2102640,Hart County,24550000,2368,False
2014,2102670,Hazard Independent,8228000,995,False
2014,2102710,Henderson County,75566000,7573,False
2014,2102760,Henry County,19617000,2182,False
2014,2102790,Hickman County,8081000,820,False
2014,2102860,Hopkins County,64655000,7073,False
2014,2102910,Jackson Independent,3725000,394,False
2014,2102940,Jackson County,23171000,2371,False
2014,2102990,Jefferson County,1187386000,100602,False
2014,2103000,Jenkins Independent,5817000,528,False
2014,2103030,Jessamine County,74238000,8151,False
2014,2103060,Johnson County,37827000,3819,False
2014,2103090,Kenton County,123602000,14488,False
2014,2103120,Knott County,25726000,2455,False
2014,2103150,Knox County,46788000,4639,False
2014,2103180,LaRue County,22869000,2389,False
2014,2103210,Laurel County,79522000,9473,False
2014,2103240,Lawrence County,22744000,2627,False
2014,2103270,Lee County,9980000,1029,False
2014,2103330,Leslie County,18133000,1852,False
2014,2103360,Letcher County,32299000,3269,False
2014,2103390,Lewis County,21031000,2354,False
2014,2103480,Lincoln County,40397000,4045,False
2014,2103510,Livingston County,13427000,1243,False
2014,2103540,Logan County,31516000,3632,False
2014,2103630,Ludlow Independent,8581000,878,False
2014,2103690,Lyon County,8279000,914,False
2014,2103720,Madison County,96568000,11789,False
2014,2103750,Magoffin County,21985000,2281,False
2014,2103780,Marion County,29508000,3226,False
2014,2103810,Marshall County,43816000,4924,False
2014,2103840,Martin County,21170000,2090,False
2014,2103870,Mason County,24967000,2837,False
2014,2103900,Mayfield Independent,17407000,1792,False
2014,2103960,McCracken County,60962000,6937,False
2014,2103990,McCreary County,29124000,2967,False
2014,2104020,McLean County,14750000,1677,False
2014,2104050,Meade County,41119000,5078,False
2014,2104080,Menifee County,10395000,1043,False
2014,2104110,Mercer County,27741000,2927,False
2014,2104140,Metcalfe County,16850000,1655,False
2014,2104170,Middlesboro Independent,12118000,1351,False
2014,2104200,Monroe County,19451000,1882,False
2014,2104250,Montgomery County,43822000,4923,False
2014,2104290,Morgan County,19866000,2066,False
2014,2104380,Murray Independent,16703000,1688,False
2014,2104410,Nelson County,41887000,4705,False
2014,2104440,Newport Independent,22263000,1799,False
2014,2104470,Nicholas County,9831000,1189,False
2014,2104500,Ohio County,36273000,4292,False
2014,2104530,Oldham County,106422000,12265,False
2014,2104560,Owen County,16558000,1962,False
2014,2104590,Owensboro Independent,49451000,5032,False
2014,2104620,Owsley County,10160000,761,False
2014,2104650,Paducah Independent,32999000,3152,False
2014,2104680,Paintsville Independent,8412000,778,False
2014,2104710,Paris Independent,7271000,746,False
2014,2104740,Pendleton County,22185000,2468,False
2014,2104770,Perry County,42120000,4242,False
2014,2104800,Pike County,91455000,9361,False
2014,2104830,Pikeville Independent,12899000,1254,False
2014,2104860,Pineville Independent,5039000,516,False
2014,2104890,Powell County,23064000,2479,False
2014,2104950,Pulaski County,75717000,8317,False
2014,2104980,Raceland-Worthington Independent,8882000,1083,False
2014,2105040,Robertson County,3557000,377,False
2014,2105070,Rockcastle County,27090000,2932,False
2014,2105100,Rowan County,28654000,3380,False
2014,2105130,Russell Independent,19572000,2220,False
2014,2105160,Russell County,28530000,3069,False
2014,2105190,Russellville Independent,10637000,1062,False
2014,2105220,Science Hill Independent,4024000,499,False
2014,2105260,Scott County,74708000,9016,False
2014,2105320,Shelby County,69740000,7076,False
2014,2105370,Silver Grove Independent,2628000,179,False
2014,2105400,Simpson County,27552000,3032,False
2014,2105430,Somerset Independent,14674000,1689,False
2014,2105460,Southgate Independent,2132000,194,False
2014,2105490,Spencer County,24859000,2929,False
2014,2105520,Taylor County,23645000,2647,False
2014,2105550,Todd County,19089000,2131,False
2014,2105580,Trigg County,20009000,2068,False
2014,2105610,Trimble County,13608000,1468,False
2014,2105640,Union County,23086000,2342,False
2014,2105700,Walton-Verona Independent,14815000,1590,False
2014,2105730,Warren County,120587000,14850,False
2014,2105760,Washington County,16119000,1719,False
2014,2105790,Wayne County,32372000,3438,False
2014,2105820,Webster County,19475000,2301,False
2014,2105850,West Point Independent,1634000,176,True
2014,2105880,Whitley County,43809000,4579,False
2014,2105910,Williamsburg Independent,7811000,861,False
2014,2105940,Williamstown Independent,8606000,974,False
2014,2105970,Wolfe County,14498000,1328,False
2014,2106000,Woodford County,37479000,4116,False
2015,2100030,Adair County,25540000,2689,False
2015,2100070,Allen County,27381000,3071,False
2015,2100081,Muhlenberg County,45883000,5023,False
2015,2100090,Anchorage Independent,6536000,363,False
2015,2100094,Kentucky School for the Blind District,-2,67,False
2015,2100095,Kentucky School for the Deaf District,-2,91,False
2015,2100099,,-2,-2,False
2015,2100101,,-2,-2,False
2015,2100102,,-2,-2,False
2015,2100103,,-2,-2,False
2015,2100104,,-2,-2,False
2015,2100108,,-2,-2,False
2015,2100109,,-2,-2,False
2015,2100112,,-2,-2,False
2015,2100113,,-2,-2,False
2015,2100120,Anderson County,32135000,3811,False
2015,2100150,Ashland Independent,32836000,3265,False
2015,2100180,Augusta Independent,2979000,273,False
2015,2100210,Ballard County,13129000,1371,False
2015,2100240,Barbourville Independent,5512000,718,False
2015,2100270,Bardstown Independent,27011000,2778,False
2015,2100289,Kentucky Tech System,-2,-2,False
2015,2100290,Craft Academy,-2,-2,False
2015,2100300,Barren County,49654000,5101,False
2015,2100330,Bath County,19726000,2135,False
2015,2100360,Beechwood Independent,12435000,1352,False
2015,2100390,Bell County,28908000,2989,False
2015,2100420,Bellevue Independent,7709000,770,False
2015,2100480,Berea Independent,11823000,1144,False
2015,2100510,Boone County,185738000,20523,False
2015,2100540,Bourbon County,28068000,2960,False
2015,2100570,Bowling Green Independent,42400000,4100,False
2015,2100620,Boyd County,33445000,3331,False
2015,2100630,Boyle County,23886000,2733,False
2015,2100660,Bracken County,11027000,1305,False
2015,2100690,Breathitt County,21522000,2031,False
2015,2100720,Breckinridge County,27237000,2835,False
2015,2100750,Bullitt County,115140000,13381,False
2015,2100780,Burgin Independent,4620000,523,False
2015,2100810,Butler County,20620000,2216,False
2015,2100840,Caldwell County,17799000,2060,False
2015,2100870,Calloway County,29652000,3215,False
2015,2100900,Campbell County,48208000,4916,False
2015,2100930,Campbellsville Independent,12356000,1192,False
2015,2100960,Carlisle County,7713000,792,False
2015,2100990,Carroll County,23532000,2084,False
2015,2101020,Carter County,42841000,4669,False
2015,2101050,Casey County,22788000,2339,False
2015,2101110,Caverna Independent,8334000,748,False
2015,2101150,Christian County,84650000,8990,False
2015,2101200,Clark County,49872000,5548,False
2015,2101230,Clay County,34284000,3372,False
2015,2101260,Clinton County,17781000,1773,False
2015,2101290,Cloverport Independent,4332000,433,False
2015,2101320,Corbin Independent,25534000,3127,False
2015,2101350,Covington Independent,49353000,4118,False
2015,2101380,Crittenden County,12299000,1419,False
2015,2101410,Cumberland County,9555000,931,False
2015,2101440,Danville Independent,22424000,1869,False
2015,2101470,Daviess County,108691000,11814,False
2015,2101500,Dawson Springs Independent,6050000,681,False
2015,2101530,Dayton Independent,9661000,987,False
2015,2101590,East Bernstadt Independent,4100000,512,False
2015,2101620,Edmonson County,18235000,1959,False
2015,2101650,Elizabethtown Independent,23069000,2464,False
2015,2101680,Elliott County,10314000,1064,False
2015,2101710,Eminence Independent,7390000,755,False
2015,2101740,Erlanger-Elsmere Independent,25293000,2400,False
2015,2101760,Estill County,22828000,2518,False
2015,2101800,Fairview Independent,7997000,798,False
2015,2101860,Fayette County,450738000,40837,False
2015,2101920,Fleming County,21288000,2327,False
2015,2101950,Floyd County,61723000,6052,False
2015,2101980,Frankfort Independent,8919000,800,False
2015,2102010,Franklin County,57791000,6362,False
2015,2102040,Fort Thomas Independent,28419000,3071,False
2015,2102070,Fulton Independent,4600000,375,False
2015,2102100,Fulton County,6337000,592,False
2015,2102130,Gallatin County,16190000,1731,False
2015,2102160,Garrard County,24759000,2701,False
2015,2102220,Glasgow Independent,21651000,2345,False
2015,2102250,Grant County,35071000,3917,False
2015,2102280,Graves County,40422000,4532,False
2015,2102300,Grayson County,38855000,4421,False
2015,2102340,Green County,16235000,1663,False
2015,2102400,Greenup County,27459000,2940,False
2015,2102460,Hancock County,16874000,1693,False
2015,2102490,Hardin County,132189000,14719,False
2015,2102520,Harlan Independent,6526000,813,False
2015,2102540,Harlan County,39297000,4135,False
2015,2102580,Harrison County,26755000,3001,False
2015,2102640,Hart County,24600000,2377,False
2015,2102670,Hazard Independent,8970000,977,False
2015,2102710,Henderson County,70684000,7587,False
2015,2102760,Henry County,19757000,2225,False
2015,2102790,Hickman County,8266000,822,False
2015,2102860,Hopkins County,65275000,7069,False
2015,2102910,Jackson Independent,3782000,364,False
2015,2102940,Jackson County,24512000,2337,False
2015,2102990,Jefferson County,1206805000,100777,False
2015,2103000,Jenkins Independent,5685000,469,False
2015,2103030,Jessamine County,76628000,8200,False
2015,2103060,Johnson County,36608000,3765,False
2015,2103090,Kenton County,123610000,14496,False
2015,2103120,Knott County,25902000,2414,False
2015,2103150,Knox County,47532000,4680,False
2015,2103180,LaRue County,23180000,2383,False
2015,2103210,Laurel County,81014000,9336,False
2015,2103240,Lawrence County,23706000,2638,False
2015,2103270,Lee County,9622000,973,False
2015,2103330,Leslie County,18031000,1820,False
2015,2103360,Letcher County,32415000,3198,False
2015,2103390,Lewis County,22003000,2283,False
2015,2103480,Lincoln County,40869000,3944,False
2015,2103510,Livingston County,13679000,1258,False
2015,2103540,Logan County,32816000,3576,False
2015,2103630,Ludlow Independent,8986000,885,False
2015,2103690,Lyon County,8492000,916,False
2015,2103720,Madison County,99512000,11831,False
2015,2103750,Magoffin County,22324000,2184,False
2015,2103780,Marion County,30206000,3255,False
2015,2103810,Marshall County,45181000,4902,False
2015,2103840,Martin County,21559000,2092,False
2015,2103870,Mason County,25636000,2838,False
2015,2103900,Mayfield Independent,17931000,1865,False
2015,2103960,McCracken County,63026000,7076,False
2015,2103990,McCreary County,29969000,2958,False
2015,2104020,McLean County,14560000,1674,False
2015,2104050,Meade County,41236000,4982,False
2015,2104080,Menifee County,10277000,1011,False
2015,2104110,Mercer County,27984000,2882,False
2015,2104140,Metcalfe County,15990000,1660,False
2015,2104170,Middlesboro Independent,12418000,1337,False
2015,2104200,Monroe County,19641000,1853,False
2015,2104250,Montgomery County,45911000,4890,False
2015,2104290,Morgan County,19630000,2030,False
2015,2104380,Murray Independent,17350000,1727,False
2015,2104410,Nelson County,42347000,4757,False
2015,2104440,Newport Independent,23630000,1739,False
2015,2104470,Nicholas County,10077000,1184,False
2015,2104500,Ohio County,37463000,4348,False
2015,2104530,Oldham County,110569000,12294,False
2015,2104560,Owen County,17242000,1981,False
2015,2104590,Owensboro Independent,51939000,5150,False
2015,2104620,Owsley County,9908000,831,False
2015,2104650,Paducah Independent,33766000,3151,False
2015,2104680,Paintsville Independent,8632000,807,False
2015,2104710,Paris Independent,7628000,678,False
2015,2104740,Pendleton County,22413000,2469,False
2015,2104770,Perry County,42356000,4235,False
2015,2104800,Pike County,91104000,9050,False
2015,2104830,Pikeville Independent,13272000,1253,False
2015,2104860,Pineville Independent,4688000,520,False
2015,2104890,Powell County,22980000,2450,False
2015,2104950,Pulaski County,77452000,8425,False
2015,2104980,Raceland-Worthington Independent,9566000,1052,False
2015,2105040,Robertson County,3636000,373,False
2015,2105070,Rockcastle County,28017000,2859,False
2015,2105100,Rowan County,30288000,3256,False
2015,2105130,Russell Independent,21379000,2258,False
2015,2105160,Russell County,28929000,3014,False
2015,2105190,Russellville Independent,10698000,1032,False
2015,2105220,Science Hill Independent,3951000,468,False
2015,2105260,Scott County,76828000,9069,False
2015,2105320,Shelby County,69752000,6999,False
2015,2105370,Silver Grove Independent,2532000,181,False
2015,2105400,Simpson County,28381000,3037,False
2015,2105430,Somerset Independent,15242000,1660,False
2015,2105460,Southgate Independent,2113000,191,False
2015,2105490,Spencer County,26018000,2961,False
2015,2105520,Taylor County,23829000,2642,False
2015,2105550,Todd County,19109000,2109,False
2015,2105580,Trigg County,20125000,2049,False
2015,2105610,Trimble County,13982000,1402,False
2015,2105640,Union County,23054000,2261,False
2015,2105700,Walton-Verona Independent,15646000,1652,False
2015,2105730,Warren County,127210000,15066,False
2015,2105760,Washington County,16917000,1731,False
2015,2105790,Wayne County,33299000,3407,False
2015,2105820,Webster County,19932000,2315,False
2015,2105850,West Point Independent,1648000,131,False
2015,2105880,Whitley County,44519000,4490,False
2015,2105910,Williamsburg Independent,8151000,835,False
2015,2105940,Williamstown Independent,8969000,952,False
2015,2105970,Wolfe County,14902000,1326,False
2015,2106000,Woodford County,38508000,4159,False
2016,2100030,Adair County,26057000,2631,False
2016,2100070,Allen County,27967000,3067,False
2016,2100081,Muhlenberg County,45796000,4880,False
2016,2100090,Anchorage Independent,7072000,367,False
2016,2100094,Kentucky School for the Blind District,-2,63,False
2016,2100095,Kentucky School for the Deaf District,-2,90,False
2016,2100099,,-2,-2,False
2016,2100101,,-2,-2,False
2016,2100102,,-2,-2,False
2016,2100103,,-2,-2,False
2016,2100104,,-2,-2,False
2016,2100108,,-2,-2,False
2016,2100109,,-2,-2,False
2016,2100112,,-2,-2,False
2016,2100113,,-2,-2,False
2016,2100120,Anderson County,32084000,3790,False
2016,2100150,Ashland Independent,33386000,3261,False
2016,2100180,Augusta Independent,3045000,286,False
2016,2100210,Ballard County,13669000,1379,False
2016,2100240,Barbourville Independent,5849000,718,False
2016,2100270,Bardstown Independent,27768000,2709,False
2016,2100289,Kentucky Tech System,-2,-2,True
2016,2100290,Craft Academy,-1,-2,False
2016,2100300,Barren County,49961000,5118,False
2016,2100330,Bath County,19725000,2075,False
2016,2100360,Beechwood Independent,12657000,1412,False
2016,2100390,Bell County,28552000,2864,False
2016,2100420,Bellevue Independent,8216000,743,False
2016,2100480,Berea Independent,12093000,1141,False
2016,2100510,Boone County,192490000,20716,False
2016,2100540,Bourbon County,28759000,2931,False
2016,2100570,Bowling Green Independent,42956000,4191,False
2016,2100620,Boyd County,34377000,3237,False
2016,2100630,Boyle County,25266000,2726,False
2016,2100660,Bracken County,11116000,1264,False
2016,2100690,Breathitt County,21092000,1953,False
2016,2100720,Breckinridge County,27633000,2800,False
2016,2100750,Bullitt County,117138000,13322,False
2016,2100780,Burgin Independent,4725000,516,False
2016,2100810,Butler County,20294000,2276,False
2016,2100840,Caldwell County,17445000,2026,False
2016,2100870,Calloway County,29390000,3128,False
2016,2100900,Campbell County,50037000,4966,False
2016,2100930,Campbellsville Independent,12892000,1172,False
2016,2100960,Carlisle County,7745000,767,False
2016,2100990,Carroll County,24170000,2113,False
2016,2101020,Carter County,42366000,4573,False
2016,2101050,Casey County,23522000,2338,False
2016,2101110,Caverna Independent,8360000,700,False
2016,2101150,Christian County,83934000,8803,False
2016,2101200,Clark County,50651000,5567,False
2016,2101230,Clay County,33845000,3296,False
2016,2101260,Clinton County,18374000,1783,False
2016,2101290,Cloverport Independent,4211000,410,False
2016,2101320,Corbin Independent,26517000,3138,False
2016,2101350,Covington Independent,49777000,4073,False
2016,2101380,Crittenden County,12483000,1370,False
2016,2101410,Cumberland County,9533000,915,False
2016,2101440,Danville Independent,22591000,1924,False
2016,2101470,Daviess County,110669000,11804,False
2016,2101500,Dawson Springs Independent,6050000,698,False
2016,2101530,Dayton Independent,9778000,1001,False
2016,2101590,East Bernstadt Independent,4318000,493,False
2016,2101620,Edmonson County,18541000,1967,False
2016,2101650,Elizabethtown Independent,23481000,2449,False
2016,2101680,Elliott County,10722000,1071,False
2016,2101710,Eminence Independent,8175000,818,False
2016,2101740,Erlanger-Elsmere Independent,26271000,2450,False
2016,2101760,Estill County,22622000,2398,False
2016,2101800,Fairview Independent,7723000,761,False
2016,2101860,Fayette County,477706000,41558,False
2016,2101920,Fleming County,22326000,2312,False
2016,2101950,Floyd County,61678000,5941,False
2016,2101980,Frankfort Independent,9902000,806,False
2016,2102010,Franklin County,60340000,6414,False
2016,2102040,Fort Thomas Independent,29156000,3108,False
2016,2102070,Fulton Independent,4698000,398,False
2016,2102100,Fulton County,6195000,602,False
2016,2102130,Gallatin County,16293000,1670,False
2016,2102160,Garrard County,24463000,2729,False
2016,2102220,Glasgow Independent,22712000,2395,False
2016,2102250,Grant County,35365000,3849,False
2016,2102280,Graves County,41743000,4411,False
2016,2102300,Grayson County,39748000,4330,False
2016,2102340,Green County,16796000,1620,False
2016,2102400,Greenup County,28209000,2923,False
2016,2102460,Hancock County,16868000,1708,False
2016,2102490,Hardin County,136621000,14618,False
2016,2102520,Harlan Independent,6637000,832,False
2016,2102540,Harlan County,39195000,4063,False
2016,2102580,Harrison County,27546000,3014,False
2016,2102640,Hart County,24850000,2442,False
2016,2102670,Hazard Independent,9275000,1002,False
2016,2102710,Henderson County,69321000,7587,False
2016,2102760,Henry County,20115000,2201,False
2016,2102790,Hickman County,8228000,766,False
2016,2102860,Hopkins County,65499000,6888,False
2016,2102910,Jackson Independent,3889000,352,False
2016,2102940,Jackson County,24345000,2303,False
2016,2102990,Jefferson County,1249598000,99813,False
2016,2103000,Jenkins Independent,5390000,469,False
2016,2103030,Jessamine County,77075000,8262,False
2016,2103060,Johnson County,38094000,3584,False
2016,2103090,Kenton County,127051000,14377,False
2016,2103120,Knott County,25794000,2376,False
2016,2103150,Knox County,47393000,4478,False
2016,2103180,LaRue County,23314000,2360,False
2016,2103210,Laurel County,82330000,9301,False
2016,2103240,Lawrence County,24414000,2574,False
2016,2103270,Lee County,9460000,950,False
2016,2103330,Leslie County,18286000,1781,False
2016,2103360,Letcher County,32726000,3150,False
2016,2103390,Lewis County,21323000,2290,False
2016,2103480,Lincoln County,40828000,3936,False
2016,2103510,Livingston County,13801000,1239,False
2016,2103540,Logan County,33210000,3634,False
2016,2103630,Ludlow Independent,9245000,830,False
2016,2103690,Lyon County,8608000,927,False
2016,2103720,Madison County,101659000,11877,False
2016,2103750,Magoffin County,22593000,2167,False
2016,2103780,Marion County,32012000,3256,False
2016,2103810,Marshall County,45460000,4922,False
2016,2103840,Martin County,21012000,2013,False
2016,2103870,Mason County,26936000,2823,False
2016,2103900,Mayfield Independent,17669000,1905,False
2016,2103960,McCracken County,65172000,7045,False
2016,2103990,McCreary County,29814000,2974,False
2016,2104020,McLean County,14857000,1620,False
2016,2104050,Meade County,41802000,4960,False
2016,2104080,Menifee County,10537000,1027,False
2016,2104110,Mercer County,27597000,2834,False
2016,2104140,Metcalfe County,16662000,1657,False
2016,2104170,Middlesboro Independent,12695000,1317,False
2016,2104200,Monroe County,20421000,1838,False
2016,2104250,Montgomery County,45709000,4901,False
2016,2104290,Morgan County,20211000,2029,False
2016,2104380,Murray Independent,17713000,1692,False
2016,2104410,Nelson County,43220000,4703,False
2016,2104440,Newport Independent,23843000,1678,False
2016,2104470,Nicholas County,10505000,1194,False
2016,2104500,Ohio County,38485000,4344,False
2016,2104530,Oldham County,110895000,12471,False
2016,2104560,Owen County,17543000,1904,False
2016,2104590,Owensboro Independent,54089000,5085,False
2016,2104620,Owsley County,9644000,776,False
2016,2104650,Paducah Independent,34842000,3243,False
2016,2104680,Paintsville Independent,8762000,816,False
2016,2104710,Paris Independent,7517000,702,False
2016,2104740,Pendleton County,22235000,2426,False
2016,2104770,Perry County,42276000,4163,False
2016,2104800,Pike County,90441000,8826,False
2016,2104830,Pikeville Independent,13363000,1235,False
2016,2104860,Pineville Independent,4662000,545,False
2016,2104890,Powell County,22659000,2461,False
2016,2104950,Pulaski County,80039000,8489,False
2016,2104980,Raceland-Worthington Independent,9631000,1047,False
2016,2105040,Robertson County,3964000,405,False
2016,2105070,Rockcastle County,28148000,2878,False
2016,2105100,Rowan County,30926000,3308,False
2016,2105130,Russell Independent,21502000,2275,False
2016,2105160,Russell County,30049000,3074,False
2016,2105190,Russellville Independent,11557000,1045,False
2016,2105220,Science Hill Independent,3973000,415,False
2016,2105260,Scott County,80398000,9206,False
2016,2105320,Shelby County,69773000,7127,False
2016,2105370,Silver Grove Independent,2539000,178,False
2016,2105400,Simpson County,29487000,3048,False
2016,2105430,Somerset Independent,15598000,1659,False
2016,2105460,Southgate Independent,2425000,191,False
2016,2105490,Spencer County,26227000,2990,False
2016,2105520,Taylor County,25220000,2607,False
2016,2105550,Todd County,18676000,2090,False
2016,2105580,Trigg County,19974000,2032,False
2016,2105610,Trimble County,12751000,1290,False
2016,2105640,Union County,23027000,2211,False
2016,2105700,Walton-Verona Independent,16006000,1696,False
2016,2105730,Warren County,132605000,15494,False
2016,2105760,Washington County,17292000,1708,False
2016,2105790,Wayne County,32614000,3342,False
2016,2105820,Webster County,20561000,2325,False
2016,2105850,West Point Independent,1686000,139,False
2016,2105880,Whitley County,44695000,4462,False
2016,2105910,Williamsburg Independent,8129000,819,False
2016,2105940,Williamstown Independent,8803000,929,False
2016,2105970,Wolfe County,15556000,1329,False
2016,2106000,Woodford County,38696000,4109,False
2017,2100030,Adair County,28038000,2687,False
2017,2100070,Allen County,30607000,3099,False
2017,2100081,Muhlenberg County,50427000,4737,False
2017,2100090,Anchorage Independent,7615000,382,False
2017,2100094,Kentucky School for the Blind District,-2,63,False
2017,2100095,Kentucky School for the Deaf District,-2,93,False
2017,2100099,,-2,-2,False
2017,2100101,,-2,-2,False
2017,2100102,,-2,-2,False
2017,2100103,,-2,-2,False
2017,2100104,,-2,-2,False
2017,2100108,,-2,-2,False
2017,2100109,,-2,-2,False
2017,2100112,,-2,-2,False
2017,2100113,,-2,-2,False
2017,2100120,Anderson County,36220000,3735,False
2017,2100150,Ashland Independent,37710000,3322,False
2017,2100180,Augusta Independent,3245000,293,False
2017,2100210,Ballard County,14057000,1320,False
2017,2100240,Barbourville Independent,6749000,682,False
2017,2100270,Bardstown Independent,31069000,2744,False
2017,2100289,Kentucky Tech System,-2,16,True
2017,2100290,Craft Academy,-1,-2,False
2017,2100300,Barren County,55012000,5226,False
2017,2100330,Bath County,20839000,2024,False
2017,2100360,Beechwood Independent,14492000,1413,False
2017,2100390,Bell County,29323000,2822,False
2017,2100420,Bellevue Independent,8801000,700,False
2017,2100480,Berea Independent,13615000,1145,False
2017,2100510,Boone County,215820000,20448,False
2017,2100540,Bourbon County,30116000,2939,False
2017,2100570,Bowling Green Independent,46800000,4206,False
2017,2100620,Boyd County,37393000,3229,False
2017,2100630,Boyle County,28687000,2744,False
2017,2100660,Bracken County,12223000,1233,False
2017,2100690,Breathitt County,21581000,1934,False
2017,2100720,Breckinridge County,29959000,2868,False
2017,2100750,Bullitt County,129112000,13329,False
2017,2100780,Burgin Independent,5709000,520,False
2017,2100810,Butler County,21943000,2253,False
2017,2100840,Caldwell County,19425000,2024,False
2017,2100870,Calloway County,31962000,3043,False
2017,2100900,Campbell County,54160000,4965,False
2017,2100930,Campbellsville Independent,14166000,1115,False
2017,2100960,Carlisle County,8565000,822,False
2017,2100990,Carroll County,26651000,2102,False
2017,2101020,Carter County,44977000,4445,False
2017,2101050,Casey County,25286000,2331,False
2017,2101110,Caverna Independent,8865000,690,False
2017,2101150,Christian County,89531000,8835,False
2017,2101200,Clark County,56215000,5475,False
2017,2101230,Clay County,35873000,3285,False
2017,2101260,Clinton County,19801000,1848,False
2017,2101290,Cloverport Independent,4049000,386,False
2017,2101320,Corbin Independent,29622000,3080,False
2017,2101350,Covington Independent,53367000,4024,False
2017,2101380,Crittenden County,13802000,1346,False
2017,2101410,Cumberland County,10495000,937,False
2017,2101440,Danville Independent,25779000,1940,False
2017,2101470,Daviess County,120894000,11770,False
2017,2101500,Dawson Springs Independent,6820000,666,False
2017,2101530,Dayton Independent,11018000,955,False
2017,2101590,East Bernstadt Independent,4648000,498,False
2017,2101620,Edmonson County,19793000,1975,False
2017,2101650,Elizabethtown Independent,26478000,2429,False
2017,2101680,Elliott County,11426000,1049,False
2017,2101710,Eminence Independent,9036000,832,False
2017,2101740,Erlanger-Elsmere Independent,28078000,2512,False
2017,2101760,Estill County,24443000,2389,False
2017,2101800,Fairview Independent,7281000,733,False
2017,2101860,Fayette County,535405000,41649,False
2017,2101920,Fleming County,23910000,2281,False
2017,2101950,Floyd County,63674000,5956,False
2017,2101980,Frankfort Independent,10889000,862,False
2017,2102010,Franklin County,65440000,6385,False
2017,2102040,Fort Thomas Independent,33538000,3128,False
2017,2102070,Fulton Independent,4841000,372,False
2017,2102100,Fulton County,6481000,622,False
2017,2102130,Gallatin County,17371000,1664,False
2017,2102160,Garrard County,26584000,2699,False
2017,2102220,Glasgow Independent,24485000,2374,False
2017,2102250,Grant County,38037000,3775,False
2017,2102280,Graves County,44918000,4377,False
2017,2102300,Grayson County,43149000,4314,False
2017,2102340,Green County,18211000,1648,False
2017,2102400,Greenup County,30463000,2893,False
2017,2102460,Hancock County,18699000,1700,False
2017,2102490,Hardin County,148836000,14756,False
2017,2102520,Harlan Independent,7154000,782,False
2017,2102540,Harlan County,41405000,4014,False
2017,2102580,Harrison County,29861000,2927,False
2017,2102640,Hart County,26927000,2374,False
2017,2102670,Hazard Independent,10256000,1013,False
2017,2102710,Henderson County,75387000,7514,False
2017,2102760,Henry County,22568000,2223,False
2017,2102790,Hickman County,8726000,773,False
2017,2102860,Hopkins County,70369000,6826,False
2017,2102910,Jackson Independent,4098000,354,False
2017,2102940,Jackson County,25361000,2232,False
2017,2102990,Jefferson County,1380353000,98797,False
2017,2103000,Jenkins Independent,5578000,437,False
2017,2103030,Jessamine County,83963000,8341,False
2017,2103060,Johnson County,37888000,3609,False
2017,2103090,Kenton County,139778000,14438,False
2017,2103120,Knott County,27062000,2343,False
2017,2103150,Knox County,52086000,4438,False
2017,2103180,LaRue County,25612000,2393,False
2017,2103210,Laurel County,89251000,9244,False
2017,2103240,Lawrence County,26617000,2587,False
2017,2103270,Lee County,9934000,913,False
2017,2103330,Leslie County,18882000,1798,False
2017,2103360,Letcher County,34653000,3105,False
2017,2103390,Lewis County,22578000,2252,False
2017,2103480,Lincoln County,43019000,3893,False
2017,2103510,Livingston County,15166000,1219,False
2017,2103540,Logan County,35807000,3628,False
2017,2103630,Ludlow Independent,9685000,832,False
2017,2103690,Lyon County,9273000,953,False
2017,2103720,Madison County,111911000,11758,False
2017,2103750,Magoffin County,23500000,2133,False
2017,2103780,Marion County,37146000,3282,False
2017,2103810,Marshall County,50417000,4859,False
2017,2103840,Martin County,21754000,1935,False
2017,2103870,Mason County,28797000,2801,False
2017,2103900,Mayfield Independent,19928000,1956,False
2017,2103960,McCracken County,71711000,7088,False
2017,2103990,McCreary County,31513000,2939,False
2017,2104020,McLean County,16075000,1576,False
2017,2104050,Meade County,45275000,4989,False
2017,2104080,Menifee County,11065000,989,False
2017,2104110,Mercer County,31328000,2844,False
2017,2104140,Metcalfe County,17403000,1628,False
2017,2104170,Middlesboro Independent,13742000,1205,False
2017,2104200,Monroe County,22453000,1870,False
2017,2104250,Montgomery County,48113000,4758,False
2017,2104290,Morgan County,21258000,2014,False
2017,2104380,Murray Independent,20041000,1726,False
2017,2104410,Nelson County,49144000,4585,False
2017,2104440,Newport Independent,23740000,1591,False
2017,2104470,Nicholas County,11145000,1108,False
2017,2104500,Ohio County,40961000,4334,False
2017,2104530,Oldham County,123884000,12635,False
2017,2104560,Owen County,18828000,1930,False
2017,2104590,Owensboro Independent,58499000,5144,False
2017,2104620,Owsley County,11383000,838,False
2017,2104650,Paducah Independent,37560000,3125,False
2017,2104680,Paintsville Independent,9634000,794,False
2017,2104710,Paris Independent,8333000,687,False
2017,2104740,Pendleton County,23891000,2393,False
2017,2104770,Perry County,42926000,4108,False
2017,2104800,Pike County,94215000,8636,False
2017,2104830,Pikeville Independent,14659000,1185,False
2017,2104860,Pineville Independent,5301000,573,False
2017,2104890,Powell County,24140000,2377,False
2017,2104950,Pulaski County,87075000,8492,False
2017,2104980,Raceland-Worthington Independent,10104000,1015,False
2017,2105040,Robertson County,4663000,405,False
2017,2105070,Rockcastle County,30229000,2869,False
2017,2105100,Rowan County,34002000,3386,False
2017,2105130,Russell Independent,23826000,2337,False
2017,2105160,Russell County,32532000,3108,False
2017,2105190,Russellville Independent,12612000,1047,False
2017,2105220,Science Hill Independent,4484000,401,False
2017,2105260,Scott County,89425000,9306,False
2017,2105320,Shelby County,76512000,7193,False
2017,2105370,Silver Grove Independent,2713000,176,False
2017,2105400,Simpson County,32848000,2997,False
2017,2105430,Somerset Independent,17228000,1647,False
2017,2105460,Southgate Independent,2828000,190,False
2017,2105490,Spencer County,29151000,3021,False
2017,2105520,Taylor County,27474000,2681,False
2017,2105550,Todd County,20210000,2022,False
2017,2105580,Trigg County,21845000,2072,False
2017,2105610,Trimble County,13334000,1249,False
2017,2105640,Union County,24270000,2179,False
2017,2105700,Walton-Verona Independent,17604000,1714,False
2017,2105730,Warren County,149455000,15740,False
2017,2105760,Washington County,18723000,1719,False
2017,2105790,Wayne County,35514000,3272,False
2017,2105820,Webster County,22234000,2317,False
2017,2105850,West Point Independent,1786000,121,False
2017,2105880,Whitley County,48791000,4418,False
2017,2105910,Williamsburg Independent,8765000,814,False
2017,2105940,Williamstown Independent,9581000,896,False
2017,2105970,Wolfe County,16291000,1305,False
2017,2106000,Woodford County,42228000,4062,False
2018,2100030,Adair County,28053000,2635,False
2018,2100070,Allen County,31026000,3071,False
2018,2100081,Muhlenberg County,51701000,4651,False
2018,2100090,Anchorage Independent,7951000,371,False
2018,2100094,Kentucky School for the Blind District,-2,62,False
2018,2100095,Kentucky School for the Deaf District,-2,97,False
2018,2100099,,-2,-2,False
2018,2100101,,-2,-2,False
2018,2100102,,-2,-2,False
2018,2100103,,-2,-2,False
2018,2100104,,-2,-2,False
2018,2100108,,-2,-2,False
2018,2100109,,-2,-2,False
2018,2100112,,-2,-2,False
2018,2100113,,-2,-2,False
2018,2100120,Anderson County,35563000,3717,False
2018,2100150,Ashland Independent,38609000,3383,False
2018,2100180,Augusta Independent,3403000,289,False
2018,2100210,Ballard County,13227000,1259,False
2018,2100240,Barbourville Independent,6937000,698,False
2018,2100270,Bardstown Independent,31234000,2757,False
2018,2100289,Kentucky Tech System,-2,9,True
2018,2100290,Craft Academy,-2,-2,False
2018,2100300,Barren County,54595000,5257,False
2018,2100330,Bath County,20454000,1994,False
2018,2100360,Beechwood Independent,14781000,1423,False
2018,2100390,Bell County,29810000,2728,False
2018,2100420,Bellevue Independent,8844000,661,False
2018,2100480,Berea Independent,14154000,1119,False
2018,2100510,Boone County,224577000,20750,False
2018,2100540,Bourbon County,29753000,2886,False
2018,2100570,Bowling Green Independent,48137000,4268,False
2018,2100620,Boyd County,38759000,3190,False
2018,2100630,Boyle County,30315000,2736,False
2018,2100660,Bracken County,12892000,1273,False
2018,2100690,Breathitt County,22291000,1893,False
2018,2100720,Breckinridge County,29691000,2731,False
2018,2100750,Bullitt County,130795000,13160,False
2018,2100780,Burgin Independent,5672000,510,False
2018,2100810,Butler County,22274000,2272,False
2018,2100840,Caldwell County,19977000,1984,False
2018,2100870,Calloway County,31341000,3050,False
2018,2100900,Campbell County,55957000,4898,False
2018,2100930,Campbellsville Independent,14183000,1156,False
2018,2100960,Carlisle County,8740000,790,False
2018,2100990,Carroll County,26948000,2160,False
2018,2101020,Carter County,45629000,4396,False
2018,2101050,Casey County,26253000,2349,False
2018,2101110,Caverna Independent,8801000,646,False
2018,2101150,Christian County,87813000,8710,False
2018,2101200,Clark County,58815000,5411,False
2018,2101230,Clay County,35278000,3238,False
2018,2101260,Clinton County,20076000,1804,False
2018,2101290,Cloverport Independent,4111000,371,False
2018,2101320,Corbin Independent,30158000,3119,False
2018,2101350,Covington Independent,54802000,3950,False
2018,2101380,Crittenden County,14020000,1401,False
2018,2101410,Cumberland County,11223000,956,False
2018,2101440,Danville Independent,26461000,1934,False
2018,2101470,Daviess County,123589000,11779,False
2018,2101500,Dawson Springs Independent,6806000,626,False
2018,2101530,Dayton Independent,11174000,964,False
2018,2101590,East Bernstadt Independent,4749000,546,False
2018,2101620,Edmonson County,19635000,1950,False
2018,2101650,Elizabethtown Independent,26561000,2447,False
2018,2101680,Elliott County,11229000,1035,False
2018,2101710,Eminence Independent,9805000,851,False
2018,2101740,Erlanger-Elsmere Independent,28259000,2524,False
2018,2101760,Estill County,23955000,2397,False
2018,2101800,Fairview Independent,6911000,711,False
2018,2101860,Fayette County,538780000,41987,False
2018,2101920,Fleming County,23841000,2265,False
2018,2101950,Floyd County,65048000,5804,False
2018,2101980,Frankfort Independent,11300000,888,False
2018,2102010,Franklin County,66988000,6415,False
2018,2102040,Fort Thomas Independent,34687000,3129,False
2018,2102070,Fulton Independent,4936000,351,False
2018,2102100,Fulton County,6735000,622,False
2018,2102130,Gallatin County,17705000,1577,False
2018,2102160,Garrard County,28450000,2651,False
2018,2102220,Glasgow Independent,25142000,2355,False
2018,2102250,Grant County,37993000,3639,False
2018,2102280,Graves County,44213000,4292,False
2018,2102300,Grayson County,43208000,4259,False
2018,2102340,Green County,17638000,1674,False
2018,2102400,Greenup County,30012000,2819,False
2018,2102460,Hancock County,18639000,1679,False
2018,2102490,Hardin County,153614000,14787,False
2018,2102520,Harlan Independent,7315000,746,False
2018,2102540,Harlan County,41596000,3912,False
2018,2102580,Harrison County,30067000,2958,False
2018,2102640,Hart County,27186000,2409,False
2018,2102670,Hazard Independent,10831000,1010,False
2018,2102710,Henderson County,76810000,7437,False
2018,2102760,Henry County,23073000,2152,False
2018,2102790,Hickman County,9122000,773,False
2018,2102860,Hopkins County,68135000,6749,False
2018,2102910,Jackson Independent,4070000,344,False
2018,2102940,Jackson County,25560000,2131,False
2018,2102990,Jefferson County,1384080000,97936,False
2018,2103000,Jenkins Independent,5548000,444,False
2018,2103030,Jessamine County,87214000,8418,False
2018,2103060,Johnson County,39175000,3582,False
2018,2103090,Kenton County,144081000,14309,False
2018,2103120,Knott County,26722000,2281,False
2018,2103150,Knox County,51086000,4362,False
2018,2103180,LaRue County,26314000,2360,False
2018,2103210,Laurel County,89446000,9066,False
2018,2103240,Lawrence County,26461000,2517,False
2018,2103270,Lee County,9812000,934,False
2018,2103330,Leslie County,19054000,1787,False
2018,2103360,Letcher County,35272000,3017,False
2018,2103390,Lewis County,23123000,2247,False
2018,2103480,Lincoln County,41252000,3773,False
2018,2103510,Livingston County,15570000,1204,False
2018,2103540,Logan County,35484000,3555,False
2018,2103630,Ludlow Independent,9620000,830,False
2018,2103690,Lyon County,9528000,956,False
2018,2103720,Madison County,114289000,11816,False
2018,2103750,Magoffin County,23372000,2114,False
2018,2103780,Marion County,35893000,3280,False
2018,2103810,Marshall County,49988000,4771,False
2018,2103840,Martin County,21104000,1894,False
2018,2103870,Mason County,29081000,2688,False
2018,2103900,Mayfield Independent,20219000,1958,False
2018,2103960,McCracken County,72875000,7146,False
2018,2103990,McCreary County,31849000,2878,False
2018,2104020,McLean County,15972000,1565,False
2018,2104050,Meade County,46335000,4879,False
2018,2104080,Menifee County,11631000,1000,False
2018,2104110,Mercer County,31136000,2825,False
2018,2104140,Metcalfe County,17007000,1568,False
2018,2104170,Middlesboro Independent,14117000,1176,False
2018,2104200,Monroe County,22825000,1804,False
2018,2104250,Montgomery County,46424000,4680,False
2018,2104290,Morgan County,21299000,1964,False
2018,2104380,Murray Independent,21019000,1736,False
2018,2104410,Nelson County,47801000,4630,False
2018,2104440,Newport Independent,23932000,1589,False
2018,2104470,Nicholas County,11326000,1126,False
2018,2104500,Ohio County,41896000,4261,False
2018,2104530,Oldham County,128241000,12727,False
2018,2104560,Owen County,19562000,1886,False
2018,2104590,Owensboro Independent,62329000,4958,False
2018,2104620,Owsley County,11013000,803,False
2018,2104650,Paducah Independent,37157000,3158,False
2018,2104680,Paintsville Independent,9436000,785,False
2018,2104710,Paris Independent,8169000,687,False
2018,2104740,Pendleton County,23565000,2368,False
2018,2104770,Perry County,43768000,4003,False
2018,2104800,Pike County,95317000,8610,False
2018,2104830,Pikeville Independent,14360000,1193,False
2018,2104860,Pineville Independent,5692000,599,False
2018,2104890,Powell County,23901000,2296,False
2018,2104950,Pulaski County,85813000,8498,False
2018,2104980,Raceland-Worthington Independent,10221000,1109,False
2018,2105040,Robertson County,5064000,455,False
2018,2105070,Rockcastle County,30335000,2825,False
2018,2105100,Rowan County,34236000,3473,False
2018,2105130,Russell Independent,24212000,2258,False
2018,2105160,Russell County,32579000,3129,False
2018,2105190,Russellville Independent,13693000,983,False
2018,2105220,Science Hill Independent,4819000,406,False
2018,2105260,Scott County,90330000,9471,False
2018,2105320,Shelby County,76783000,7224,False
2018,2105370,Silver Grove Independent,3057000,191,False
2018,2105400,Simpson County,33289000,3001,False
2018,2105430,Somerset Independent,17570000,1660,False
2018,2105460,Southgate Independent,3302000,208,False
2018,2105490,Spencer County,29487000,3066,False
2018,2105520,Taylor County,27235000,2721,False
2018,2105550,Todd County,20157000,1998,False
2018,2105580,Trigg County,21953000,2028,False
2018,2105610,Trimble County,13194000,1247,False
2018,2105640,Union County,24106000,2221,False
2018,2105700,Walton-Verona Independent,17922000,1762,False
2018,2105730,Warren County,159545000,16293,False
2018,2105760,Washington County,19506000,1732,False
2018,2105790,Wayne County,35584000,3208,False
2018,2105820,Webster County,22949000,2253,False
2018,2105850,West Point Independent,1841000,134,False
2018,2105880,Whitley County,49633000,4350,False
2018,2105910,Williamsburg Independent,9089000,830,False
2018,2105940,Williamstown Independent,9758000,904,False
2018,2105970,Wolfe County,16104000,1284,False
2018,2106000,Woodford County,43919000,4083,False
2019,2100030,Adair County,28200000,2763,False
2019,2100070,Allen County,31431000,3172,False
2019,2100081,Muhlenberg County,52303000,4692,False
2019,2100090,Anchorage Independent,8362000,393,False
2019,2100094,Kentucky School for the Blind District,-2,65,False
2019,2100095,Kentucky School for the Deaf District,-2,86,False
2019,2100099,,-2,-2,False
2019,2100101,,-2,-2,False
2019,2100102,,-2,-2,False
2019,2100103,,-2,-2,False
2019,2100104,,-2,-2,False
2019,2100108,,-2,-2,False
2019,2100109,,-2,-2,False
2019,2100112,,-2,-2,False
2019,2100113,,-2,-2,False
2019,2100120,Anderson County,36762000,3808,False
2019,2100150,Ashland Independent,38403000,3411,False
2019,2100180,Augusta Independent,3676000,299,False
2019,2100210,Ballard County,13496000,1189,False
2019,2100240,Barbourville Independent,6862000,692,False
2019,2100270,Bardstown Independent,32301000,2782,False
2019,2100289,Kentucky Tech System,-2,28,True
2019,2100290,Craft Academy,-1,1,False
2019,2100300,Barren County,56348000,5406,False
2019,2100330,Bath County,20903000,2058,False
2019,2100360,Beechwood Independent,15683000,1502,False
2019,2100390,Bell County,31863000,2672,False
2019,2100420,Bellevue Independent,9365000,664,False
2019,2100480,Berea Independent,14671000,1160,False
2019,2100510,Boone County,240325000,21351,False
2019,2100540,Bourbon County,30624000,2965,False
2019,2100570,Bowling Green Independent,51580000,4416,False
2019,2100620,Boyd County,40340000,3322,False
2019,2100630,Boyle County,31735000,2817,False
2019,2100660,Bracken County,13319000,1275,False
2019,2100690,Breathitt County,21726000,1939,False
2019,2100720,Breckinridge County,30173000,2783,False
2019,2100750,Bullitt County,134340000,13330,False
2019,2100780,Burgin Independent,5875000,511,False
2019,2100810,Butler County,23274000,2359,False
2019,2100840,Caldwell County,19790000,1990,False
2019,2100870,Calloway County,31462000,3079,False
2019,2100900,Campbell County,58569000,5203,False
2019,2100930,Campbellsville Independent,14296000,1249,False
2019,2100960,Carlisle County,8884000,773,False
2019,2100990,Carroll County,28329000,2173,False
2019,2101020,Carter County,46060000,4342,False
2019,2101050,Casey County,26176000,2406,False
2019,2101110,Caverna Independent,8974000,704,False
2019,2101150,Christian County,89317000,9045,False
2019,2101200,Clark County,61255000,5633,False
2019,2101230,Clay County,35921000,3235,False
2019,2101260,Clinton County,20605000,1765,False
2019,2101290,Cloverport Independent,4017000,340,False
2019,2101320,Corbin Independent,31076000,3093,False
2019,2101350,Covington Independent,55884000,4119,False
2019,2101380,Crittenden County,14679000,1443,False
2019,2101410,Cumberland County,11526000,980,False
2019,2101440,Danville Independent,26093000,1971,False
2019,2101470,Daviess County,129474000,12048,False
2019,2101500,Dawson Springs Independent,7069000,605,False
2019,2101530,Dayton Independent,11900000,1003,False
2019,2101590,East Bernstadt Independent,4916000,549,False
2019,2101620,Edmonson County,20065000,1927,False
2019,2101650,Elizabethtown Independent,27208000,2520,False
2019,2101680,Elliott County,11169000,1036,False
2019,2101710,Eminence Independent,10143000,989,False
2019,2101740,Erlanger-Elsmere Independent,28707000,2605,False
2019,2101760,Estill County,24557000,2417,False
2019,2101800,Fairview Independent,7114000,701,False
2019,2101860,Fayette County,569417000,43342,False
2019,2101920,Fleming County,23590000,2194,False
2019,2101950,Floyd County,68566000,5865,False
2019,2101980,Frankfort Independent,12062000,961,False
2019,2102010,Franklin County,72712000,6534,False
2019,2102040,Fort Thomas Independent,34941000,3177,False
2019,2102070,Fulton Independent,5191000,320,False
2019,2102100,Fulton County,7348000,653,False
2019,2102130,Gallatin County,17670000,1634,False
2019,2102160,Garrard County,27992000,2645,False
2019,2102220,Glasgow Independent,25972000,2485,False
2019,2102250,Grant County,38552000,3666,False
2019,2102280,Graves County,44657000,4259,False
2019,2102300,Grayson County,43241000,4292,False
2019,2102340,Green County,18167000,1663,False
2019,2102400,Greenup County,30429000,2875,False
2019,2102460,Hancock County,19105000,1674,False
2019,2102490,Hardin County,155250000,15288,False
2019,2102520,Harlan Independent,7937000,731,False
2019,2102540,Harlan County,41634000,3968,False
2019,2102580,Harrison County,31420000,2998,False
2019,2102640,Hart County,27281000,2466,False
2019,2102670,Hazard Independent,11256000,991,False
2019,2102710,Henderson County,80510000,7496,False
2019,2102760,Henry County,24198000,2159,False
2019,2102790,Hickman County,9228000,793,False
2019,2102860,Hopkins County,69480000,6850,False
2019,2102910,Jackson Independent,3748000,332,False
2019,2102940,Jackson County,25203000,2159,False
2019,2102990,Jefferson County,1427789000,100348,False
2019,2103000,Jenkins Independent,5630000,436,False
2019,2103030,Jessamine County,90991000,8675,False
2019,2103060,Johnson County,40601000,3590,False
2019,2103090,Kenton County,145371000,14602,False
2019,2103120,Knott County,28413000,2284,False
2019,2103150,Knox County,52018000,4360,False
2019,2103180,LaRue County,26812000,2426,False
2019,2103210,Laurel County,89357000,9388,False
2019,2103240,Lawrence County,28704000,2571,False
2019,2103270,Lee County,9922000,890,False
2019,2103330,Leslie County,19808000,1767,False
2019,2103360,Letcher County,35927000,2993,False
2019,2103390,Lewis County,23587000,2259,False
2019,2103480,Lincoln County,41326000,3701,False
2019,2103510,Livingston County,15878000,1198,False
2019,2103540,Logan County,36684000,3547,False
2019,2103630,Ludlow Independent,9784000,855,False
2019,2103690,Lyon County,10164000,970,False
2019,2103720,Madison County,115597000,12017,False
2019,2103750,Magoffin County,23479000,2075,False
2019,2103780,Marion County,36593000,3309,False
2019,2103810,Marshall County,50785000,4807,False
2019,2103840,Martin County,21301000,1911,False
2019,2103870,Mason County,29550000,2777,False
2019,2103900,Mayfield Independent,21094000,2031,False
2019,2103960,McCracken County,74412000,7223,False
2019,2103990,McCreary County,31691000,2955,False
2019,2104020,McLean County,16229000,1558,False
2019,2104050,Meade County,47126000,5020,False
2019,2104080,Menifee County,12392000,978,False
2019,2104110,Mercer County,31625000,2822,False
2019,2104140,Metcalfe County,16686000,1558,False
2019,2104170,Middlesboro Independent,14205000,1201,False
2019,2104200,Monroe County,23091000,1894,False
2019,2104250,Montgomery County,47184000,4704,False
2019,2104290,Morgan County,22158000,2007,False
2019,2104380,Murray Independent,22951000,1834,False
2019,2104410,Nelson County,50428000,4734,False
2019,2104440,Newport Independent,24947000,1528,False
2019,2104470,Nicholas County,10956000,1124,False
2019,2104500,Ohio County,41427000,4299,False
2019,2104530,Oldham County,136947000,12941,False
2019,2104560,Owen County,19488000,1923,False
2019,2104590,Owensboro Independent,64872000,5176,False
2019,2104620,Owsley County,10283000,772,False
2019,2104650,Paducah Independent,37989000,3308,False
2019,2104680,Paintsville Independent,9491000,749,False
2019,2104710,Paris Independent,8372000,743,False
2019,2104740,Pendleton County,23747000,2417,False
2019,2104770,Perry County,44953000,4052,False
2019,2104800,Pike County,94863000,8492,False
2019,2104830,Pikeville Independent,14592000,1161,False
2019,2104860,Pineville Independent,6425000,616,False
2019,2104890,Powell County,25087000,2297,False
2019,2104950,Pulaski County,88039000,8710,False
2019,2104980,Raceland-Worthington Independent,10605000,1102,False
2019,2105040,Robertson County,5425000,448,False
2019,2105070,Rockcastle County,30154000,2812,False
2019,2105100,Rowan County,35165000,3548,False
2019,2105130,Russell Independent,23974000,2297,False
2019,2105160,Russell County,31973000,3114,False
2019,2105190,Russellville Independent,13903000,1023,False
2019,2105220,Science Hill Independent,4569000,428,False
2019,2105260,Scott County,99939000,9925,False
2019,2105320,Shelby County,80599000,7304,False
2019,2105370,Silver Grove Independent,-2,-2,True
2019,2105400,Simpson County,34383000,3158,False
2019,2105430,Somerset Independent,18480000,1695,False
2019,2105460,Southgate Independent,3369000,212,False
2019,2105490,Spencer County,30970000,3169,False
2019,2105520,Taylor County,28342000,2783,False
2019,2105550,Todd County,20449000,2061,False
2019,2105580,Trigg County,23295000,2044,False
2019,2105610,Trimble County,12964000,1219,False
2019,2105640,Union County,24300000,2174,False
2019,2105700,Walton-Verona Independent,19084000,1868,False
2019,2105730,Warren County,163577000,17508,False
2019,2105760,Washington County,20062000,1774,False
2019,2105790,Wayne County,35169000,3314,False
2019,2105820,Webster County,24236000,2258,False
2019,2105850,West Point Independent,2172000,149,False
2019,2105880,Whitley County,50466000,4373,False
2019,2105910,Williamsburg Independent,10177000,882,False
2019,2105940,Williamstown Independent,9709000,960,False
2019,2105970,Wolfe County,15921000,1234,False
2019,2106000,Woodford County,45329000,4253,False
2020,2100030,Adair County,27724000,2594,False
2020,2100070,Allen County,31705000,3038,False
2020,2100081,Muhlenberg County,51559000,4445,False
2020,2100090,Anchorage Independent,8766000,385,False
2020,2100094,Kentucky School for the Blind District,-2,63,False
2020,2100095,Kentucky School for the Deaf District,-2,73,False
2020,2100099,,-2,-2,False
2020,2100101,,-2,-2,False
2020,2100102,,-2,-2,False
2020,2100103,,-2,-2,False
2020,2100104,,-2,-2,False
2020,2100108,,-2,-2,False
2020,2100109,,-2,-2,False
2020,2100112,,-2,-2,False
2020,2100113,,-2,-2,False
2020,2100120,Anderson County,38613000,3643,False
2020,2100150,Ashland Independent,39953000,3136,False
2020,2100180,Augusta Independent,3787000,306,False
2020,2100210,Ballard County,13188000,1114,False
2020,2100240,Barbourville Independent,7022000,632,False
2020,2100270,Bardstown Independent,32597000,2652,False
2020,2100289,Kentucky Tech System,-2,16,False
2020,2100300,Barren County,59537000,5179,False
2020,2100330,Bath County,21396000,1982,False
2020,2100360,Beechwood Independent,15613000,1477,False
2020,2100390,Bell County,33388000,2565,False
2020,2100420,Bellevue Independent,9347000,601,False
2020,2100480,Berea Independent,14093000,1123,False
2020,2100510,Boone County,242626000,20280,False
2020,2100540,Bourbon County,31941000,2738,False
2020,2100570,Bowling Green Independent,53680000,4151,False
2020,2100620,Boyd County,42223000,3135,False
2020,2100630,Boyle County,31915000,2671,False
2020,2100660,Bracken County,13110000,1223,False
2020,2100690,Breathitt County,22324000,1827,False
2020,2100720,Breckinridge County,29498000,2678,False
2020,2100750,Bullitt County,138277000,12725,False
2020,2100780,Burgin Independent,5906000,518,False
2020,2100810,Butler County,24754000,2264,False
2020,2100840,Caldwell County,19766000,1866,False
2020,2100870,Calloway County,32569000,3010,False
2020,2100900,Campbell County,60067000,5043,False
2020,2100930,Campbellsville Independent,14573000,1238,False
2020,2100960,Carlisle County,8937000,774,False
2020,2100990,Carroll County,28230000,2028,False
2020,2101020,Carter County,45734000,4211,False
2020,2101050,Casey County,26603000,2263,False
2020,2101110,Caverna Independent,9884000,673,False
2020,2101150,Christian County,89163000,8219,False
2020,2101200,Clark County,62707000,5290,False
2020,2101230,Clay County,35485000,3189,False
2020,2101260,Clinton County,21045000,1668,False
2020,2101290,Cloverport Independent,4096000,305,False
2020,2101320,Corbin Independent,30376000,2875,False
2020,2101350,Covington Independent,54641000,3796,False
2020,2101380,Crittenden County,15658000,1371,False
2020,2101410,Cumberland County,12284000,958,False
2020,2101440,Danville Independent,24622000,1856,False
2020,2101470,Daviess County,128379000,11102,False
2020,2101500,Dawson Springs Independent,6898000,580,False
2020,2101530,Dayton Independent,12265000,892,False
2020,2101590,East Bernstadt Independent,5214000,534,False
2020,2101620,Edmonson County,20108000,1895,False
2020,2101650,Elizabethtown Independent,26861000,2473,False
2020,2101680,Elliott County,11083000,953,False
2020,2101710,Eminence Independent,10366000,917,False
2020,2101740,Erlanger-Elsmere Independent,29746000,2449,False
2020,2101760,Estill County,24163000,2285,False
2020,2101800,Fairview Independent,7918000,661,False
2020,2101860,Fayette County,578941000,41203,False
2020,2101920,Fleming County,23573000,2132,False
2020,2101950,Floyd County,71493000,5712,False
2020,2101980,Frankfort Independent,11772000,936,False
2020,2102010,Franklin County,72124000,6228,False
2020,2102040,Fort Thomas Independent,36342000,3125,False
2020,2102070,Fulton Independent,4925000,318,False
2020,2102100,Fulton County,7682000,626,False
2020,2102130,Gallatin County,18000000,1536,False
2020,2102160,Garrard County,28381000,2532,False
2020,2102220,Glasgow Independent,26664000,2367,False
2020,2102250,Grant County,37992000,3455,False
2020,2102280,Graves County,43949000,3961,False
2020,2102300,Grayson County,43641000,4074,False
2020,2102340,Green County,20357000,1659,False
2020,2102400,Greenup County,31282000,2779,False
2020,2102460,Hancock County,18950000,1558,False
2020,2102490,Hardin County,159408000,14655,False
2020,2102520,Harlan Independent,7868000,701,False
2020,2102540,Harlan County,43265000,3780,False
2020,2102580,Harrison County,31355000,2839,False
2020,2102640,Hart County,26479000,2277,False
2020,2102670,Hazard Independent,12574000,955,False
2020,2102710,Henderson County,86907000,7044,False
2020,2102760,Henry County,22524000,2032,False
2020,2102790,Hickman County,9573000,744,False
2020,2102860,Hopkins County,69825000,6498,False
2020,2102910,Jackson Independent,3837000,324,False
2020,2102940,Jackson County,24730000,2055,False
2020,2102990,Jefferson County,1432013000,95911,False
2020,2103000,Jenkins Independent,5416000,410,False
2020,2103030,Jessamine County,94635000,8207,False
2020,2103060,Johnson County,40039000,3398,False
2020,2103090,Kenton County,145587000,14021,False
2020,2103120,Knott County,28420000,2176,False
2020,2103150,Knox County,55028000,4094,False
2020,2103180,LaRue County,26213000,2318,False
2020,2103210,Laurel County,90483000,8850,False
2020,2103240,Lawrence County,29426000,2464,False
2020,2103270,Lee County,10425000,895,False
2020,2103330,Leslie County,20324000,1722,False
2020,2103360,Letcher County,35583000,2938,False
2020,2103390,Lewis County,25007000,2159,False
2020,2103480,Lincoln County,41981000,3479,False
2020,2103510,Livingston County,15344000,1112,False
2020,2103540,Logan County,36765000,3299,False
2020,2103630,Ludlow Independent,10343000,831,False
2020,2103690,Lyon County,10714000,949,False
2020,2103720,Madison County,118968000,11045,False
2020,2103750,Magoffin County,23568000,2000,False
2020,2103780,Marion County,37710000,3230,False
2020,2103810,Marshall County,50516000,4589,False
2020,2103840,Martin County,23151000,1823,False
2020,2103870,Mason County,30700000,2653,False
2020,2103900,Mayfield Independent,22546000,1977,False
2020,2103960,McCracken County,76284000,6905,False
2020,2103990,McCreary County,35997000,2862,False
2020,2104020,McLean County,16696000,1417,False
2020,2104050,Meade County,46117000,4959,False
2020,2104080,Menifee County,12432000,929,False
2020,2104110,Mercer County,31485000,2727,False
2020,2104140,Metcalfe County,16932000,1469,False
2020,2104170,Middlesboro Independent,15998000,1102,False
2020,2104200,Monroe County,24693000,1823,False
2020,2104250,Montgomery County,46413000,4460,False
2020,2104290,Morgan County,21758000,1932,False
2020,2104380,Murray Independent,23785000,1783,False
2020,2104410,Nelson County,52872000,4498,False
2020,2104440,Newport Independent,26829000,1359,False
2020,2104470,Nicholas County,10565000,1091,False
2020,2104500,Ohio County,42678000,4080,False
2020,2104530,Oldham County,135261000,12416,False
2020,2104560,Owen County,19059000,1764,False
2020,2104590,Owensboro Independent,66085000,4866,False
2020,2104620,Owsley County,10708000,832,False
2020,2104650,Paducah Independent,38575000,3147,False
2020,2104680,Paintsville Independent,9348000,716,False
2020,2104710,Paris Independent,8974000,712,False
2020,2104740,Pendleton County,22864000,2224,False
2020,2104770,Perry County,43631000,3855,False
2020,2104800,Pike County,94776000,8094,False
2020,2104830,Pikeville Independent,15172000,1158,False
2020,2104860,Pineville Independent,6752000,601,False
2020,2104890,Powell County,25485000,2197,False
2020,2104950,Pulaski County,85421000,8294,False
2020,2104980,Raceland-Worthington Independent,11007000,1019,False
2020,2105040,Robertson County,5706000,447,False
2020,2105070,Rockcastle County,31966000,2732,False
2020,2105100,Rowan County,35839000,3326,False
2020,2105130,Russell Independent,25803000,2216,False
2020,2105160,Russell County,33231000,2975,False
2020,2105190,Russellville Independent,13621000,1136,False
2020,2105220,Science Hill Independent,4910000,435,False
2020,2105260,Scott County,101565000,9440,False
2020,2105320,Shelby County,79963000,6961,False
2020,2105400,Simpson County,35555000,3007,False
2020,2105430,Somerset Independent,18529000,1583,False
2020,2105460,Southgate Independent,3353000,195,False
2020,2105490,Spencer County,31506000,3138,False
2020,2105520,Taylor County,30773000,2682,False
2020,2105550,Todd County,21885000,1942,False
2020,2105580,Trigg County,23713000,1930,False
2020,2105610,Trimble County,12320000,1122,False
2020,2105640,Union County,25839000,2076,False
2020,2105700,Walton-Verona Independent,20570000,1792,False
2020,2105730,Warren County,163176000,16860,False
2020,2105760,Washington County,19095000,1700,False
2020,2105790,Wayne County,36907000,3133,False
2020,2105820,Webster County,24284000,2183,False
2020,2105850,West Point Independent,-2,-2,True
2020,2105880,Whitley County,49880000,4302,False
2020,2105910,Williamsburg Independent,9197000,843,False
2020,2105940,Williamstown Independent,9793000,910,False
2020,2105970,Wolfe County,16744000,1155,False
2020,2106000,Woodford County,47032000,4034,False
