School Year,County Number,County Name,District Number,District Name,School Number,School Name,School Code,State School Id,NCES ID,CO-OP,CO-OP CODE,School Type,Personnel Expenditures State Local Per Student,Non-Personnel Expenditures State Local Per Student,Personnel Spending per Student - Federal Funds,Non-Personnel Spending per Student - Federal Funds,Total Spending per Student - State/Local Funds,Total Expenditures Federal Per Student,Total Expenditures Per Student
20232024,001,ADAIR,001,Adair County,010,Adair County High School,001010,001001010,210003000001,GRREC,902,A1,"9,827","2,136",450,184,"12,187",688,"13,160"
20232024,001,ADAIR,001,Adair County,012,Adair Learning Academy,001012,001001012,210003001913,GRREC,902,A6,,,,,,,
20232024,001,ADAIR,001,Adair County,014,Adair County Middle School,001014,001001014,210003001919,GRREC,902,A1,"10,250","1,262",861,331,"11,823","1,269","13,163"
20232024,001,ADAIR,001,Adair County,016,Adair County Elementary School,001016,001001016,210003002021,GRREC,902,A1,"10,585","1,158",932,282,"12,058","1,320","13,410"
20232024,001,ADAIR,001,Adair County,020,Adair County Primary Center,001020,001001020,210003002345,GRREC,902,A1,"12,170","1,374","1,400",347,"13,861","1,849","15,232"
20232024,002,ALLEN,005,Allen County,010,Allen County Primary Center,005010,002005010,210007000008,GRREC,902,A1,"9,243","1,805","1,420","1,341","11,048","2,761","13,809"
20232024,002,ALLEN,005,Allen County,015,James E Bazzell Middle School,005015,002005015,210007000009,GRREC,902,A1,"8,423","1,672","1,758","1,113","10,096","2,871","12,967"
20232024,002,ALLEN,005,Allen County,020,Allen County-Scottsville High School,005020,002005020,210007000010,GRREC,902,A1,"8,993","2,432","1,285","1,271","11,425","2,557","13,981"
20232024,002,ALLEN,005,Allen County,025,Patriot Academy,005025,002005025,210007002535,GRREC,902,A5,,,,,,,
20232024,002,ALLEN,005,Allen County,060,Allen County Intermediate Center,005060,002005060,210007000013,GRREC,902,A1,"7,672","1,626","1,483","1,161","9,298","2,644","11,942"
20232024,002,ALLEN,005,Allen County,901,Allen County Career and Technical Center,005901,002005901,210007002061,GRREC,902,A2,,,,,,,
20232024,056,JEFFERSON,006,Anchorage Independent,010,Anchorage Independent Public School,006010,056006010,210009000014,OVEC,906,A1,"20,657","5,754",73,322,"26,411",395,"27,198"
20232024,003,ANDERSON,011,Anderson County,020,Anderson County High School,011020,003011020,210012000016,CKEC,901,A1,"8,255","2,324",299,297,"10,579",596,"13,495"
20232024,003,ANDERSON,011,Anderson County,022,Robert B. Turner Elementary School,011022,003011022,210012001955,CKEC,901,A1,"9,437","1,633","1,269",228,"11,070","1,497","13,778"
20232024,003,ANDERSON,011,Anderson County,025,Anderson County Middle School,011025,003011025,210012000017,CKEC,901,A1,"8,881","1,749",215,206,"10,630",421,"13,402"
20232024,003,ANDERSON,011,Anderson County,050,Saffell Street Elementary School,011050,003011050,210012000018,CKEC,901,A1,"11,346","1,990","1,199",221,"13,336","1,420","16,232"
20232024,003,ANDERSON,011,Anderson County,110,Emma B. Ward Elementary School,011110,003011110,210012000021,CKEC,901,A1,"12,286","1,843","1,895",221,"14,130","2,115","16,945"
20232024,003,ANDERSON,011,Anderson County,120,Ezra Sparrow Early Childhood Center,011120,003011120,210012001298,CKEC,901,A1,"12,749","3,272","2,157","1,446","16,021","3,603","18,747"
20232024,010,BOYD,012,Ashland Independent,005,Ashland Alternative School,012005,010012005,210015002487,KEDC,903,A5,,,,,,,
20232024,010,BOYD,012,Ashland Independent,010,Paul G. Blazer High School,012010,010012010,210015000022,KEDC,903,A1,"11,313","4,604",576,"1,401","15,917","1,977","17,894"
20232024,010,BOYD,012,Ashland Independent,012,Ashland Head Start,012012,010012012,210015002023,KEDC,903,A4,,,,,,,
20232024,010,BOYD,012,Ashland Independent,050,Ashland Middle School,012050,010012050,210015000023,KEDC,903,A1,"10,311","3,502",764,"1,082","13,813","1,846","15,659"
20232024,010,BOYD,012,Ashland Independent,070,Crabbe Elementary School,012070,010012070,210015000025,KEDC,903,A1,"11,824","4,086","2,847","1,831","15,909","4,678","20,587"
20232024,010,BOYD,012,Ashland Independent,080,Hager Elementary School,012080,010012080,210015000026,KEDC,903,A1,"9,171","3,086","1,614","1,187","12,257","2,801","15,058"
20232024,010,BOYD,012,Ashland Independent,100,Oakview Elementary School,012100,010012100,210015000028,KEDC,903,A1,"12,458","3,333","2,405","1,212","15,791","3,617","19,408"
20232024,010,BOYD,012,Ashland Independent,110,Poage Elementary School,012110,010012110,210015000029,KEDC,903,A1,"13,276","6,286","1,778","3,954","19,563","5,732","25,294"
20232024,010,BOYD,012,Ashland Independent,130,Charles Russell Elementary School,012130,010012130,210015000031,KEDC,903,A1,"13,216","3,763","2,632","1,454","16,979","4,086","21,065"
20232024,012,BRACKEN,013,Augusta Independent,011,Augusta Independent School,013011,012013011,210018001968,KEDC,903,A1,"10,931","3,742","1,022",675,"14,677","1,697","16,374"
20232024,004,BALLARD,015,Ballard County,005,Ballard County Middle School,015005,004015005,210021000035,WKEC,908,A1,"9,185","1,663","1,981",401,"10,847","2,383","15,543"
20232024,004,BALLARD,015,Ballard County,010,Ballard Memorial High School,015010,004015010,210021000036,WKEC,908,A1,"12,416","5,969",669,659,"18,389","1,325","22,664"
20232024,004,BALLARD,015,Ballard County,050,Ballard County Elementary School,015050,004015050,210021000356,WKEC,908,A1,"8,090","2,384","1,810",533,"10,471","2,345","16,165"
20232024,004,BALLARD,015,Ballard County,070,Ballard Co. Preschool/Headstart Center,015070,004015070,210021000040,WKEC,908,A4,,,,,,,
20232024,004,BALLARD,015,Ballard County,905,Ballard County Career and Technology Ctr,015905,004015905,210021002404,WKEC,908,A2,,,,,,,
20232024,061,KNOX,016,Barbourville Independent,011,Barbourville City School,016011,061016011,210024001969,SESC,907,A1,"7,925","3,213","1,441",950,"11,138","2,391","15,093"
20232024,061,KNOX,016,Barbourville Independent,015,Barbourville Learning Center,016015,061016015,210024002542,SESC,907,A5,,,,,,,
20232024,090,NELSON,017,Bardstown Independent,005,Bardstown Alternative School,017005,090017005,210027002359,CKEC,901,A5,,,,,,,
20232024,090,NELSON,017,Bardstown Independent,009,Bardstown Early Childhood Center,017009,090017009,210027002222,CKEC,901,A4,,,,,,,
20232024,090,NELSON,017,Bardstown Independent,010,Bardstown Elementary School,017010,090017010,210027000044,CKEC,901,A1,"10,961","1,787",896,109,"12,748","1,005","19,930"
20232024,090,NELSON,017,Bardstown Independent,012,Bardstown Primary School,017012,090017012,210027002050,CKEC,901,A1,"13,489","1,844",949,93,"15,333","1,042","22,433"
20232024,090,NELSON,017,Bardstown Independent,020,Bardstown High School,017020,090017020,210027000045,CKEC,901,A1,"11,465","2,726",183,191,"14,192",375,"20,776"
20232024,090,NELSON,017,Bardstown Independent,030,Bardstown Middle School,017030,090017030,210027000046,CKEC,901,A1,"11,018","1,909",367,92,"12,929",458,"19,444"
20232024,005,BARREN,021,Barren County,010,Austin Tracy Elementary School,021010,005021010,210030000047,GRREC,902,A1,"9,150","3,055","1,274",596,"11,989","1,863","17,829"
20232024,005,BARREN,021,Barren County,011,College Street Campus,021011,005021011,210030001303,GRREC,902,A5,,,,,,,
20232024,005,BARREN,021,Barren County,012,BAVEL,021012,005021012,210030001970,GRREC,902,A8,,,,,,,
20232024,005,BARREN,021,Barren County,014,North Jackson Elementary,021014,005021014,210030002232,GRREC,902,A1,"9,672","2,914","1,206",555,"12,394","1,754","17,912"
20232024,005,BARREN,021,Barren County,027,Barren County High School,021027,005021027,210030000048,GRREC,902,A1,"10,410","3,501","1,133",706,"13,224","1,819","18,914"
20232024,005,BARREN,021,Barren County,035,Eastern Elementary School,021035,005021035,210030000049,GRREC,902,A1,"9,727","3,193","1,809",755,"12,763","2,557","19,340"
20232024,005,BARREN,021,Barren County,050,Barren County Middle School,021050,005021050,210030000607,GRREC,902,A1,"15,490","2,754","1,522",431,"12,035","1,946","17,746"
20232024,005,BARREN,021,Barren County,080,Hiseville Elementary School,021080,005021080,210030000050,GRREC,902,A1,"9,223","3,317","2,039",502,"12,403","2,533","18,880"
20232024,005,BARREN,021,Barren County,130,Park City Elementary School,021130,005021130,210030000051,GRREC,902,A1,"9,270","3,056","1,605",537,"12,155","2,134","18,263"
20232024,005,BARREN,021,Barren County,150,Red Cross Elementary School,021150,005021150,210030000052,GRREC,902,A1,"9,570","2,418","1,620",605,"11,819","2,218","17,801"
20232024,005,BARREN,021,Barren County,180,Temple Hill Elementary School,021180,005021180,210030000053,GRREC,902,A1,"10,468","3,300","1,584",573,"13,584","2,150","19,498"
20232024,006,BATH,025,Bath County,012,Second Chance Academy,025012,006025012,210033002335,KEDC,903,A5,,,,,,,
20232024,006,BATH,025,Bath County,014,Crossroads Elementary School,025014,006025014,210033002223,KEDC,903,A1,"8,982","2,442","1,691",384,"11,424","2,075","15,146"
20232024,006,BATH,025,Bath County,020,Bath County Middle School,025020,006025020,210033001606,KEDC,903,A1,"8,635","2,512","1,310",404,"11,147","1,714","14,498"
20232024,006,BATH,025,Bath County,030,Owingsville Elementary School,025030,006025030,210033000056,KEDC,903,A1,"8,287","2,462","1,808",360,"10,748","2,168","14,557"
20232024,006,BATH,025,Bath County,040,Bath County High School,025040,006025040,210033000057,KEDC,903,A1,"8,675","2,897",770,450,"11,572","1,221","31,228"
20232024,059,KENTON,026,Beechwood Independent,010,Beechwood Elementary School,026010,059026010,210036000059,NKCES,905,A1,"7,985","2,186",472,60,"10,171",532,"21,557"
20232024,059,KENTON,026,Beechwood Independent,020,Beechwood High School,026020,059026020,210036000060,NKCES,905,A1,"8,584","2,840",433,118,"11,422",551,"22,828"
20232024,059,KENTON,026,Beechwood Independent,420,Guardian Angel,026420,059026420,210036002409,NKCES,905,A6,,,,,,,
20232024,007,BELL,031,Bell County,012,Bell Central School Center,031012,007031012,210039001881,SESC,907,A1,"20,404","3,006","2,710",62,"23,410","2,769","29,764"
20232024,007,BELL,031,Bell County,013,Page School Center,031013,007031013,210039001882,SESC,907,A1,"23,533","3,358","4,102",86,"26,891","4,188","35,599"
20232024,007,BELL,031,Bell County,040,Bell County High School,031040,007031040,210039000062,SESC,907,A1,"20,928","3,837","2,692",33,"24,765","2,729","32,706"
20232024,007,BELL,031,Bell County,180,Frakes School Center,031180,007031180,210039000067,SESC,907,A1,"29,528","4,780","4,520",38,"34,308","4,558","43,527"
20232024,007,BELL,031,Bell County,250,Lone Jack School Center,031250,007031250,210039000068,SESC,907,A1,"22,563","3,005","2,710",62,"25,564","2,772","33,320"
20232024,007,BELL,031,Bell County,345,Right Fork School Center,031345,007031345,210039000072,SESC,907,A1,"27,584","5,164","3,654",77,"32,748","3,731","41,599"
20232024,007,BELL,031,Bell County,390,Yellow Creek School Center,031390,007031390,210039000074,SESC,907,A1,"21,705","2,599","2,407",87,"24,304","2,490","31,405"
20232024,019,CAMPBELL,032,Bellevue Independent,010,Bellevue High School,032010,019032010,210042000075,NKCES,905,A1,"13,362","4,007","1,044","1,036","18,498","2,078","18,657"
20232024,019,CAMPBELL,032,Bellevue Independent,020,Grandview Elementary School,032020,019032020,210042000076,NKCES,905,A1,"16,789","4,306","1,537","1,889","21,467","3,430","17,670"
20232024,073,MADISON,034,Berea Independent,010,Berea Community Elementary School,034010,073034010,210048000077,SESC,907,A1,"11,871","3,296","1,385",801,"15,168","2,191","17,359"
20232024,073,MADISON,034,Berea Independent,015,Berea Community Middle School,034015,073034015,210048001658,SESC,907,A1,"14,179","3,549","1,840",913,"17,725","2,756","20,484"
20232024,073,MADISON,034,Berea Independent,020,Berea Community High School,034020,073034020,210048000078,SESC,907,A1,"11,985","4,486","1,546",793,"16,471","2,339","18,810"
20232024,008,BOONE,035,Boone County,005,A M Yealey Elementary School,035005,008035005,210051000079,NKCES,905,A1,"10,280",813,689,"1,004","11,093","1,693","12,787"
20232024,008,BOONE,035,Boone County,006,Erpenbeck Elementary School,035006,008035006,210051001710,NKCES,905,A1,"10,274",984,406,627,"11,259","1,033","12,292"
20232024,008,BOONE,035,Boone County,008,North Pointe Elementary School,035008,008035008,210051001883,NKCES,905,A1,"11,822","1,124",707,669,"12,945","1,376","14,321"
20232024,008,BOONE,035,Boone County,010,Camp Ernst Middle School,035010,008035010,210051001971,NKCES,905,A1,"9,638","1,162",587,607,"10,800","1,194","11,994"
20232024,008,BOONE,035,Boone County,011,Shirley Mann Elementary School,035011,008035011,210051002022,NKCES,905,A1,"9,727","1,053",377,463,"10,780",840,"11,620"
20232024,008,BOONE,035,Boone County,012,Thornwilde Elementary School,035012,008035012,210051002290,NKCES,905,A1,"9,549",900,388,491,"10,449",879,"11,328"
20232024,008,BOONE,035,Boone County,015,Randall K. Cooper High School,035015,008035015,210051002206,NKCES,905,A1,"8,710","1,964",361,437,"10,674",798,"11,472"
20232024,008,BOONE,035,Boone County,017,Longbranch Elementary School,035017,008035017,210051002245,NKCES,905,A1,"9,045",868,427,499,"9,913",926,"10,839"
20232024,008,BOONE,035,Boone County,018,Steeplechase Elementary School,035018,008035018,210051002522,NKCES,905,A1,"10,029",729,878,"1,146","10,758","2,023","12,781"
20232024,008,BOONE,035,Boone County,020,Rector A. Jones Middle School,035020,008035020,210051000080,NKCES,905,A1,"9,851",869,"1,139","1,021","10,720","2,160","12,880"
20232024,008,BOONE,035,Boone County,025,Ballyshannon Middle School,035025,008035025,210051002460,NKCES,905,A1,"9,690","1,218",411,557,"10,908",968,"11,875"
20232024,008,BOONE,035,Boone County,030,Boone County High School,035030,008035030,210051000081,NKCES,905,A1,"9,632","1,862",595,638,"11,494","1,233","12,728"
20232024,008,BOONE,035,Boone County,040,Burlington Elementary School,035040,008035040,210051000082,NKCES,905,A1,"10,779",820,"1,081",830,"11,600","1,910","13,510"
20232024,008,BOONE,035,Boone County,041,Charles H. Kelly Elementary School,035041,008035041,210051001519,NKCES,905,A1,"12,537","1,093",545,950,"13,630","1,495","15,125"
20232024,008,BOONE,035,Boone County,043,Conner Middle School,035043,008035043,210051000083,NKCES,905,A1,"9,200","1,092",697,476,"10,292","1,173","11,465"
20232024,008,BOONE,035,Boone County,045,Conner High School,035045,008035045,210051000084,NKCES,905,A1,"8,846","1,688",423,460,"10,534",883,"11,417"
20232024,008,BOONE,035,Boone County,050,Florence Elementary School,035050,008035050,210051000085,NKCES,905,A1,"10,064",796,"1,116",946,"10,861","2,062","12,923"
20232024,008,BOONE,035,Boone County,055,Chester Goodridge Elementary School,035055,008035055,210051000086,NKCES,905,A1,"9,244",753,717,798,"9,997","1,515","11,513"
20232024,008,BOONE,035,Boone County,065,Hillard Collins Elementary School,035065,008035065,210051001608,NKCES,905,A1,"11,174",659,"1,106","1,072","11,833","2,177","14,010"
20232024,008,BOONE,035,Boone County,071,Larry A. Ryle High School,035071,008035071,210051000011,NKCES,905,A1,"8,418","1,657",405,440,"10,075",845,"10,919"
20232024,008,BOONE,035,Boone County,075,Gray Middle School,035075,008035075,210051000638,NKCES,905,A1,"8,792","1,135",497,506,"9,927","1,003","10,930"
20232024,008,BOONE,035,Boone County,080,New Haven Elementary School,035080,008035080,210051000088,NKCES,905,A1,"10,187","1,071",457,567,"11,258","1,024","12,282"
20232024,008,BOONE,035,Boone County,081,Ockerman Elementary School,035081,008035081,210051000089,NKCES,905,A1,"9,096",661,983,848,"9,757","1,830","11,587"
20232024,008,BOONE,035,Boone County,083,Stephens Elementary School,035083,008035083,210051001695,NKCES,905,A1,"11,336",809,896,"1,014","12,145","1,910","14,055"
20232024,008,BOONE,035,Boone County,085,Ockerman Middle School,035085,008035085,210051000090,NKCES,905,A1,"9,805","1,094",623,609,"10,900","1,232","12,132"
20232024,008,BOONE,035,Boone County,135,ACCEL Academy,035135,008035135,210051002523,NKCES,905,A5,,,,,,,
20232024,008,BOONE,035,Boone County,160,Ignite Institute,035160,008035160,210051002536,NKCES,905,A2,,,,,,,
20232024,008,BOONE,035,Boone County,170,RISE Academy,035170,008035170,210051002266,NKCES,905,A5,,,,,,,
20232024,009,BOURBON,041,Bourbon County,010,Bourbon Central Elementary School,041010,009041010,210054001576,CKEC,901,A1,"10,742","2,279","2,088",410,"13,021","2,497","18,131"
20232024,009,BOURBON,041,Bourbon County,011,Bourbon County Preschool Headstart,041011,009041011,210054002054,CKEC,901,A4,,,,,,,
20232024,009,BOURBON,041,Bourbon County,030,Cane Ridge Elementary School,041030,009041030,210054000024,CKEC,901,A1,"11,147","2,316","2,315",394,"13,463","2,710","18,670"
20232024,009,BOURBON,041,Bourbon County,090,North Middletown Elementary School,041090,009041090,210054000096,CKEC,901,A1,"11,512","2,661","2,205",422,"14,173","2,627","19,348"
20232024,009,BOURBON,041,Bourbon County,110,Bourbon County High School,041110,009041110,210054000098,CKEC,901,A1,"9,437","2,385","1,469",430,"11,823","1,899","17,404"
20232024,009,BOURBON,041,Bourbon County,120,Bourbon County Middle School,041120,009041120,210054000099,CKEC,901,A1,"9,960","2,217","1,390",457,"12,177","1,847","16,673"
20232024,114,WARREN,042,Bowling Green Independent,010,Dishman McGinnis Elementary School,042010,114042010,210057000100,GRREC,902,A1,"11,352","2,985","1,161","1,738","14,337","2,898","22,286"
20232024,114,WARREN,042,Bowling Green Independent,011,Childrens Crisis Stabilization Unit,042011,114042011,210057001830,GRREC,902,A6,,,,,,,
20232024,114,WARREN,042,Bowling Green Independent,013,Warren Regional Juvenile Detention Ctr,042013,114042013,210057001911,GRREC,902,A6,,,,,,,
20232024,114,WARREN,042,Bowling Green Independent,057,Parker-Bennett-Curry School,042057,114042057,210057000102,GRREC,902,A1,"10,612","3,561","1,541","1,652","14,173","3,192","22,363"
20232024,114,WARREN,042,Bowling Green Independent,060,Potter Gray Elementary,042060,114042060,210057000103,GRREC,902,A1,"9,282","2,528",524,"1,546","11,810","2,069","17,893"
20232024,114,WARREN,042,Bowling Green Independent,065,Bowling Green Junior High,042065,114042065,210057000104,GRREC,902,A1,"9,369","3,090",937,"1,600","12,458","2,537","19,229"
20232024,114,WARREN,042,Bowling Green Independent,070,Bowling Green High School,042070,114042070,210057000105,GRREC,902,A1,"10,126","3,305",655,"1,742","13,431","2,397","20,258"
20232024,114,WARREN,042,Bowling Green Independent,080,T C Cherry Elementary School,042080,114042080,210057000106,GRREC,902,A1,"13,400","3,795","2,609","1,847","17,195","4,456","27,860"
20232024,114,WARREN,042,Bowling Green Independent,090,W R McNeill Elementary School,042090,114042090,210057000107,GRREC,902,A1,"9,411","2,737",604,"1,647","12,148","2,250","18,321"
20232024,114,WARREN,042,Bowling Green Independent,098,Bowling Green Learning Center,042098,114042098,210057001696,GRREC,902,A5,,,,,,,
20232024,010,BOYD,045,Boyd County,010,Boyd County High School,045010,010045010,210062000108,KEDC,903,A1,"12,027","2,997","1,837",75,"15,060",492,"23,850"
20232024,010,BOYD,045,Boyd County,020,Cannonsburg Elementary School,045020,010045020,210062000109,KEDC,903,A1,"17,392","2,189","2,328",6,"19,510",984,"28,300"
20232024,010,BOYD,045,Boyd County,035,Boyd County Middle School,045035,010045035,210062000112,KEDC,903,A1,"12,832","2,551","2,464",30,"15,312","1,065","24,102"
20232024,010,BOYD,045,Boyd County,045,Boyd County Central School,045045,010045045,210062002466,KEDC,903,A5,,,,,,,
20232024,010,BOYD,045,Boyd County,080,Summit Elementary School,045080,010045080,210062000117,KEDC,903,A1,"13,153","2,428","2,195",6,"15,730",774,"24,520"
20232024,010,BOYD,045,Boyd County,095,Catlettsburg Elementary School,045095,010045095,210062000118,KEDC,903,A1,"18,569","3,393","2,646",11,"22,507","1,429","31,298"
20232024,010,BOYD,045,Boyd County,097,Ponderosa Elementary School,045097,010045097,210062000030,KEDC,903,A1,"12,649","2,330","1,729",6,"14,907",372,"23,698"
20232024,010,BOYD,045,Boyd County,120,Boyd Co Career & Tech Educ Ctr Voc Sch,045120,010045120,210062001479,KEDC,903,A2,,,,,,,
20232024,010,BOYD,045,Boyd County,198,Boyd Co Early Childhood Academy,045198,010045198,210062001923,KEDC,903,A4,,,,,,,
20232024,011,BOYLE,051,Boyle County,003,Boyle County Middle School,051003,011051003,210063000119,CKEC,901,A1,"11,389","2,436",134,110,"10,792",244,"11,034"
20232024,011,BOYLE,051,Boyle County,004,Boyle County Day Treatment,051004,011051004,210063001713,CKEC,901,A6,,,,,,,
20232024,011,BOYLE,051,Boyle County,005,Boyle County High School,051005,011051005,210063000120,CKEC,901,A1,"10,719","2,870",219,136,"10,466",355,"10,819"
20232024,011,BOYLE,051,Boyle County,040,Junction City Elementary School,051040,011051040,210063000121,CKEC,901,A1,"11,463","2,208","1,320",78,"9,448","1,398","10,844"
20232024,011,BOYLE,051,Boyle County,050,Woodlawn Elementary School,051050,011051050,210063000122,CKEC,901,A1,"10,661","2,299",419,110,"9,637",529,"10,164"
20232024,011,BOYLE,051,Boyle County,080,Perryville Elementary School,051080,011051080,210063000124,CKEC,901,A1,"11,386","2,217","1,506",110,"9,193","1,616","10,807"
20232024,012,BRACKEN,055,Bracken County,010,Bracken County High School,055010,012055010,210066000125,NKCES,905,A1,"9,047","3,999",347,644,"13,046",991,"14,037"
20232024,012,BRACKEN,055,Bracken County,050,Taylor Elementary School,055050,012055050,210066000128,NKCES,905,A1,"10,777","2,253","1,053",758,"13,030","1,811","14,841"
20232024,012,BRACKEN,055,Bracken County,060,Bracken County Middle School,055060,012055060,210066001560,NKCES,905,A1,"9,180","2,703",840,846,"11,883","1,686","13,569"
20232024,013,BREATHITT,061,Breathitt County,030,Highland-Turner Elementary School,061030,013061030,210069001659,KVEC,904,A1,"10,728","3,529","3,216","3,023","14,257","6,239","20,496"
20232024,013,BREATHITT,061,Breathitt County,031,Breathitt Regional School,061031,013061031,210069001623,KVEC,904,A6,,,,,,,
20232024,013,BREATHITT,061,Breathitt County,033,Breathitt Learning Academy,061033,013061033,210069001842,KVEC,904,A6,,,,,,,
20232024,013,BREATHITT,061,Breathitt County,035,Breathitt Elementary,061035,013061035,210069002565,KVEC,904,A1,"8,883","2,134","2,011","1,375","11,017","3,387","14,404"
20232024,013,BREATHITT,061,Breathitt County,060,Breathitt County High School,061060,013061060,210069000129,KVEC,904,A1,"9,491","3,988","1,863","1,745","13,479","3,608","17,087"
20232024,013,BREATHITT,061,Breathitt County,150,Sebastian Elementary School,061150,013061150,210069000132,KVEC,904,A1,"9,050","2,934","2,468","2,128","11,984","4,596","16,582"
20232024,014,BRECKINRIDGE,065,Breckinridge County,010,Breckinridge County High School,065010,014065010,210072000137,GRREC,902,A1,"8,671","2,780",630,348,"11,451",977,"12,428"
20232024,014,BRECKINRIDGE,065,Breckinridge County,020,Hardinsburg Elementary School,065020,014065020,210072000138,GRREC,902,A1,"9,628","1,965","1,872",361,"11,593","2,233","13,826"
20232024,014,BRECKINRIDGE,065,Breckinridge County,030,Ben Johnson Elementary School,065030,014065030,210072000139,GRREC,902,A1,"10,751","2,179","1,755",342,"12,930","2,097","15,027"
20232024,014,BRECKINRIDGE,065,Breckinridge County,040,Custer Elementary School,065040,014065040,210072000140,GRREC,902,A1,"13,190","2,730","1,799",355,"15,920","2,153","18,073"
20232024,014,BRECKINRIDGE,065,Breckinridge County,050,Irvington Elementary School,065050,014065050,210072000141,GRREC,902,A1,"9,432","2,172","1,598",379,"11,604","1,977","13,581"
20232024,014,BRECKINRIDGE,065,Breckinridge County,100,Breckinridge County Middle School,065100,014065100,210072001304,GRREC,902,A1,"9,682","2,136",935,304,"11,818","1,239","13,056"
20232024,015,BULLITT,071,Bullitt County,005,Bernheim Middle School,071005,015071005,210075000414,OVEC,906,A1,"9,763","2,003",470,672,"11,766","1,142","17,285"
20232024,015,BULLITT,071,Bullitt County,006,Freedom Elementary School,071006,015071006,210075001958,OVEC,906,A1,"9,209","2,104",687,127,"11,313",815,"16,456"
20232024,015,BULLITT,071,Bullitt County,007,Zoneton Middle School,071007,015071007,210075001973,OVEC,906,A1,"9,692","2,099",497,699,"11,791","1,196","17,371"
20232024,015,BULLITT,071,Bullitt County,008,Shepherdsville Elementary,071008,015071008,210075001974,OVEC,906,A1,"10,122","1,929",822,313,"12,051","1,136","17,609"
20232024,015,BULLITT,071,Bullitt County,009,Eastside Middle School,071009,015071009,210075001975,OVEC,906,A1,"9,086","1,781",461,285,"10,867",746,"15,916"
20232024,015,BULLITT,071,Bullitt County,010,Brooks Elementary School,071010,015071010,210075000144,OVEC,906,A1,"11,204","2,459",809,119,"13,663",927,"18,945"
20232024,015,BULLITT,071,Bullitt County,015,Bullitt Central High School,071015,015071015,210075000145,OVEC,906,A1,"9,590","2,228",467,119,"11,819",585,"16,730"
20232024,015,BULLITT,071,Bullitt County,016,Bullitt East High School,071016,015071016,210075001409,OVEC,906,A1,"8,438","2,332",467,113,"10,770",580,"15,653"
20232024,015,BULLITT,071,Bullitt County,018,Bullitt Lick Middle School,071018,015071018,210075001410,OVEC,906,A1,"10,348","2,116",733,493,"12,464","1,226","18,059"
20232024,015,BULLITT,071,Bullitt County,020,Cedar Grove Elementary,071020,015071020,210075000146,OVEC,906,A1,"10,681","2,060",728,88,"12,742",816,"17,908"
20232024,015,BULLITT,071,Bullitt County,025,Hebron Middle School,071025,015071025,210075000147,OVEC,906,A1,"9,172","2,076",392,469,"11,250",862,"16,448"
20232024,015,BULLITT,071,Bullitt County,030,Lebanon Junction Elementary,071030,015071030,210075000148,OVEC,906,A1,"11,446","2,034",821,257,"13,480","1,078","18,928"
20232024,015,BULLITT,071,Bullitt County,032,Spring Meadows,071032,015071032,210075002169,OVEC,906,A6,,,,,,,
20232024,015,BULLITT,071,Bullitt County,045,Maryville Elementary School,071045,015071045,210075000149,OVEC,906,A1,"10,357","2,050",817,196,"12,408","1,013","17,813"
20232024,015,BULLITT,071,Bullitt County,050,MT. Washington Middle School,071050,015071050,210075000150,OVEC,906,A1,"9,307","2,655",641,343,"11,962",984,"17,279"
20232024,015,BULLITT,071,Bullitt County,055,MT. Washington Elementary,071055,015071055,210075000151,OVEC,906,A1,"9,090","1,790",438,119,"10,880",558,"15,736"
20232024,015,BULLITT,071,Bullitt County,060,Crossroads Elementary,071060,015071060,210075002286,OVEC,906,A1,"10,452","1,936","1,017",231,"12,388","1,248","17,977"
20232024,015,BULLITT,071,Bullitt County,065,Pleasant Grove Elementary School,071065,015071065,210075001305,OVEC,906,A1,"9,094","1,764",554,117,"10,858",671,"15,824"
20232024,015,BULLITT,071,Bullitt County,070,Nichols Elementary,071070,015071070,210075000153,OVEC,906,A1,"16,632","3,207","1,241",235,"19,840","1,476","25,899"
20232024,015,BULLITT,071,Bullitt County,075,North Bullitt High School,071075,015071075,210075000154,OVEC,906,A1,"9,216","2,507",469,143,"11,725",612,"16,667"
20232024,015,BULLITT,071,Bullitt County,078,Old Mill Elementary School,071078,015071078,210075001578,OVEC,906,A1,"8,974","1,936",608,150,"10,910",757,"15,993"
20232024,015,BULLITT,071,Bullitt County,080,Overdale Elementary School,071080,015071080,210075000155,OVEC,906,A1,"9,924","2,089",760,211,"12,013",971,"17,369"
20232024,015,BULLITT,071,Bullitt County,090,Roby Elementary School,071090,015071090,210075000156,OVEC,906,A1,"9,948","1,974","1,040",141,"11,922","1,181","17,439"
20232024,015,BULLITT,071,Bullitt County,110,Riverview Opportunity Center,071110,015071110,210075000157,OVEC,906,A5,,,,,,,
20232024,015,BULLITT,071,Bullitt County,120,Bullitt Alternative Center,071120,015071120,210075000929,OVEC,906,A6,,,,,,,
20232024,084,MERCER,072,Burgin Independent,030,Burgin Independent School,072030,084072030,210078002407,CKEC,901,A1,"10,716","2,473",810,307,"13,190","1,117","15,613"
20232024,016,BUTLER,075,Butler County,030,Butler County High School,075030,016075030,210081000160,GRREC,902,A1,"9,433","3,929",961,292,"13,319","1,252","17,967"
20232024,016,BUTLER,075,Butler County,031,North Butler Elementary,075031,016075031,210081001976,GRREC,902,A1,"9,072","2,344","1,482",234,"11,416","1,716","16,527"
20232024,016,BUTLER,075,Butler County,032,Butler County Learning Center,075032,016075032,210081001977,GRREC,902,A5,,,,,,,
20232024,016,BUTLER,075,Butler County,035,Butler County Middle School,075035,016075035,210081001697,GRREC,902,A1,"9,099","2,661","1,041",258,"11,699","1,299","16,393"
20232024,016,BUTLER,075,Butler County,120,Morgantown Elementary School,075120,016075120,210081000164,GRREC,902,A1,"7,694","2,338","1,479",245,"10,032","1,724","15,150"
20232024,017,CALDWELL,081,Caldwell County,010,Caldwell County High School,081010,017081010,210084000166,WKEC,908,A1,"9,446","3,450",449,"1,538","12,897","1,988","16,056"
20232024,017,CALDWELL,081,Caldwell County,020,Caldwell County Middle School,081020,017081020,210084000167,WKEC,908,A1,"8,362","2,361","1,148","1,528","10,722","2,676","14,570"
20232024,017,CALDWELL,081,Caldwell County,030,Caldwell County Primary School,081030,017081030,210084001660,WKEC,908,A1,"9,329","2,185","1,190","1,580","11,515","2,770","23,895"
20232024,017,CALDWELL,081,Caldwell County,070,Caldwell County Elementary School,081070,017081070,210084000170,WKEC,908,A1,"7,712","2,266","1,641","1,534","9,978","3,175","17,855"
20232024,018,CALLOWAY,085,Calloway County,020,Calloway County High School,085020,018085020,210087000171,WKEC,908,A1,"9,142","2,767",956,898,"11,904","1,853","14,680"
20232024,018,CALLOWAY,085,Calloway County,025,East Calloway Elementary School,085025,018085025,210087000172,WKEC,908,A1,"10,619","2,564","1,496",779,"13,184","2,273","16,555"
20232024,018,CALLOWAY,085,Calloway County,035,North Calloway Elementary School,085035,018085035,210087000173,WKEC,908,A1,"9,025","2,346","1,670",710,"11,371","2,381","14,547"
20232024,018,CALLOWAY,085,Calloway County,045,Southwest Calloway Elementary School,085045,018085045,210087000174,WKEC,908,A1,"9,278","2,238","1,201",802,"11,516","2,002","14,313"
20232024,018,CALLOWAY,085,Calloway County,055,Calloway County Middle School,085055,018085055,210087001411,WKEC,908,A1,"8,939","2,062","1,348","1,149","11,000","2,497","14,420"
20232024,018,CALLOWAY,085,Calloway County,075,Calloway County Preschool Center,085075,018085075,210087000931,WKEC,908,A4,,,,,,,
20232024,018,CALLOWAY,085,Calloway County,095,Calloway County Day Treatment,085095,018085095,210087002366,WKEC,908,A6,,,,,,,
20232024,018,CALLOWAY,085,Calloway County,096,Calloway County Alternative Program,085096,018085096,210087002370,WKEC,908,A5,,,,,,,
20232024,019,CAMPBELL,091,Campbell County,011,Campbell County Middle School,091011,019091011,210090001306,NKCES,905,A1,"9,713","3,375",913,391,"13,089","1,304","14,393"
20232024,019,CAMPBELL,091,Campbell County,012,John W. Reiley Elementary School,091012,019091012,210090001320,NKCES,905,A1,"12,074","2,684","1,109",454,"14,758","1,562","16,320"
20232024,019,CAMPBELL,091,Campbell County,013,Donald E. Cline Elementary School,091013,019091013,210090001335,NKCES,905,A1,"11,097","3,141",995,455,"14,238","1,450","15,687"
20232024,019,CAMPBELL,091,Campbell County,016,Alexandria Educational Center,091016,019091016,210090001398,NKCES,905,A6,,,,,,,
20232024,019,CAMPBELL,091,Campbell County,019,Campbell Ridge Elementary,091019,019091019,210090001978,NKCES,905,A1,"11,917","2,909","1,232",531,"14,826","1,764","16,589"
20232024,019,CAMPBELL,091,Campbell County,035,Crossroads Elementary School,091035,019091035,210090002198,NKCES,905,A1,"12,354","3,280","1,361",566,"15,633","1,926","17,560"
20232024,019,CAMPBELL,091,Campbell County,050,Grant's Lick Elementary School,091050,019091050,210090000180,NKCES,905,A1,"13,232","3,388",854,486,"16,621","1,340","17,961"
20232024,019,CAMPBELL,091,Campbell County,100,Campbell County High School,091100,019091100,210090000941,NKCES,905,A1,"9,666","3,437",703,416,"13,102","1,120","14,222"
20232024,109,TAYLOR,092,Campbellsville Independent,010,Campbellsville Elementary School,092010,109092010,210093000182,GRREC,902,A1,"7,042","7,346","5,052","4,995","8,796","5,241","9,925"
20232024,109,TAYLOR,092,Campbellsville Independent,011,Campbellsville Eagle Academy,092011,109092011,210093001653,GRREC,902,A5,,,,,,,
20232024,109,TAYLOR,092,Campbellsville Independent,020,Campbellsville High School,092020,109092020,210093000183,GRREC,902,A1,"10,318","10,622","8,328","8,271","12,072","8,517","13,200"
20232024,109,TAYLOR,092,Campbellsville Independent,025,Campbellsville Middle School,092025,109092025,210093000184,GRREC,902,A1,"4,295","4,599","2,305","2,248","6,049","2,494","7,177"
20232024,020,CARLISLE,095,Carlisle County,020,Carlisle County Middle School,095020,020095020,210096000185,WKEC,908,A1,"10,708","3,523",766,768,"14,227","1,534","19,538"
20232024,020,CARLISLE,095,Carlisle County,040,Carlisle County High School,095040,020095040,210096000186,WKEC,908,A1,"10,284","4,941",502,890,"15,225","1,392","20,395"
20232024,020,CARLISLE,095,Carlisle County,060,Carlisle County Elementary School,095060,020095060,210096000187,WKEC,908,A1,"10,013","2,889","2,229",819,"12,902","3,045","19,727"
20232024,021,CARROLL,101,Carroll County,005,Cartmell Elementary,101005,021101005,210099000188,OVEC,906,A1,"11,731","2,954",929,208,"14,685","1,137","15,822"
20232024,021,CARROLL,101,Carroll County,007,Carroll Co Childhood Development Center,101007,021101007,210099002293,OVEC,906,A4,,,,,,,
20232024,021,CARROLL,101,Carroll County,010,Kathryn Winn Primary,101010,021101010,210099000189,OVEC,906,A1,"13,388","4,392",896,236,"17,780","1,132","18,912"
20232024,021,CARROLL,101,Carroll County,018,Carroll County High School,101018,021101018,210099000190,OVEC,906,A1,"10,894","4,522",534,248,"15,416",782,"16,198"
20232024,021,CARROLL,101,Carroll County,019,Carroll County Middle School,101019,021101019,210099000191,OVEC,906,A1,"11,033","3,060",838,929,"14,093","1,767","15,860"
20232024,021,CARROLL,101,Carroll County,159,iLead Academy School,101159,021101159,210099002537,OVEC,906,A2,,,,,,,
20232024,022,CARTER,105,Carter County,040,Carter Virtual Academy,105040,022105040,210102002294,KEDC,903,A5,,,,,,,
20232024,022,CARTER,105,Carter County,052,Heritage Elementary School,105052,022105052,210102001884,KEDC,903,A1,"9,095","1,965",806,"2,632","11,060","3,438","16,476"
20232024,022,CARTER,105,Carter County,053,Tygart Creek Elementary School,105053,022105053,210102002340,KEDC,903,A1,"9,796","1,998","1,003","2,560","11,794","3,563","17,359"
20232024,022,CARTER,105,Carter County,060,Carter City Elementary School,105060,022105060,210102002356,KEDC,903,A1,"10,489","3,200","1,126","2,540","13,689","3,666","19,093"
20232024,022,CARTER,105,Carter County,120,East Carter County High School,105120,022105120,210102000194,KEDC,903,A1,"9,064","2,438",752,"2,625","11,502","3,377","16,737"
20232024,022,CARTER,105,Carter County,130,East Carter Middle School,105130,022105130,210102001698,KEDC,903,A1,"8,568","1,945",871,"2,615","10,513","3,486","15,830"
20232024,022,CARTER,105,Carter County,250,Olive Hill Elementary School,105250,022105250,210102000198,KEDC,903,A1,"10,156","2,100","1,255","2,631","12,256","3,886","18,100"
20232024,022,CARTER,105,Carter County,340,Prichard Elementary School,105340,022105340,210102000199,KEDC,903,A1,"8,887","1,739",910,"2,555","10,626","3,465","15,997"
20232024,022,CARTER,105,Carter County,450,Star Elementary School,105450,022105450,210102000200,KEDC,903,A1,"10,683","1,672",681,"2,500","12,355","3,181","17,274"
20232024,022,CARTER,105,Carter County,500,West Carter County High School,105500,022105500,210102000202,KEDC,903,A1,"9,652","2,941",912,"2,652","12,593","3,564","18,049"
20232024,022,CARTER,105,Carter County,505,West Carter Middle School,105505,022105505,210102001661,KEDC,903,A1,"9,254","1,926","1,038","2,735","11,180","3,773","16,811"
20232024,022,CARTER,105,Carter County,905,Carter County Career and Technical Center,105905,022105905,210102001439,KEDC,903,A2,,,,,,,
20232024,023,CASEY,111,Casey County,015,Walnut Hill Elementary School,111015,023111015,210105002211,SESC,907,A1,"8,802","2,368","2,319","1,244","10,965","4,114","19,461"
20232024,023,CASEY,111,Casey County,026,Jones Park Elementary,111026,023111026,210105001981,SESC,907,A1,"12,105","2,336","1,802","1,939","15,458","3,383","24,175"
20232024,023,CASEY,111,Casey County,045,Casey County High School,111045,023111045,210105000204,SESC,907,A1,"9,985","5,364","1,534","1,358","14,658","2,824","21,695"
20232024,023,CASEY,111,Casey County,070,Casey County Middle School,111070,023111070,210105001579,SESC,907,A1,"7,275","1,721","1,776","1,537","9,226","3,263","15,838"
20232024,023,CASEY,111,Casey County,190,Liberty Elementary School,111190,023111190,210105000208,SESC,907,A1,"7,387","1,159","2,630","2,337","8,859","4,844","17,724"
20232024,005,BARREN,113,Caverna Independent,025,Caverna Elementary School,113025,005113025,210111000213,GRREC,902,A1,"11,223","2,748","1,782","1,002","13,971","2,784","17,278"
20232024,005,BARREN,113,Caverna Independent,026,Caverna Middle School,113026,005113026,210111001914,GRREC,902,A1,"12,970","3,233","3,687","2,201","16,203","5,888","22,622"
20232024,005,BARREN,113,Caverna Independent,030,Caverna High School,113030,005113030,210111000214,GRREC,902,A1,"11,283","4,655","1,757","2,190","15,937","3,948","20,404"
20232024,024,CHRISTIAN,115,Christian County,012,Christian County Public Schools VLA,115012,024115012,210115002524,WKEC,908,A8,,,,,,,
20232024,024,CHRISTIAN,115,Christian County,017,Martin Luther King Jr. Elementary School,115017,024115017,210115002024,WKEC,908,A1,"8,484","2,176","1,509","1,165","10,660","2,674","17,332"
20232024,024,CHRISTIAN,115,Christian County,023,Cumberland Hall School,115023,024115023,210115001912,WKEC,908,A6,,,,,,,
20232024,024,CHRISTIAN,115,Christian County,026,Freedom Elementary School,115026,024115026,210115002415,WKEC,908,A1,"8,303","2,044","2,007","1,057","11,024","3,064","17,703"
20232024,024,CHRISTIAN,115,Christian County,030,Christian County High School,115030,024115030,210115000220,WKEC,908,A1,"8,033","2,391",956,661,"10,772","1,617","15,906"
20232024,024,CHRISTIAN,115,Christian County,035,Christian County Middle School,115035,024115035,210115000221,WKEC,908,A1,"8,419","2,188",882,798,"10,826","1,680","16,220"
20232024,024,CHRISTIAN,115,Christian County,040,Crofton Elementary School,115040,024115040,210115000222,WKEC,908,A1,"8,580","2,202","1,132",614,"10,782","1,746","16,556"
20232024,024,CHRISTIAN,115,Christian County,050,Hopkinsville High School,115050,024115050,210115000223,WKEC,908,A1,"8,482","2,465","1,128",566,"10,947","1,694","16,526"
20232024,024,CHRISTIAN,115,Christian County,055,Indian Hills Elementary School,115055,024115055,210115000224,WKEC,908,A1,"8,016","2,014","2,114",815,"10,030","2,929","17,007"
20232024,024,CHRISTIAN,115,Christian County,058,Hopkinsville Middle School,115058,024115058,210115000225,WKEC,908,A1,"8,449","2,256","1,425",520,"10,705","1,945","16,590"
20232024,024,CHRISTIAN,115,Christian County,100,Bluegrass Learning Academy,115100,024115100,210115001402,WKEC,908,A5,,,,,,,
20232024,024,CHRISTIAN,115,Christian County,125,Millbrooke Elementary School,115125,024115125,210115000229,WKEC,908,A1,"7,657","2,079","1,666",581,"9,735","2,247","15,975"
20232024,024,CHRISTIAN,115,Christian County,130,Pembroke Elementary School,115130,024115130,210115000231,WKEC,908,A1,"8,559","2,057","1,325",578,"10,616","1,904","16,455"
20232024,024,CHRISTIAN,115,Christian County,150,Sinking Fork Elementary School,115150,024115150,210115000232,WKEC,908,A1,"8,714","2,024","1,428","1,003","10,738","2,430","17,132"
20232024,024,CHRISTIAN,115,Christian County,170,South Christian Elementary School,115170,024115170,210115000233,WKEC,908,A1,"8,230","2,061","1,408",679,"10,291","2,086","16,327"
20232024,024,CHRISTIAN,115,Christian County,180,Christian County Day Treatment,115180,024115180,210115000234,WKEC,908,A6,,,,,,,
20232024,024,CHRISTIAN,115,Christian County,975,Gateway Academy to Innovation & Tech.,115975,024115975,210115001938,WKEC,908,A2,,,,,,,
20232024,025,CLARK,121,Clark County,002,Willis H. Justice Elementary School,121002,025121002,210120002405,CKEC,901,A1,"9,320","2,646","1,939",419,"11,961","2,357","15,770"
20232024,025,CLARK,121,Clark County,004,Strode Station Elementary School,121004,025121004,210120002395,CKEC,901,A1,"9,972","2,678","1,372",416,"12,645","1,788","16,007"
20232024,025,CLARK,121,Clark County,006,Shearer Elementary School,121006,025121006,210120002397,CKEC,901,A1,"10,226","2,830","1,507",461,"13,050","1,968","17,258"
20232024,025,CLARK,121,Clark County,008,William G. Conkwright Elementary,121008,025121008,210120002391,CKEC,901,A1,"10,012","2,650","2,054",418,"12,656","2,472","16,674"
20232024,025,CLARK,121,Clark County,013,Phoenix Academy,121013,025121013,210120001624,CKEC,901,A6,,,,,,,
20232024,025,CLARK,121,Clark County,015,Cardinal Virtual Academy,121015,025121015,210120002567,CKEC,901,A8,,,,,,,
20232024,025,CLARK,121,Clark County,017,Clark County Preschool,121017,025121017,210120002120,CKEC,901,A4,,,,,,,
20232024,025,CLARK,121,Clark County,023,Robert D. Campbell Jr. High,121023,025121023,210120002402,CKEC,901,A1,"9,114","3,098","1,602",458,"12,207","2,060","15,911"
20232024,025,CLARK,121,Clark County,026,Rev. Henry E. Baker Sr. Interm. School,121026,025121026,210120002389,CKEC,901,A1,"9,656","2,627","1,569",439,"12,278","2,008","15,677"
20232024,025,CLARK,121,Clark County,030,George Rogers Clark High School,121030,025121030,210120000237,CKEC,901,A1,"9,062","3,410","1,290",406,"12,465","1,696","15,478"
20232024,026,CLAY,125,Clay County,040,Big Creek Elementary,125040,026125040,210123000247,SESC,907,A1,"13,388","2,933","4,238",212,"16,322","4,449","23,096"
20232024,026,CLAY,125,Clay County,041,Horse Creek Learning Center,125041,026125041,210123001846,SESC,907,A5,,,,,,,
20232024,026,CLAY,125,Clay County,070,Burning Springs Elementary,125070,026125070,210123000248,SESC,907,A1,"9,108","2,311","2,257",228,"11,419","2,484","15,972"
20232024,026,CLAY,125,Clay County,095,Clay County Middle School,125095,026125095,210123001699,SESC,907,A1,"10,797","2,288","2,559",248,"13,085","2,808","17,986"
20232024,026,CLAY,125,Clay County,100,Clay County High School,125100,026125100,210123000249,SESC,907,A1,"8,816","3,166","2,091",234,"11,982","2,325","45,865"
20232024,026,CLAY,125,Clay County,200,Goose Rock Elementary,125200,026125200,210123000251,SESC,907,A1,"11,612","2,173","3,163",360,"13,786","3,521","19,389"
20232024,026,CLAY,125,Clay County,220,Hacker Elementary School,125220,026125220,210123000252,SESC,907,A1,"8,454","2,160","2,925",188,"10,613","3,114","15,631"
20232024,026,CLAY,125,Clay County,500,Manchester Elementary School,125500,026125500,210123000255,SESC,907,A1,"9,087","2,094","2,196",268,"11,180","2,464","16,317"
20232024,026,CLAY,125,Clay County,570,Oneida Elementary School,125570,026125570,210123000256,SESC,907,A1,"10,510","3,366","3,807",233,"13,876","4,040","68,010"
20232024,026,CLAY,125,Clay County,580,Paces Creek Elementary,125580,026125580,210123001413,SESC,907,A1,"9,333","2,410","2,641",362,"11,741","3,003","17,022"
20232024,027,CLINTON,131,Clinton County,015,Albany Elementary School,131015,027131015,210126000257,GRREC,902,A1,"8,633","2,340","2,188",879,"10,974","3,067","15,168"
20232024,027,CLINTON,131,Clinton County,016,Foothills Academy,131016,027131016,210126002162,GRREC,902,A6,,,,,,,
20232024,027,CLINTON,131,Clinton County,020,Clinton County Early Childhood Center,131020,027131020,210126002228,GRREC,902,A1,"11,528","4,026","5,233","1,175","15,554","6,408","23,017"
20232024,027,CLINTON,131,Clinton County,045,Clinton County Middle School,131045,027131045,210126000444,GRREC,902,A1,"8,857","2,472","1,890",762,"11,329","2,652","15,076"
20232024,027,CLINTON,131,Clinton County,050,Clinton County High School,131050,027131050,210126000259,GRREC,902,A1,"9,824","4,136","2,054","1,072","13,960","3,127","18,163"
20232024,014,BRECKINRIDGE,132,Cloverport Independent,030,Cloverport Independent School,132030,014132030,210129002502,GRREC,902,A1,"6,881","1,468","1,642",733,"8,349","2,375","10,724"
20232024,014,BRECKINRIDGE,132,Cloverport Independent,035,Kentucky Virtual Academy,132035,014132035,210129002566,GRREC,902,A8,,,,,,,
20232024,118,WHITLEY,133,Corbin Independent,012,Corbin Educational Center,133012,118133012,210132001622,SESC,907,A6,,,,,,,
20232024,118,WHITLEY,133,Corbin Independent,016,Corbin Preschool,133016,118133016,210132001982,SESC,907,A4,,,,,,,
20232024,118,WHITLEY,133,Corbin Independent,019,CORBIN ELEMENTARY SCHOOL,133019,118133019,210132002489,SESC,907,A1,"9,787","1,564","1,741",459,"11,351","2,200","20,077"
20232024,118,WHITLEY,133,Corbin Independent,040,Corbin High School,133040,118133040,210132000266,SESC,907,A1,"10,596","3,165",803,488,"13,761","1,291","21,696"
20232024,118,WHITLEY,133,Corbin Independent,050,Corbin Middle School,133050,118133050,210132001414,SESC,907,A1,"9,014","2,198",935,379,"11,212","1,314","19,006"
20232024,118,WHITLEY,133,Corbin Independent,070,Corbin Primary,133070,118133070,210132002218,SESC,907,A1,"8,698","1,603","1,519",340,"10,301","1,859","18,633"
20232024,118,WHITLEY,133,Corbin Independent,100,Corbin School of Innovation,133100,118133100,210132002367,SESC,907,A5,,,,,,,
20232024,059,KENTON,134,Covington Independent,010,Biggs Early Childhood Education Ctr,134010,059134010,210135001664,NKCES,905,A4,,,,,,,
20232024,059,KENTON,134,Covington Independent,011,Covington Adult High School,134011,059134011,210135001495,NKCES,905,A5,,,,,,,
20232024,059,KENTON,134,Covington Independent,013,Transformational Learning Center,134013,059134013,210135001783,NKCES,905,A5,,,,,,,
20232024,059,KENTON,134,Covington Independent,017,Holmes Middle School,134017,059134017,210135001944,NKCES,905,A1,"13,089","1,377","1,604",888,"14,466","2,492","20,281"
20232024,059,KENTON,134,Covington Independent,019,Holmes High School,134019,059134019,210135002049,NKCES,905,A1,"12,755","3,589","2,216","1,300","16,344","3,516","28,402"
20232024,059,KENTON,134,Covington Independent,110,John G Carlisle Elementary,134110,059134110,210135000270,NKCES,905,A1,"11,658","1,819","2,126","1,480","13,477","3,606","20,783"
20232024,059,KENTON,134,Covington Independent,115,Latonia Elementary School,134115,059134115,210135000271,NKCES,905,A1,"13,514","2,526","2,470","1,722","16,040","4,192","23,903"
20232024,059,KENTON,134,Covington Independent,150,Ninth District Elementary,134150,059134150,210135000274,NKCES,905,A1,"11,029","2,179","2,737","1,489","13,208","4,226","21,221"
20232024,059,KENTON,134,Covington Independent,160,Glenn O Swing Elementary,134160,059134160,210135000275,NKCES,905,A1,"11,860","2,077","2,064","1,149","13,937","3,213","21,901"
20232024,059,KENTON,134,Covington Independent,170,Sixth District Elementary School,134170,059134170,210135000276,NKCES,905,A1,"11,426","2,244","2,241","1,216","13,670","3,457","20,360"
20232024,059,KENTON,134,Covington Independent,906,Chapman Vocational Education Center,134906,059134906,210135002338,NKCES,905,A2,,,,,,,
20232024,028,CRITTENDEN,135,Crittenden County,020,Crittenden County High School,135020,028135020,210138000279,WKEC,908,A1,"10,281","3,039","1,177","1,533","13,320","2,711","19,176"
20232024,028,CRITTENDEN,135,Crittenden County,022,Pathway Academy High School,135022,028135022,210138002225,WKEC,908,A5,,,,,,,
20232024,028,CRITTENDEN,135,Crittenden County,025,Crittenden County Middle School,135025,028135025,210138000280,WKEC,908,A1,"8,136","1,968","2,040","1,219","10,104","3,259","16,509"
20232024,028,CRITTENDEN,135,Crittenden County,100,Crittenden County Elementary School,135100,028135100,210138001441,WKEC,908,A1,"8,324","2,055","1,430","1,428","10,378","2,859","16,383"
20232024,029,CUMBERLAND,141,Cumberland County,070,Cumberland County Elementary School,141070,029141070,210141000286,GRREC,902,A1,"19,614","6,034","4,227","1,048","9,694","5,747","25,308"
20232024,029,CUMBERLAND,141,Cumberland County,075,Cumberland County Middle School,141075,029141075,210141001561,GRREC,902,A1,"22,113","6,159","5,717",901,"12,355","7,090","27,932"
20232024,029,CUMBERLAND,141,Cumberland County,080,Cumberland County High School,141080,029141080,210141000287,GRREC,902,A1,"1,969","7,219","3,695","1,227","11,251","5,395","26,848"
20232024,011,BOYLE,143,Danville Independent,003,Mary G. Hogsett Primary School,143003,011143003,210144002477,CKEC,901,A1,"12,941","3,082","1,483",796,"16,023","2,279","17,612"
20232024,011,BOYLE,143,Danville Independent,005,John W. Bate Middle School,143005,011143005,210144000290,CKEC,901,A1,"12,854","3,146","1,725",770,"16,000","2,494","17,589"
20232024,011,BOYLE,143,Danville Independent,010,Edna L. Toliver Intermediate School,143010,011143010,210144002476,CKEC,901,A1,"13,236","3,063","2,021",703,"16,299","2,725","17,888"
20232024,011,BOYLE,143,Danville Independent,015,Anchor Academy,143015,011143015,210144002500,CKEC,901,A5,,,,,,,
20232024,011,BOYLE,143,Danville Independent,030,Danville High School,143030,011143030,210144000291,CKEC,901,A1,"13,025","4,091",757,965,"17,118","1,722","18,707"
20232024,011,BOYLE,143,Danville Independent,350,Sunrise Academy,143350,011143350,210144000646,CKEC,901,A6,,,,,,,
20232024,030,DAVIESS,145,Daviess County,005,Apollo High School,145005,030145005,210147000295,GRREC,902,A1,"10,091","2,582",537,219,"12,674",756,"19,157"
20232024,030,DAVIESS,145,Daviess County,006,Meadow Lands Elementary School,145006,030145006,210147001949,GRREC,902,A1,"10,892","1,632","1,104",325,"12,524","1,429","18,821"
20232024,030,DAVIESS,145,Daviess County,007,East View Elementary School,145007,030145007,210147001625,GRREC,902,A1,"10,225","1,802","1,155",268,"12,027","1,423","15,848"
20232024,030,DAVIESS,145,Daviess County,008,F T Burns Middle School,145008,030145008,210147000296,GRREC,902,A1,"10,290","1,857",634,260,"12,147",895,"15,417"
20232024,030,DAVIESS,145,Daviess County,010,Daviess County High School,145010,030145010,210147000297,GRREC,902,A1,"9,484","2,541",543,223,"12,025",766,"15,023"
20232024,030,DAVIESS,145,Daviess County,011,Southern Oaks Elementary School,145011,030145011,210147002230,GRREC,902,A1,"10,045","1,635","1,130",221,"11,680","1,351","15,324"
20232024,030,DAVIESS,145,Daviess County,015,The Center for Academic Improvement,145015,030145015,210147002470,GRREC,902,A5,,,,,,,
20232024,030,DAVIESS,145,Daviess County,020,Daviess County Middle School,145020,030145020,210147000298,GRREC,902,A1,"10,556","1,734",741,162,"12,290",903,"15,402"
20232024,030,DAVIESS,145,Daviess County,025,Highland Elementary School,145025,030145025,210147000299,GRREC,902,A1,"10,191","1,656","1,025",239,"11,847","1,264","15,350"
20232024,030,DAVIESS,145,Daviess County,035,Virtual Academy,145035,030145035,210147002538,GRREC,902,A5,,,,,,,
20232024,030,DAVIESS,145,Daviess County,040,Deer Park Elementary School,145040,030145040,210147000301,GRREC,902,A1,"10,126","1,765","1,019",344,"11,891","1,363","15,436"
20232024,030,DAVIESS,145,Daviess County,070,Sorgho Elementary School,145070,030145070,210147000303,GRREC,902,A1,"11,167","1,846",966,470,"13,013","1,436","16,888"
20232024,030,DAVIESS,145,Daviess County,085,Audubon Elementary School,145085,030145085,210147000054,GRREC,902,A1,"11,106","1,943","1,370",345,"13,048","1,716","17,125"
20232024,030,DAVIESS,145,Daviess County,095,Tamarack Elementary School,145095,030145095,210147000306,GRREC,902,A1,"10,380","1,699","1,164",267,"12,079","1,432","15,965"
20232024,030,DAVIESS,145,Daviess County,130,West Louisville Elementary School,145130,030145130,210147000309,GRREC,902,A1,"12,255","1,804","1,365",344,"14,059","1,709","17,814"
20232024,030,DAVIESS,145,Daviess County,140,Whitesville Elementary School,145140,030145140,210147000310,GRREC,902,A1,"10,645","2,016",833,253,"12,661","1,086","16,360"
20232024,030,DAVIESS,145,Daviess County,145,F T Burns Elementary School,145145,030145145,210147000311,GRREC,902,A1,"10,589","1,802","1,315",295,"12,391","1,610","16,928"
20232024,030,DAVIESS,145,Daviess County,150,Country Heights Elementary School,145150,030145150,210147001581,GRREC,902,A1,"11,182","1,794",782,403,"12,976","1,185","16,329"
20232024,030,DAVIESS,145,Daviess County,155,College View Middle School,145155,030145155,210147000961,GRREC,902,A1,"10,339","1,839",599,215,"12,178",814,"15,434"
20232024,030,DAVIESS,145,Daviess County,160,Owensboro Day Treatment,145160,030145160,210147000312,GRREC,902,A6,,,,,,,
20232024,030,DAVIESS,145,Daviess County,170,Valley High School,145170,030145170,210147001700,GRREC,902,A6,,,,,,,
20232024,030,DAVIESS,145,Daviess County,175,Valley Elementary School,145175,030145175,210147000964,GRREC,902,A6,,,,,,,
20232024,030,DAVIESS,145,Daviess County,180,Heritage Park High School,145180,030145180,210147000969,GRREC,902,A5,,,,,,,
20232024,054,HOPKINS,146,Dawson Springs Independent,017,Dawson Springs Elementary,146017,054146017,210150002200,WKEC,908,A1,"10,048","3,196","1,184",595,"13,244","1,779","20,118"
20232024,054,HOPKINS,146,Dawson Springs Independent,018,Dawson Springs Jr/Sr High School,146018,054146018,210150002203,WKEC,908,A1,"9,963","3,895",909,724,"13,857","1,632","20,584"
20232024,054,HOPKINS,146,Dawson Springs Independent,035,DSISD Virtual Academy,146035,054146035,210150002527,WKEC,908,A5,,,,,,,
20232024,019,CAMPBELL,147,Dayton Independent,010,Dayton High School,147010,019147010,210153000316,NKCES,905,A1,"14,151","4,875","2,038","1,883","19,024","3,918","23,606"
20232024,019,CAMPBELL,147,Dayton Independent,030,Lincoln Elementary School,147030,019147030,210153000317,NKCES,905,A1,"14,887","3,473","2,320","1,238","18,360","3,464","22,939"
20232024,019,CAMPBELL,147,Dayton Independent,120,Regional School Programs,147120,019147120,210153002413,NKCES,905,A5,,,,,,,
20232024,063,LAUREL,149,East Bernstadt Independent,010,East Bernstadt Elementary School,149010,063149010,210159000318,SESC,907,A1,"9,245","2,322","1,186",853,"11,568","2,041","13,610"
20232024,031,EDMONSON,151,Edmonson County,020,South Edmonson Elementary School,151020,031151020,210162000319,GRREC,902,A1,"9,321","1,775","1,159",188,"11,124","1,346","15,370"
20232024,031,EDMONSON,151,Edmonson County,022,Edmonson County 5/6 Center,151022,031151022,210162001985,GRREC,902,A1,"9,900","1,788","1,059",250,"11,702","1,309","15,947"
20232024,031,EDMONSON,151,Edmonson County,050,Edmonson County Middle School,151050,031151050,210162000321,GRREC,902,A1,"9,973","1,869","1,173",223,"11,885","1,396","16,065"
20232024,031,EDMONSON,151,Edmonson County,060,Edmonson County High School,151060,031151060,210162001442,GRREC,902,A1,"10,090","2,351",663,175,"12,655",837,"16,277"
20232024,031,EDMONSON,151,Edmonson County,080,Kyrock Elementary School,151080,031151080,210162000322,GRREC,902,A1,"9,813","1,796","1,647",103,"11,642","1,750","16,285"
20232024,047,HARDIN,152,Elizabethtown Independent,010,Elizabethtown High School,152010,047152010,210165000323,GRREC,902,A1,"8,904","2,019",662,549,"10,923","1,211","12,135"
20232024,047,HARDIN,152,Elizabethtown Independent,015,Helmwood Heights Elementary School,152015,047152015,210165000324,GRREC,902,A1,"8,681","1,886","1,017",40,"10,568","1,458","12,026"
20232024,047,HARDIN,152,Elizabethtown Independent,020,Morningside Elementary School,152020,047152020,210165000325,GRREC,902,A1,"9,620","2,093",924,447,"11,712","1,374","13,086"
20232024,047,HARDIN,152,Elizabethtown Independent,025,Panther Academy,152025,047152025,210165002319,GRREC,902,A1,"12,948","2,067","1,284",517,"15,015","1,800","16,815"
20232024,047,HARDIN,152,Elizabethtown Independent,035,Talton K Stone Middle School,152035,047152035,210165000326,GRREC,902,A1,"8,288","1,718",823,607,"10,006","1,429","11,435"
20232024,047,HARDIN,152,Elizabethtown Independent,041,Valley View Education Center,152041,047152041,210165002355,GRREC,902,A5,,,,,,,
20232024,047,HARDIN,152,Elizabethtown Independent,045,Glen Dale Center,152045,047152045,210165002246,GRREC,902,A6,,,,,,,
20232024,032,ELLIOTT,155,Elliott County,100,Elliott County Primary School,155100,032155100,210168002505,KEDC,903,A1,"9,687","3,658","2,345",424,"12,354","2,769","18,626"
20232024,032,ELLIOTT,155,Elliott County,270,Elliott County Intermediate School,155270,032155270,210168000330,KEDC,903,A1,"10,205","4,929","2,605",463,"14,143","3,068","20,714"
20232024,032,ELLIOTT,155,Elliott County,275,Elliott County Middle School,155275,032155275,210168002504,KEDC,903,A1,"9,907","3,008",410,325,"11,924",735,"16,162"
20232024,032,ELLIOTT,155,Elliott County,280,Elliott County High School,155280,032155280,210168000331,KEDC,903,A1,"10,897","3,569",364,357,"13,475",721,"17,980"
20232024,052,HENRY,156,Eminence Independent,010,Eminence High School,156010,052156010,210171000332,OVEC,906,A1,"9,896","2,839",436,530,"12,735",967,"15,666"
20232024,052,HENRY,156,Eminence Independent,020,Eminence Elementary School,156020,052156020,210171000333,OVEC,906,A1,"8,108","1,984",702,625,"10,093","1,327","13,384"
20232024,059,KENTON,157,Erlanger-Elsmere Independent,003,Lindeman Elementary School,157003,059157003,210174000334,NKCES,905,A1,"12,051","2,569","1,490",400,"14,620","1,890","16,510"
20232024,059,KENTON,157,Erlanger-Elsmere Independent,005,Arnett Elementary School,157005,059157005,210174000335,NKCES,905,A1,"16,788","2,900","1,941",230,"19,688","2,171","21,859"
20232024,059,KENTON,157,Erlanger-Elsmere Independent,010,Howell Elementary School,157010,059157010,210174000336,NKCES,905,A1,"11,646","2,716","1,760",202,"14,362","1,962","16,324"
20232024,059,KENTON,157,Erlanger-Elsmere Independent,015,Early Learning Center,157015,059157015,210174002498,NKCES,905,A4,,,,,,,
20232024,059,KENTON,157,Erlanger-Elsmere Independent,030,Lloyd High School,157030,059157030,210174000337,NKCES,905,A1,"11,213","3,055",444,221,"14,268",665,"14,933"
20232024,059,KENTON,157,Erlanger-Elsmere Independent,050,Miles Elementary School,157050,059157050,210174000338,NKCES,905,A1,"10,935","2,605","1,636",279,"13,540","1,915","15,455"
20232024,059,KENTON,157,Erlanger-Elsmere Independent,060,Tichenor Middle School,157060,059157060,210174000339,NKCES,905,A1,"11,497","2,746",272,156,"14,243",428,"14,671"
20232024,059,KENTON,157,Erlanger-Elsmere Independent,061,Bartlett Educational Center,157061,059157061,210174002313,NKCES,905,A5,,,,,,,
20232024,033,ESTILL,161,Estill County,011,Estill Springs Elementary,161011,033161011,210176001746,SESC,907,A1,"7,901","9,060","1,851",59,"10,448","1,958","8,201"
20232024,033,ESTILL,161,Estill County,014,Estill County Success Academy,161014,033161014,210176002406,SESC,907,A5,,,,,,,
20232024,033,ESTILL,161,Estill County,085,Estill County Middle School,161085,033161085,210176000341,SESC,907,A1,"10,231","11,428","1,780",54,"9,545","1,883","10,531"
20232024,033,ESTILL,161,Estill County,090,Estill County High School,161090,033161090,210176000342,SESC,907,A1,"3,018","4,215","2,127",45,"7,233","2,172","6,705"
20232024,033,ESTILL,161,Estill County,220,South Irvine Early Learning Center,161220,033161220,210176000345,SESC,907,A4,,,,,,,
20232024,033,ESTILL,161,Estill County,280,West Irvine Elementary,161280,033161280,210176000346,SESC,907,A1,"7,093","8,323","1,914",63,"10,801","2,025","7,393"
20232024,010,BOYD,162,Fairview Independent,011,Fairview Elementary School,162011,010162011,210180001889,KEDC,903,A1,"13,166","3,591","2,787","1,090","16,392","4,070","24,664"
20232024,010,BOYD,162,Fairview Independent,020,Fairview High School,162020,010162020,210180000348,KEDC,903,A1,"12,067","3,003","2,167","1,406","14,704","3,766","23,109"
20232024,034,FAYETTE,165,Fayette County,005,Arlington Elementary School,165005,034165005,210186000350,CKEC,901,A1,"18,617","3,040",632,"1,059","21,657","1,692","26,369"
20232024,034,FAYETTE,165,Fayette County,007,Ashland Elementary School,165007,034165007,210186000351,CKEC,901,A1,"19,057","2,962",613,"1,063","22,019","1,676","26,734"
20232024,034,FAYETTE,165,Fayette County,009,UK Early Childhood Lab,165009,034165009,210186002385,CKEC,901,A4,,,,,,,
20232024,034,FAYETTE,165,Fayette County,012,Veterans Park Elementary School,165012,034165012,210186001421,CKEC,901,A1,"15,082","2,946","1,262",949,"18,028","2,211","23,148"
20232024,034,FAYETTE,165,Fayette County,015,Beaumont Middle School,165015,034165015,210186000353,CKEC,901,A1,"15,726","2,893",292,980,"18,619","1,273","22,788"
20232024,034,FAYETTE,165,Fayette County,018,Scapa At Bluegrass,165018,034165018,210186000354,CKEC,901,A1,"19,480","3,339",287,949,"22,819","1,237","26,856"
20232024,034,FAYETTE,165,Fayette County,021,Martin L King Acad for Excellence Alt,165021,034165021,210186001848,CKEC,901,A5,,,,,,,
20232024,034,FAYETTE,165,Fayette County,025,Crawford Middle School,165025,034165025,210186000357,CKEC,901,A1,"16,383","2,911","1,263","1,241","19,295","2,504","24,913"
20232024,034,FAYETTE,165,Fayette County,030,Bryan Station Middle School,165030,034165030,210186000358,CKEC,901,A1,"15,322","2,983",817,992,"18,305","1,809","23,014"
20232024,034,FAYETTE,165,Fayette County,032,Cassidy Elementary School,165032,034165032,210186000359,CKEC,901,A1,"14,794","2,968",896,949,"17,761","1,845","22,407"
20232024,034,FAYETTE,165,Fayette County,034,Edythe Jones Hayes Middle School,165034,034165034,210186001957,CKEC,901,A1,"14,083","2,944",293,957,"17,027","1,250","21,152"
20232024,034,FAYETTE,165,Fayette County,035,Deep Springs Elementary School,165035,034165035,210186000360,CKEC,901,A1,"16,267","3,072",905,"1,033","19,339","1,938","24,232"
20232024,034,FAYETTE,165,Fayette County,036,Dixie Elementary Magnet School,165036,034165036,210186000361,CKEC,901,A1,"15,278","2,971",844,"1,081","18,248","1,925","23,098"
20232024,034,FAYETTE,165,Fayette County,037,Garden Springs Elementary School,165037,034165037,210186000362,CKEC,901,A1,"18,210","3,038",979,975,"21,248","1,954","26,133"
20232024,034,FAYETTE,165,Fayette County,038,Harrison Elementary School,165038,034165038,210186000363,CKEC,901,A1,"24,444","3,517","1,358","1,359","27,961","2,717","36,751"
20232024,034,FAYETTE,165,Fayette County,039,Henry Clay High School,165039,034165039,210186000364,CKEC,901,A1,"14,081","2,972",287,955,"17,053","1,242","20,164"
20232024,034,FAYETTE,165,Fayette County,045,Athens-Chilesburg Elementary,165045,034165045,210186001987,CKEC,901,A1,"15,093","3,005","1,132",951,"18,098","2,084","22,982"
20232024,034,FAYETTE,165,Fayette County,052,Rosa Parks Elementary School,165052,034165052,210186001422,CKEC,901,A1,"14,465","2,841","1,076",954,"17,307","2,030","22,137"
20232024,034,FAYETTE,165,Fayette County,054,The Stables,165054,034165054,210186002320,CKEC,901,A5,,,,,,,
20232024,034,FAYETTE,165,Fayette County,055,Booker T Washington Elementary School,165055,034165055,210186002426,CKEC,901,A1,"17,812","3,081","1,022","1,087","20,893","2,109","26,311"
20232024,034,FAYETTE,165,Fayette County,056,William Wells Brown Elementary,165056,034165056,210186002199,CKEC,901,A1,"23,348","3,744","1,764","1,493","27,092","3,528","33,411"
20232024,034,FAYETTE,165,Fayette County,057,Liberty Elementary,165057,034165057,210186002207,CKEC,901,A1,"15,590","2,883",367,949,"18,472","1,316","22,697"
20232024,034,FAYETTE,165,Fayette County,058,Sandersville Elementary,165058,034165058,210186002189,CKEC,901,A1,"15,489","2,989",567,"1,037","18,478","1,604","23,321"
20232024,034,FAYETTE,165,Fayette County,059,Wellington Elementary,165059,034165059,210186002247,CKEC,901,A1,"14,442","2,832","1,382",975,"17,273","2,358","22,536"
20232024,034,FAYETTE,165,Fayette County,060,Lafayette High School,165060,034165060,210186000367,CKEC,901,A1,"12,922","3,070",340,979,"15,992","1,320","20,686"
20232024,034,FAYETTE,165,Fayette County,062,Lansdowne Elementary School,165062,034165062,210186000368,CKEC,901,A1,"15,821","2,974",732,986,"18,795","1,718","23,658"
20232024,034,FAYETTE,165,Fayette County,065,Leestown Middle School,165065,034165065,210186000369,CKEC,901,A1,"14,746","2,955",719,"1,043","17,701","1,762","22,326"
20232024,034,FAYETTE,165,Fayette County,066,Family Care Center,165066,034165066,210186002325,CKEC,901,A5,,,,,,,
20232024,034,FAYETTE,165,Fayette County,067,Lexington Trad Magnet School,165067,034165067,210186000370,CKEC,901,A1,"23,441","3,174","1,152","1,674","26,615","2,826","33,178"
20232024,034,FAYETTE,165,Fayette County,068,Locust Trace AgriScience Center,165068,034165068,210186002362,CKEC,901,A2,,,,,,,
20232024,034,FAYETTE,165,Fayette County,072,Madeline M Breckinridge Elem School,165072,034165072,210186000372,CKEC,901,A1,"16,342","2,987",640,"1,315","19,329","1,955","24,211"
20232024,034,FAYETTE,165,Fayette County,074,Maxwell Spanish Immersion Elem School,165074,034165074,210186000373,CKEC,901,A1,"14,838","2,759",582,949,"17,597","1,532","21,929"
20232024,034,FAYETTE,165,Fayette County,076,Morton Middle School,165076,034165076,210186000374,CKEC,901,A1,"15,473","2,980",468,958,"18,453","1,425","22,799"
20232024,034,FAYETTE,165,Fayette County,077,Northern Elementary School,165077,034165077,210186000375,CKEC,901,A1,"17,279","3,084",828,"1,034","20,362","1,862","25,778"
20232024,034,FAYETTE,165,Fayette County,079,Fayette County Preschool Center,165079,034165079,210186002337,CKEC,901,A4,,,,,,,
20232024,034,FAYETTE,165,Fayette County,080,Picadome Elementary School,165080,034165080,210186000376,CKEC,901,A1,"16,552","3,083",882,979,"19,636","1,861","24,484"
20232024,034,FAYETTE,165,Fayette County,081,Southern Elementary School,165081,034165081,210186000377,CKEC,901,A1,"17,858","3,053",726,"1,045","20,911","1,772","25,625"
20232024,034,FAYETTE,165,Fayette County,082,Squires Elementary School,165082,034165082,210186001584,CKEC,901,A1,"18,198","3,017",904,"1,012","21,216","1,915","26,077"
20232024,034,FAYETTE,165,Fayette County,085,Stonewall Elementary School,165085,034165085,210186000378,CKEC,901,A1,"15,233","2,818",439,949,"18,051","1,389","22,240"
20232024,034,FAYETTE,165,Fayette County,090,Russell Cave Elementary School,165090,034165090,210186000380,CKEC,901,A1,"18,581","3,138",683,"1,028","21,719","1,711","26,459"
20232024,034,FAYETTE,165,Fayette County,095,Tates Creek Elementary School,165095,034165095,210186000381,CKEC,901,A1,"16,272","3,000",872,"1,120","19,272","1,991","24,194"
20232024,034,FAYETTE,165,Fayette County,098,Coventry Oak Elementary,165098,034165098,210186002433,CKEC,901,A1,"15,140","2,995","1,002",970,"18,135","1,971","23,027"
20232024,034,FAYETTE,165,Fayette County,099,Garrett Morgan Elementary,165099,034165099,210186002435,CKEC,901,A1,"14,477","2,839",291,949,"17,316","1,240","21,466"
20232024,034,FAYETTE,165,Fayette County,100,Tates Creek Middle School,165100,034165100,210186000382,CKEC,901,A1,"15,567","2,932",882,989,"18,499","1,872","23,083"
20232024,034,FAYETTE,165,Fayette County,105,Tates Creek High School,165105,034165105,210186000383,CKEC,901,A1,"13,600","2,999",627,987,"16,599","1,614","33,178"
20232024,034,FAYETTE,165,Fayette County,106,Rise STEM Academy for Girls,165106,034165106,210186002513,CKEC,901,A5,,,,,,,
20232024,034,FAYETTE,165,Fayette County,120,Clays Mill Elementary School,165120,034165120,210186000384,CKEC,901,A1,"16,576","2,871","1,099",990,"19,447","2,088","24,466"
20232024,034,FAYETTE,165,Fayette County,125,Frederick Douglass High School,165125,034165125,210186002459,CKEC,901,A1,"13,130","3,155",325,982,"16,284","1,306","21,401"
20232024,034,FAYETTE,165,Fayette County,130,STEAM Academy,165130,034165130,210186002341,CKEC,901,A5,,,,,,,
20232024,034,FAYETTE,165,Fayette County,133,Success Academy,165133,034165133,210186002463,CKEC,901,A5,,,,,,,
20232024,034,FAYETTE,165,Fayette County,140,Yates Elementary School,165140,034165140,210186000385,CKEC,901,A1,"17,392","2,952",886,"1,041","20,344","1,927","25,204"
20232024,034,FAYETTE,165,Fayette County,150,Glendover Elementary School,165150,034165150,210186000386,CKEC,901,A1,"18,406","2,919",512,949,"21,325","1,461","25,778"
20232024,034,FAYETTE,165,Fayette County,160,Meadowthorpe Elementary School,165160,034165160,210186000387,CKEC,901,A1,"16,543","2,948",663,"1,093","19,490","1,756","24,047"
20232024,034,FAYETTE,165,Fayette County,170,Bryan Station High School,165170,034165170,210186000388,CKEC,901,A1,"13,444","3,003",736,"1,013","16,447","1,750","20,437"
20232024,034,FAYETTE,165,Fayette County,180,Mary Todd Elementary School,165180,034165180,210186000389,CKEC,901,A1,"17,657","3,043",795,"1,071","20,700","1,866","25,534"
20232024,034,FAYETTE,165,Fayette County,190,James Lane Allen Elementary School,165190,034165190,210186000390,CKEC,901,A1,"18,512","3,036","1,004","1,022","21,548","2,026","26,542"
20232024,034,FAYETTE,165,Fayette County,200,Paul Laurence Dunbar High School,165200,034165200,210186001669,CKEC,901,A1,"13,182","3,103",595,962,"16,285","1,556","21,606"
20232024,034,FAYETTE,165,Fayette County,225,Jessie M Clark Middle School,165225,034165225,210186000391,CKEC,901,A1,"14,585","2,840",300,966,"17,425","1,267","21,578"
20232024,034,FAYETTE,165,Fayette County,240,Cardinal Valley Elementary School,165240,034165240,210186000392,CKEC,901,A1,"15,999","2,979",878,"1,037","18,979","1,915","23,890"
20232024,034,FAYETTE,165,Fayette County,245,Winburn Middle School,165245,034165245,210186000393,CKEC,901,A1,"15,373","2,881",893,"1,024","18,255","1,918","21,041"
20232024,034,FAYETTE,165,Fayette County,255,Millcreek Elementary School,165255,034165255,210186001419,CKEC,901,A1,"16,539","3,003","1,026","1,195","19,542","2,221","24,709"
20232024,034,FAYETTE,165,Fayette County,270,George Washington Carver STEM Academy,165270,034165270,210186002525,CKEC,901,A5,,,,,,,
20232024,034,FAYETTE,165,Fayette County,275,Carter G. Woodson Academy,165275,034165275,210186002323,CKEC,901,A5,,,,,,,
20232024,034,FAYETTE,165,Fayette County,525,Southern Middle School,165525,034165525,210186000394,CKEC,901,A1,"15,238","2,951",538,"1,142","18,190","1,680","23,305"
20232024,034,FAYETTE,165,Fayette County,531,Brenda Cowan Elementary,165531,034165531,210186002486,CKEC,901,A1,"15,495","2,934",693,997,"18,430","1,691","22,920"
20232024,034,FAYETTE,165,Fayette County,620,Julius Marks Elementary School,165620,034165620,210186000395,CKEC,901,A1,"16,461","3,021",731,"1,114","19,482","1,845","24,127"
20232024,034,FAYETTE,165,Fayette County,651,Audrey Grevious Center,165651,034165651,210186001480,CKEC,901,A5,,,,,,,
20232024,034,FAYETTE,165,Fayette County,887,Fayette Pre-School,165887,034165887,210186002263,CKEC,901,A4,,,,,,,
20232024,034,FAYETTE,165,Fayette County,898,Fayette County Learning Center,165898,034165898,210186002251,CKEC,901,A5,,,,,,,
20232024,034,FAYETTE,165,Fayette County,899,Opportunity Middle College,165899,034165899,210186002242,CKEC,901,A5,,,,,,,
20232024,034,FAYETTE,165,Fayette County,904,Southside Technical Center,165904,034165904,210186001563,CKEC,901,A2,,,,,,,
20232024,034,FAYETTE,165,Fayette County,905,Eastside Technical Center,165905,034165905,210186001564,CKEC,901,A2,,,,,,,
20232024,035,FLEMING,171,Fleming County,020,Ewing Elementary School,171020,035171020,210192000396,KEDC,903,A1,"8,421","3,022","1,403",747,"11,444","2,151","13,594"
20232024,035,FLEMING,171,Fleming County,030,Simons Middle School,171030,035171030,210192000397,KEDC,903,A1,"9,374","3,953","1,188",890,"13,327","2,078","15,406"
20232024,035,FLEMING,171,Fleming County,035,Fleming County High School,171035,035171035,210192000398,KEDC,903,A1,"7,476","4,523","1,713","1,917","12,000","3,629","15,629"
20232024,035,FLEMING,171,Fleming County,040,Flemingsburg Elementary School,171040,035171040,210192000399,KEDC,903,A1,"8,553","3,102","1,486","1,350","11,654","2,836","14,491"
20232024,035,FLEMING,171,Fleming County,060,Hillsboro Elementary School,171060,035171060,210192000401,KEDC,903,A1,"8,374","3,418","1,277",717,"11,792","1,994","13,786"
20232024,036,FLOYD,175,Floyd County,010,Duff-Allen Central Elementary,175010,036175010,210195002452,KVEC,904,A1,"10,000","2,806","2,352","1,046","12,806","3,398","16,204"
20232024,036,FLOYD,175,Floyd County,019,Prestonsburg Elementary School,175019,036175019,210195002210,KVEC,904,A1,"7,557","1,979","1,869",844,"9,537","2,713","12,250"
20232024,036,FLOYD,175,Floyd County,020,Allen Elementary School,175020,036175020,210195000403,KVEC,904,A1,"8,909","2,350","1,884",953,"11,258","2,836","14,094"
20232024,036,FLOYD,175,Floyd County,021,May Valley Elementary School,175021,036175021,210195001426,KVEC,904,A1,"8,052","2,403","2,010",865,"10,455","2,875","13,330"
20232024,036,FLOYD,175,Floyd County,030,South Floyd Elementary School,175030,036175030,210195002446,KVEC,904,A1,"8,145","2,490","2,121","1,019","10,634","3,140","13,774"
20232024,036,FLOYD,175,Floyd County,050,Renaissance Learning Center,175050,036175050,210195001004,KVEC,904,A5,,,,,,,
20232024,036,FLOYD,175,Floyd County,110,Betsy Layne High School,175110,036175110,210195000406,KVEC,904,A1,"8,052","2,936","1,823","1,027","10,988","2,851","13,838"
20232024,036,FLOYD,175,Floyd County,115,Floyd Central High School,175115,036175115,210195002450,KVEC,904,A1,"7,950","2,556","1,760",905,"10,506","2,664","13,171"
20232024,036,FLOYD,175,Floyd County,120,Betsy Layne Elementary School,175120,036175120,210195000407,KVEC,904,A1,"8,315","2,492","2,224",871,"10,807","3,095","13,902"
20232024,036,FLOYD,175,Floyd County,440,James D. Adams Middle School,175440,036175440,210195001670,KVEC,904,A1,"8,772","2,651","1,375",873,"11,423","2,248","13,671"
20232024,036,FLOYD,175,Floyd County,485,John M. Stumbo Elementary School,175485,036175485,210195000415,KVEC,904,A1,"10,413","2,521","2,707","1,148","12,934","3,854","16,788"
20232024,036,FLOYD,175,Floyd County,850,Prestonsburg High School,175850,036175850,210195000423,KVEC,904,A1,"7,265","2,464","1,770","1,197","9,730","2,967","12,696"
20232024,019,CAMPBELL,176,Fort Thomas Independent,010,Highlands High School,176010,019176010,210204000428,NKCES,905,A1,"10,017","3,869",229,199,"13,886",427,"14,369"
20232024,019,CAMPBELL,176,Fort Thomas Independent,011,Highlands Middle School,176011,019176011,210204001400,NKCES,905,A1,"9,899","1,988",203,180,"11,887",383,"12,270"
20232024,019,CAMPBELL,176,Fort Thomas Independent,020,Johnson Elementary School,176020,019176020,210204000429,NKCES,905,A1,"10,685","2,052",263,182,"12,737",445,"13,181"
20232024,019,CAMPBELL,176,Fort Thomas Independent,030,Moyer Elementary School,176030,019176030,210204000430,NKCES,905,A1,"11,624","2,135",97,180,"13,759",277,"14,036"
20232024,019,CAMPBELL,176,Fort Thomas Independent,040,Woodfill Elementary School,176040,019176040,210204000431,NKCES,905,A1,"10,532","1,955",680,179,"12,487",859,"13,348"
20232024,037,FRANKLIN,177,Frankfort Independent,040,Frankfort Early Learning Academy,177040,037177040,210198002334,CKEC,901,A4,,,,,,,
20232024,037,FRANKLIN,177,Frankfort Independent,050,Second Street School,177050,037177050,210198000432,CKEC,901,A1,"10,239","2,325","1,025",311,"12,585","1,336","13,921"
20232024,037,FRANKLIN,177,Frankfort Independent,070,Frankfort High School,177070,037177070,210198000433,CKEC,901,A1,"12,412","4,342",782,266,"16,777","1,048","17,825"
20232024,037,FRANKLIN,177,Frankfort Independent,080,Panther Transition Academy,177080,037177080,210198001524,CKEC,901,A5,,,,,,,
20232024,037,FRANKLIN,181,Franklin County,011,The Academy,181011,037181011,210201001917,OVEC,906,A6,,,,,,,
20232024,037,FRANKLIN,181,Franklin County,012,Franklin County Career and Technical Ctr,181012,037181012,210201002055,OVEC,906,A2,,,,,,,
20232024,037,FRANKLIN,181,Franklin County,013,Westridge Elementary,181013,037181013,210201001989,OVEC,906,A1,"13,196","2,672","1,909",710,"15,868","2,619","18,487"
20232024,037,FRANKLIN,181,Franklin County,014,Bridgeport Elementary School,181014,037181014,210201001990,OVEC,906,A1,"11,572","2,663","1,967",831,"14,235","2,798","17,033"
20232024,037,FRANKLIN,181,Franklin County,015,Bondurant Middle School,181015,037181015,210201000435,OVEC,906,A1,"11,611","2,574",918,834,"14,184","1,752","15,937"
20232024,037,FRANKLIN,181,Franklin County,016,Early Learning Village,181016,037181016,210201002219,OVEC,906,A1,"11,518","2,474","2,078",715,"13,992","2,794","16,785"
20232024,037,FRANKLIN,181,Franklin County,025,Collins Lane,181025,037181025,210201000437,OVEC,906,A1,"10,841","2,333","1,683","1,190","13,174","2,874","16,047"
20232024,037,FRANKLIN,181,Franklin County,030,Elkhorn Middle School,181030,037181030,210201000438,OVEC,906,A1,"10,926","2,681",803,799,"13,608","1,602","15,209"
20232024,037,FRANKLIN,181,Franklin County,035,Elkhorn Elementary School,181035,037181035,210201000439,OVEC,906,A1,"10,748","2,573","1,795",697,"13,321","2,495","15,814"
20232024,037,FRANKLIN,181,Franklin County,040,Franklin County High School,181040,037181040,210201000440,OVEC,906,A1,"11,103","2,896",658,799,"13,999","1,457","15,456"
20232024,037,FRANKLIN,181,Franklin County,045,Hearn Elementary,181045,037181045,210201000441,OVEC,906,A1,"11,105","2,491","1,380",633,"13,596","2,013","15,608"
20232024,037,FRANKLIN,181,Franklin County,050,Peaks Mill Elementary,181050,037181050,210201000442,OVEC,906,A1,"11,734","2,536","1,732",700,"14,270","2,438","16,708"
20232024,037,FRANKLIN,181,Franklin County,070,Western Hills High School,181070,037181070,210201001420,OVEC,906,A1,"10,772","3,052",701,758,"13,824","1,459","1,529"
20232024,037,FRANKLIN,181,Franklin County,072,William Cofield High School,181072,037181072,210201002471,OVEC,906,A5,,,,,,,
20232024,037,FRANKLIN,181,Franklin County,075,Future Forward Education & Career Center,181075,037181075,210201002518,OVEC,906,A6,,,,,,,
20232024,038,FULTON,185,Fulton County,015,Fulton County Middle School,185015,038185015,210210002480,WKEC,908,A1,"7,521","3,603","2,194",307,"11,124","2,501","13,626"
20232024,038,FULTON,185,Fulton County,020,Fulton County Elementary,185020,038185020,210210002113,WKEC,908,A1,"8,236","4,493","2,712",216,"12,730","2,928","15,658"
20232024,038,FULTON,185,Fulton County,030,Fulton County High School,185030,038185030,210210000445,WKEC,908,A1,"8,946","4,628","3,684",215,"13,575","3,899","17,474"
20232024,038,FULTON,186,Fulton Independent,018,Fulton Independent School,186018,038186018,210207002205,WKEC,908,A1,"6,421","4,014","7,864",328,"10,435","8,192","23,352"
20232024,039,GALLATIN,191,Gallatin County,005,Gallatin County Middle School,191005,039191005,210213001609,OVEC,906,A1,"10,659","3,900",857,357,"16,528","2,858","22,046"
20232024,039,GALLATIN,191,Gallatin County,006,Gallatin County Upper Elementary,191006,039191006,210213001850,OVEC,906,A1,"8,461","2,313","1,046",161,"12,742","2,851","18,146"
20232024,039,GALLATIN,191,Gallatin County,010,Gallatin County Lower Elementary,191010,039191010,210213000450,OVEC,906,A1,"12,325","3,643","1,217",399,"17,936","3,261","23,511"
20232024,039,GALLATIN,191,Gallatin County,020,Gallatin County High School,191020,039191020,210213000451,OVEC,906,A1,"10,286","3,844",865,255,"16,098","2,765","21,626"
20232024,040,GARRARD,195,Garrard County,050,Camp Dick Robinson Elementary School,195050,040195050,210216000454,SESC,907,A1,"9,856","2,912","1,317",160,"12,768","1,477","14,245"
20232024,040,GARRARD,195,Garrard County,060,Garrard County High School,195060,040195060,210216000455,SESC,907,A1,"8,352","3,181","1,253",179,"11,533","1,432","12,965"
20232024,040,GARRARD,195,Garrard County,070,Garrard Middle School,195070,040195070,210216001672,SESC,907,A1,"10,503","2,915",612,128,"13,418",740,"14,158"
20232024,040,GARRARD,195,Garrard County,090,Paint Lick Elementary School,195090,040195090,210216000456,SESC,907,A1,"11,545","2,911","1,605",86,"14,456","1,691","16,147"
20232024,040,GARRARD,195,Garrard County,220,Lancaster Elementary School,195220,040195220,210216000457,SESC,907,A1,"10,660","2,579","1,190",106,"13,239","1,296","14,535"
20232024,005,BARREN,197,Glasgow Independent,002,Success Academy,197002,005197002,210222002215,GRREC,902,A5,,,,,,,
20232024,005,BARREN,197,Glasgow Independent,013,Highland Elementary School,197013,005197013,210222001991,GRREC,902,A1,"9,009","2,192","1,262",316,"11,201","1,578","14,704"
20232024,005,BARREN,197,Glasgow Independent,015,Happy Valley Learning Center,197015,005197015,210222002101,GRREC,902,A5,,,,,,,
20232024,005,BARREN,197,Glasgow Independent,030,Glasgow High School,197030,005197030,210222000461,GRREC,902,A1,"11,801","4,207","1,186",314,"16,008","1,500","19,481"
20232024,005,BARREN,197,Glasgow Independent,035,Glasgow Middle School,197035,005197035,210222000402,GRREC,902,A1,"9,515","2,779","1,163",288,"12,294","1,451","15,795"
20232024,005,BARREN,197,Glasgow Independent,065,South Green Elementary School,197065,005197065,210222001565,GRREC,902,A1,"8,556","2,365","1,018",344,"10,921","1,362","18,300"
20232024,041,GRANT,201,Grant County,016,Sherman Elementary,201016,041201016,210225002201,OVEC,906,A1,"10,683","3,870",705,110,"14,660",815,"12,429"
20232024,041,GRANT,201,Grant County,020,Crittenden-Mt. Zion Elementary,201020,041201020,210225000465,OVEC,906,A1,"10,703","3,421","1,201",199,"14,231","1,400","12,429"
20232024,041,GRANT,201,Grant County,030,Dry Ridge Elementary,201030,041201030,210225000466,OVEC,906,A1,"12,056","3,434","1,667",97,"15,596","1,764","14,314"
20232024,041,GRANT,201,Grant County,040,Grant County High School,201040,041201040,210225000467,OVEC,906,A1,"10,166","4,309",617,398,"14,581","1,015","12,550"
20232024,041,GRANT,201,Grant County,050,Mason-Corinth Elementary,201050,041201050,210225001701,OVEC,906,A1,"11,238","3,428","1,396",227,"14,772","1,624","13,349"
20232024,041,GRANT,201,Grant County,080,Grant County Middle School,201080,041201080,210225000469,OVEC,906,A1,"10,744","3,521","1,398",319,"14,371","1,717","13,041"
20232024,042,GRAVES,205,Graves County,011,Mayfield Youth Development Center,205011,042205011,210228001754,WKEC,908,A6,,,,,,,
20232024,042,GRAVES,205,Graves County,012,Gateway Academy High School,205012,042205012,210228001924,WKEC,908,A5,,,,,,,
20232024,042,GRAVES,205,Graves County,013,Graves County Central Elementary,205013,042205013,210228001992,WKEC,908,A1,"10,121","1,649",782,845,"11,770","1,626","13,397"
20232024,042,GRAVES,205,Graves County,040,Fancy Farm Elementary School,205040,042205040,210228000471,WKEC,908,A1,"10,304","1,681",850,893,"11,985","1,743","13,728"
20232024,042,GRAVES,205,Graves County,060,Farmington Elementary School,205060,042205060,210228000473,WKEC,908,A1,"10,576",697,911,835,"11,273","1,746","13,019"
20232024,042,GRAVES,205,Graves County,100,Graves County Middle School,205100,042205100,210228001436,WKEC,908,A1,"9,062","1,854",485,779,"10,917","1,264","12,181"
20232024,042,GRAVES,205,Graves County,150,Sedalia Elementary School,205150,042205150,210228000477,WKEC,908,A1,"9,390",583,878,785,"9,973","1,663","11,636"
20232024,042,GRAVES,205,Graves County,170,Symsonia Elementary School,205170,042205170,210228000479,WKEC,908,A1,"10,220","1,876",860,857,"12,097","1,717","13,813"
20232024,042,GRAVES,205,Graves County,200,Wingo Elementary School,205200,042205200,210228000481,WKEC,908,A1,"10,182","1,819","1,353",798,"12,001","2,151","14,152"
20232024,042,GRAVES,205,Graves County,215,Graves County High School,205215,042205215,210228001490,WKEC,908,A1,"10,181","3,038",481,871,"13,219","1,352","14,567"
20232024,043,GRAYSON,211,Grayson County,005,Grayson County Schools Preschool Center,211005,043211005,210230002526,GRREC,902,A4,,,,,,,
20232024,043,GRAYSON,211,Grayson County,010,H W Wilkey Elementary School,211010,043211010,210230000483,GRREC,902,A1,"10,402","2,068","1,312",275,"12,470","1,587","15,834"
20232024,043,GRAYSON,211,Grayson County,030,Caneyville Elementary School,211030,043211030,210230000484,GRREC,902,A1,"11,465","2,332",933,420,"13,797","1,353","40,393"
20232024,043,GRAYSON,211,Grayson County,050,Oran P Lawler Elementary School,211050,043211050,210230001702,GRREC,902,A1,"9,408","1,978","1,011",194,"11,386","1,205","13,873"
20232024,043,GRAYSON,211,Grayson County,080,Clarkson Elementary School,211080,043211080,210230000485,GRREC,902,A1,"9,933","2,353","1,145",206,"12,286","1,351","15,060"
20232024,043,GRAYSON,211,Grayson County,085,Grayson County High School,211085,043211085,210230000486,GRREC,902,A1,"7,871","2,515","1,050",253,"10,386","1,303","15,298"
20232024,043,GRAYSON,211,Grayson County,095,Grayson County Middle School,211095,043211095,210230000487,GRREC,902,A1,"7,576","1,898","2,198",154,"9,474","2,352","16,623"
20232024,043,GRAYSON,211,Grayson County,220,Grayson Co. Alternative Education,211220,043211220,210230001852,GRREC,902,A5,,,,,,,
20232024,043,GRAYSON,211,Grayson County,908,Grayson County Area Vocational Ed Center,211908,043211908,210230002381,GRREC,902,A2,,,,,,,
20232024,044,GREEN,215,Green County,030,Green County Primary School,215030,044215030,210234002244,GRREC,902,A1,"9,434","2,967","1,343",654,"12,401","1,997","14,398"
20232024,044,GREEN,215,Green County,040,Green County Intermediate School,215040,044215040,210234002257,GRREC,902,A1,"9,323","2,865","1,259",502,"12,188","1,761","13,949"
20232024,044,GREEN,215,Green County,055,Green County Middle School,215055,044215055,210234001526,GRREC,902,A1,"9,831","3,032",992,592,"12,864","1,584","14,447"
20232024,044,GREEN,215,Green County,065,Green County High School,215065,044215065,210234000490,GRREC,902,A1,"11,268","3,144",676,877,"14,413","1,553","15,966"
20232024,044,GREEN,215,Green County,119,Green County ATC,215119,044215119,210234002539,GRREC,902,A2,,,,,,,
20232024,045,GREENUP,221,Greenup County,010,Argillite Elementary School,221010,045221010,210240000493,KEDC,903,A1,"17,441","4,646","3,173",537,"22,083","3,711","36,477"
20232024,045,GREENUP,221,Greenup County,024,Wurtland Middle School,221024,045221024,210240001610,KEDC,903,A1,"16,339","4,173","5,513",593,"20,512","6,106","30,871"
20232024,045,GREENUP,221,Greenup County,027,Greenup County High School,221027,045221027,210240000496,KEDC,903,A1,"14,368","4,284","3,350",614,"18,652","3,964","26,978"
20232024,045,GREENUP,221,Greenup County,040,Greysbranch Elementary School,221040,045221040,210240000497,KEDC,903,A1,"15,718","4,291","4,466",553,"20,008","5,020","40,310"
20232024,045,GREENUP,221,Greenup County,060,Mckell Elementary School,221060,045221060,210240000499,KEDC,903,A1,"15,668","3,830","4,039",660,"19,498","4,699","28,260"
20232024,045,GREENUP,221,Greenup County,105,Mckell Middle School,221105,045221105,210240001611,KEDC,903,A1,"14,387","4,115","3,481",616,"18,502","4,097","30,170"
20232024,045,GREENUP,221,Greenup County,110,Wurtland Elementary School,221110,045221110,210240000504,KEDC,903,A1,"17,243","4,240","4,669",605,"21,483","5,274","30,961"
20232024,046,HANCOCK,225,Hancock County,005,Hancock County High School,225005,046225005,210246000507,GRREC,902,A1,"11,673","4,983",323,153,"16,656",476,"23,208"
20232024,046,HANCOCK,225,Hancock County,006,North Hancock Elementary School,225006,046225006,210246001993,GRREC,902,A1,"12,941","3,901",549,428,"16,841",977,"19,281"
20232024,046,HANCOCK,225,Hancock County,007,Hancock County Middle School,225007,046225007,210246000508,GRREC,902,A1,"12,644","3,421",667,133,"16,065",800,"18,295"
20232024,046,HANCOCK,225,Hancock County,015,Hancock County Alternative Program,225015,046225015,210246002540,GRREC,902,A5,,,,,,,
20232024,046,HANCOCK,225,Hancock County,070,South Hancock Elementary School,225070,046225070,210246000511,GRREC,902,A1,"13,257","4,309",838,199,"17,565","1,037","20,173"
20232024,047,HARDIN,231,Hardin County,005,East Hardin Middle School,231005,047231005,210249000512,GRREC,902,A1,"18,421","4,123",938,"1,047","22,544","1,985","24,529"
20232024,047,HARDIN,231,Hardin County,008,Woodland Elementary School,231008,047231008,210249001471,GRREC,902,A1,"21,134","4,221","1,361","1,148","23,305","2,509","25,815"
20232024,047,HARDIN,231,Hardin County,013,John Hardin High School,231013,047231013,210249001910,GRREC,902,A1,"21,134","5,052",888,"1,112","26,186","1,999","28,185"
20232024,047,HARDIN,231,Hardin County,014,Lakewood Elementary School,231014,047231014,210249001963,GRREC,902,A1,"21,840","4,322","1,524","1,017","26,161","2,542","28,703"
20232024,047,HARDIN,231,Hardin County,015,Bluegrass Middle School,231015,047231015,210249001673,GRREC,902,A1,"18,626","4,122",988,"1,070","22,748","2,059","24,807"
20232024,047,HARDIN,231,Hardin County,017,Creekside Elementary School,231017,047231017,210249001994,GRREC,902,A1,"20,804","4,474","1,485","1,232","25,278","2,717","27,995"
20232024,047,HARDIN,231,Hardin County,018,Heartland Elementary School,231018,047231018,210249002209,GRREC,902,A1,"19,794","3,957","1,193",896,"23,751","2,089","25,840"
20232024,047,HARDIN,231,Hardin County,020,G C Burkhead Elementary School,231020,047231020,210249000513,GRREC,902,A1,"19,994","3,824","1,210",911,"23,817","2,121","25,938"
20232024,047,HARDIN,231,Hardin County,021,North Park Elementary School,231021,047231021,210249002297,GRREC,902,A1,"26,280","4,730","1,177","1,170","31,010","2,947","33,957"
20232024,047,HARDIN,231,Hardin County,025,College View Campus,231025,047231025,210249002439,GRREC,902,A5,,,,,,,
20232024,047,HARDIN,231,Hardin County,030,Cecilia Valley Elementary School,231030,047231030,210249000514,GRREC,902,A1,"22,467","4,337","2,171","1,106","26,804","3,278","30,081"
20232024,047,HARDIN,231,Hardin County,035,HCS Virtual Academy,231035,047231035,210249002569,GRREC,902,A8,,,,,,,
20232024,047,HARDIN,231,Hardin County,040,New Highland Elementary School,231040,047231040,210249001446,GRREC,902,A1,"20,596","4,544","1,636","1,137","25,140","2,774","27,914"
20232024,047,HARDIN,231,Hardin County,050,Lincoln Trail Elementary School,231050,047231050,210249000515,GRREC,902,A1,"21,168","4,485","1,364","1,132","25,653","2,496","28,149"
20232024,047,HARDIN,231,Hardin County,070,Early College and Career Center,231070,047231070,210249002373,GRREC,902,A2,,,,,,,
20232024,047,HARDIN,231,Hardin County,075,North Hardin High School,231075,047231075,210249000517,GRREC,902,A1,"18,884","4,538",885,"1,060","23,423","1,944","25,367"
20232024,047,HARDIN,231,Hardin County,077,James T Alton Middle School,231077,047231077,210249000518,GRREC,902,A1,"19,505","4,104","1,269","1,062","23,608","2,331","25,939"
20232024,047,HARDIN,231,Hardin County,079,Radcliff Elementary School,231079,047231079,210249000519,GRREC,902,A1,"20,157","4,488","1,514","1,344","24,645","2,857","27,503"
20232024,047,HARDIN,231,Hardin County,080,North Middle School,231080,047231080,210249000520,GRREC,902,A1,"19,199","4,025","1,210","1,089","23,224","2,299","25,522"
20232024,047,HARDIN,231,Hardin County,090,Rineyville Elementary School,231090,047231090,210249000521,GRREC,902,A1,"20,566","4,057","1,045",972,"24,623","2,017","26,639"
20232024,047,HARDIN,231,Hardin County,165,Vine Grove Elementary School,231165,047231165,210249000524,GRREC,902,A1,"19,046","3,885",934,934,"22,931","1,869","24,800"
20232024,047,HARDIN,231,Hardin County,168,West Hardin Middle School,231168,047231168,210249000525,GRREC,902,A1,"19,780","4,240",922,"1,138","24,020","2,060","26,080"
20232024,047,HARDIN,231,Hardin County,180,Hardin County Day Treatment Center,231180,047231180,210249000656,GRREC,902,A6,,,,,,,
20232024,047,HARDIN,231,Hardin County,190,Central Hardin High School,231190,047231190,210249000528,GRREC,902,A1,"18,739","4,453",944,"1,014","23,192","1,958","25,151"
20232024,047,HARDIN,231,Hardin County,210,Meadow View Elementary School,231210,047231210,210249001566,GRREC,902,A1,"19,109","4,158","1,462","1,144","23,267","2,606","25,873"
20232024,047,HARDIN,231,Hardin County,979,Lincoln Trail Behavioral Health Systems,231979,047231979,210249002249,GRREC,902,A6,,,,,,,
20232024,048,HARLAN,235,Harlan County,025,Harlan County High School,235025,048235025,210254002213,SESC,907,A1,"8,535","3,502","2,394","2,241","12,037","4,635","20,889"
20232024,048,HARLAN,235,Harlan County,060,Black Mountain Elementary School,235060,048235060,210254000532,SESC,907,A1,"11,072","3,508","3,747","2,097","14,580","5,844","24,494"
20232024,048,HARLAN,235,Harlan County,110,Cawood Elementary School,235110,048235110,210254000534,SESC,907,A1,"11,331","3,227","3,682","2,044","14,558","5,726","25,390"
20232024,048,HARLAN,235,Harlan County,195,Cumberland Elementary School,235195,048235195,210254000091,SESC,907,A1,"8,849","3,022","3,149","2,082","11,871","5,231","18,775"
20232024,048,HARLAN,235,Harlan County,290,Evarts Elementary School,235290,048235290,210254000539,SESC,907,A1,"9,426","2,760","3,185","2,182","12,186","5,367","19,232"
20232024,048,HARLAN,235,Harlan County,325,Green Hills Elementary School,235325,048235325,210254000540,SESC,907,A1,"14,170","3,418","3,438","2,102","17,588","5,540","25,385"
20232024,048,HARLAN,235,Harlan County,340,James A. Cawood Elementary,235340,048235340,210254000541,SESC,907,A1,"10,588","3,445","3,597","2,074","14,033","5,671","26,118"
20232024,048,HARLAN,235,Harlan County,540,Rosspoint Elementary School,235540,048235540,210254000545,SESC,907,A1,"8,951","2,900","2,620","2,102","11,851","4,722","23,811"
20232024,048,HARLAN,235,Harlan County,640,Wallins Elementary School,235640,048235640,210254000549,SESC,907,A1,"9,972","2,846","3,039","2,143","12,818","5,182","21,698"
20232024,048,HARLAN,236,Harlan Independent,020,Harlan Elementary School,236020,048236020,210252000551,SESC,907,A1,"15,367","3,550","2,977","1,728","18,917","4,705","30,344"
20232024,048,HARLAN,236,Harlan Independent,021,Sunshine School,236021,048236021,210252002046,SESC,907,A4,,,,,,,
20232024,048,HARLAN,236,Harlan Independent,030,Harlan High School,236030,048236030,210252000552,SESC,907,A1,"15,528","4,071","3,013","1,416","19,599","4,429","30,750"
20232024,049,HARRISON,241,Harrison County,035,Eastside Elementary School,241035,049241035,210258000553,CKEC,901,A1,"9,759","2,130","1,082",241,"11,889","1,323","13,959"
20232024,049,HARRISON,241,Harrison County,037,Harrison County Learning Center,241037,049241037,210258001995,CKEC,901,A5,,,,,,,
20232024,049,HARRISON,241,Harrison County,038,Southside Elementary School,241038,049241038,210258000554,CKEC,901,A1,"9,786","1,943","1,235",290,"10,494","1,525","12,742"
20232024,049,HARRISON,241,Harrison County,040,Harrison County High School,241040,049241040,210258000555,CKEC,901,A1,"8,532","3,234",187,212,"11,766",399,"19,120"
20232024,049,HARRISON,241,Harrison County,043,Harrison County Middle School,241043,049241043,210258000556,CKEC,901,A1,"9,132","1,994",350,208,"11,127",557,"12,419"
20232024,049,HARRISON,241,Harrison County,045,Northside Elementary School,241045,049241045,210258000557,CKEC,901,A1,"10,204","2,351","1,664",259,"12,554","1,923","15,258"
20232024,049,HARRISON,241,Harrison County,075,Westside Elementary School,241075,049241075,210258000558,CKEC,901,A1,"9,787","1,907","1,522",248,"11,694","1,770","14,201"
20232024,050,HART,245,Hart County,010,Bonnieville Elementary School,245010,050245010,210264000562,GRREC,902,A1,"11,070","2,939","1,153",601,"14,009","1,754","15,763"
20232024,050,HART,245,Hart County,030,Cub Run Elementary School,245030,050245030,210264000563,GRREC,902,A1,"14,001","3,477","1,801","1,003","17,477","2,804","20,281"
20232024,050,HART,245,Hart County,045,Hart County High School,245045,050245045,210264000564,GRREC,902,A1,"11,391","3,742",799,772,"15,133","1,571","16,704"
20232024,050,HART,245,Hart County,050,Legrande Elementary School,245050,050245050,210264000565,GRREC,902,A1,"11,226","2,919","1,241",891,"14,145","2,132","16,277"
20232024,050,HART,245,Hart County,070,Memorial Elementary School,245070,050245070,210264000566,GRREC,902,A1,"9,899","2,806","1,042",596,"12,705","1,638","14,343"
20232024,050,HART,245,Hart County,090,Munfordville Elementary School,245090,050245090,210264000567,GRREC,902,A1,"11,497","3,031","1,168",702,"14,528","1,871","16,399"
20232024,097,PERRY,246,Hazard Independent,010,Hazard High School,246010,097246010,210267000568,KVEC,904,A1,"12,688","6,237","2,503",517,"18,924","3,020","20,750"
20232024,097,PERRY,246,Hazard Independent,045,Hazard Middle School,246045,097246045,210267000569,KVEC,904,A1,"11,394","4,457","1,920",963,"15,851","2,883","17,706"
20232024,097,PERRY,246,Hazard Independent,060,Roy G. Eversole Elementary School,246060,097246060,210267000570,KVEC,904,A1,"11,806","3,870","2,245",612,"15,676","2,857","17,528"
20232024,051,HENDERSON,251,Henderson County,010,Bend Gate Elementary School,251010,051251010,210271000571,WKEC,908,A1,"10,504","2,178","1,612",518,"12,682","2,130","14,811"
20232024,051,HENDERSON,251,Henderson County,015,The Central Academy,251015,051251015,210271002457,WKEC,908,A5,,,,,,,
20232024,051,HENDERSON,251,Henderson County,020,Cairo Elementary School,251020,051251020,210271000572,WKEC,908,A1,"11,452","2,646","1,606",439,"14,097","2,045","16,142"
20232024,051,HENDERSON,251,Henderson County,030,A B Chandler Elementary School,251030,051251030,210271000573,WKEC,908,A1,"12,441","2,302","1,224",453,"14,743","1,677","16,420"
20232024,051,HENDERSON,251,Henderson County,033,East Heights Elementary School,251033,051251033,210271000574,WKEC,908,A1,"11,195","2,309","1,637",477,"13,504","2,114","15,618"
20232024,051,HENDERSON,251,Henderson County,060,Henderson County High School,251060,051251060,210271000577,WKEC,908,A1,"10,750","2,918",760,471,"13,670","1,231","14,902"
20232024,051,HENDERSON,251,Henderson County,065,Henderson County North Middle School,251065,051251065,210271000578,WKEC,908,A1,"11,209","2,278",931,418,"13,491","1,350","14,841"
20232024,051,HENDERSON,251,Henderson County,070,Niagara Elementary School,251070,051251070,210271000579,WKEC,908,A1,"10,666","2,672","1,122",454,"13,338","1,576","14,914"
20232024,051,HENDERSON,251,Henderson County,080,Thelma B. Johnson Early Learning Center,251080,051251080,210271002306,WKEC,908,A4,,,,,,,
20232024,051,HENDERSON,251,Henderson County,091,South Heights Elementary School,251091,051251091,210271000581,WKEC,908,A1,"11,010","2,199","1,881",555,"13,209","2,435","15,644"
20232024,051,HENDERSON,251,Henderson County,110,Spottsville Elementary School,251110,051251110,210271000583,WKEC,908,A1,"9,849","1,939","1,427",513,"11,788","1,940","13,728"
20232024,051,HENDERSON,251,Henderson County,150,Henderson County South Middle School,251150,051251150,210271000585,WKEC,908,A1,"10,339","2,233",975,458,"12,574","1,433","14,007"
20232024,051,HENDERSON,251,Henderson County,160,Jefferson Elementary School,251160,051251160,210271000586,WKEC,908,A1,"10,004","1,917","1,316",604,"11,921","1,920","13,840"
20232024,052,HENRY,255,Henry County,005,Henry County Early Childhood,255005,052255005,210276002418,OVEC,906,A4,,,,,,,
20232024,052,HENRY,255,Henry County,010,Campbellsburg Elementary School,255010,052255010,210276000588,OVEC,906,A1,"9,297","1,991","1,303",420,"11,289","1,724","14,608"
20232024,052,HENRY,255,Henry County,020,Eastern Elementary School,255020,052255020,210276000589,OVEC,906,A1,"11,882","2,181","1,591",528,"14,065","2,120","17,646"
20232024,052,HENRY,255,Henry County,035,Henry County High School,255035,052255035,210276000590,OVEC,906,A1,"11,228","3,452",784,376,"14,682","1,161","17,540"
20232024,052,HENRY,255,Henry County,038,Henry County Middle School,255038,052255038,210276000591,OVEC,906,A1,"10,794","2,021",904,354,"12,817","1,259","15,516"
20232024,052,HENRY,255,Henry County,040,New Castle Elementary School,255040,052255040,210276000592,OVEC,906,A1,"10,301","2,590","1,544",378,"12,892","1,923","16,255"
20232024,053,HICKMAN,261,Hickman County,020,Hickman County Elementary School,261020,053261020,210279000593,WKEC,908,A1,"8,973","2,293","1,421","1,052","11,266","2,473","14,610"
20232024,053,HICKMAN,261,Hickman County,050,Hickman County High School,261050,053261050,210279000594,WKEC,908,A1,"11,513","3,671",605,550,"15,184","1,156","17,425"
20232024,054,HOPKINS,265,Hopkins County,004,Hopkins County Schools Academy,265004,054265004,210286002280,WKEC,908,A5,"3,520","1,013",303,114,"4,533",417,"6,935"
20232024,054,HOPKINS,265,Hopkins County,005,Hopkins County Day Treatment,265005,054265005,210286001586,WKEC,908,A6,"25,772","2,023","1,263",114,"27,795","1,377","31,131"
20232024,054,HOPKINS,265,Hopkins County,006,West Hopkins School,265006,054265006,210286001472,WKEC,908,A1,"10,956","2,020",841,285,"12,976","1,126","16,330"
20232024,054,HOPKINS,265,Hopkins County,020,Jesse Stuart Elementary School,265020,054265020,210286000673,WKEC,908,A1,"8,714","1,676",586,308,"10,389",894,"13,385"
20232024,054,HOPKINS,265,Hopkins County,075,James Madison Middle School,265075,054265075,210286000681,WKEC,908,A1,"8,344","1,866",573,184,"10,210",757,"13,107"
20232024,054,HOPKINS,265,Hopkins County,090,Grapevine Elementary School,265090,054265090,210286000598,WKEC,908,A1,"9,851","1,833",664,292,"11,684",956,"14,858"
20232024,054,HOPKINS,265,Hopkins County,105,Hopkins Co Career & Technology Center,265105,054265105,210286002425,WKEC,908,A2,0,0,0,0,0,0,0
20232024,054,HOPKINS,265,Hopkins County,110,Hanson Elementary School,265110,054265110,210286000600,WKEC,908,A1,"8,740","1,646",607,177,"10,386",784,"16,385"
20232024,054,HOPKINS,265,Hopkins County,130,Hopkins County Central High School,265130,054265130,210286001473,WKEC,908,A1,"11,368","2,465",453,284,"13,835",737,"16,779"
20232024,054,HOPKINS,265,Hopkins County,140,Browning Springs Middle School,265140,054265140,210286000601,WKEC,908,A1,"8,799","1,901",711,230,"10,700",941,"13,764"
20232024,054,HOPKINS,265,Hopkins County,145,Madisonville North Hopkins High School,265145,054265145,210286000602,WKEC,908,A1,"9,968","2,193",487,215,"12,161",701,"15,158"
20232024,054,HOPKINS,265,Hopkins County,185,South Hopkins Middle School,265185,054265185,210286001499,WKEC,908,A1,"10,670","1,993",689,165,"12,663",853,"15,767"
20232024,054,HOPKINS,265,Hopkins County,200,Pride Elementary School,265200,054265200,210286000606,WKEC,908,A1,"9,179","1,667",747,331,"10,846","1,077","14,083"
20232024,054,HOPKINS,265,Hopkins County,250,West Broadway Elementary School,265250,054265250,210286000611,WKEC,908,A1,"8,549","1,675",554,379,"10,223",933,"13,237"
20232024,054,HOPKINS,265,Hopkins County,280,Southside Elementary School,265280,054265280,210286000474,WKEC,908,A1,"8,196","1,746",872,278,"9,942","1,150","16,166"
20232024,055,JACKSON,271,Jackson County,020,Jackson County High School,271020,055271020,210294000615,SESC,907,A1,"9,135","3,471","1,199","1,059","12,623","2,258","16,965"
20232024,055,JACKSON,271,Jackson County,025,Jackson County Middle School,271025,055271025,210294001674,SESC,907,A1,"10,062","2,217","1,121",947,"12,296","2,068","17,374"
20232024,055,JACKSON,271,Jackson County,027,Barnabus Home Middle School,271027,055271027,210294002375,SESC,907,A6,,,,,,,
20232024,055,JACKSON,271,Jackson County,029,Barnabus Home High School,271029,055271029,210294002390,SESC,907,A6,,,,,,,
20232024,055,JACKSON,271,Jackson County,031,Jackson Co Schools Learning Center,271031,055271031,210294002461,SESC,907,A5,,,,,,,
20232024,055,JACKSON,271,Jackson County,180,McKee Elementary School,271180,055271180,210294000617,SESC,907,A1,"10,119","2,783","1,863",945,"12,919","2,808","18,469"
20232024,055,JACKSON,271,Jackson County,280,Sand Gap Elementary School,271280,055271280,210294000619,SESC,907,A1,"11,016","3,049","1,099",983,"14,082","2,081","18,981"
20232024,055,JACKSON,271,Jackson County,340,Tyner Elementary School,271340,055271340,210294000620,SESC,907,A1,"10,460","2,735","1,306",951,"13,212","2,258","18,564"
20232024,013,BREATHITT,272,Jackson Independent,011,Jackson City School,272011,013272011,210291001719,KVEC,904,A1,"14,877","2,250","5,020","3,223","17,123","8,243","30,363"
20232024,056,JEFFERSON,275,Jefferson County,004,Camp Taylor Elementary,275004,056275004,210299000623,GLEC,909,A1,"18,491","3,653","1,103","1,806","22,143","2,909","25,053"
20232024,056,JEFFERSON,275,Jefferson County,005,Cane Run Elementary,275005,056275005,210299000624,GLEC,909,A1,"16,942","4,049","2,362","1,933","20,991","4,295","25,286"
20232024,056,JEFFERSON,275,Jefferson County,007,Eastern High,275007,056275007,210299000625,GLEC,909,A1,"13,385","3,943",446,"1,798","17,328","2,244","19,573"
20232024,056,JEFFERSON,275,Jefferson County,010,Fairdale Elementary,275010,056275010,210299000626,GLEC,909,A1,"13,784","3,623",975,"1,813","17,407","2,788","20,194"
20232024,056,JEFFERSON,275,Jefferson County,011,Fern Creek Elementary,275011,056275011,210299000627,GLEC,909,A1,"13,091","3,544",917,"1,716","16,635","2,632","19,267"
20232024,056,JEFFERSON,275,Jefferson County,012,Fern Creek High,275012,056275012,210299000628,GLEC,909,A1,"13,931","3,815","1,032","1,905","17,746","2,937","20,683"
20232024,056,JEFFERSON,275,Jefferson County,013,Greathouse/Shryock Traditional,275013,056275013,210299000629,GLEC,909,A1,"13,073","3,423",689,"1,550","16,497","2,240","18,736"
20232024,056,JEFFERSON,275,Jefferson County,014,Greenwood Elementary,275014,056275014,210299000630,GLEC,909,A1,"15,627","4,031","1,500","1,759","19,658","3,259","22,917"
20232024,056,JEFFERSON,275,Jefferson County,016,Tully Elementary,275016,056275016,210299000631,GLEC,909,A1,"13,970","3,404",929,"1,595","17,374","2,524","19,897"
20232024,056,JEFFERSON,275,Jefferson County,018,Atherton High,275018,056275018,210299000632,GLEC,909,A1,"12,805","3,719",423,"1,801","16,524","2,224","18,748"
20232024,056,JEFFERSON,275,Jefferson County,019,The Brook-Dupont,275019,056275019,210299001629,GLEC,909,A6,"56,133","7,064",265,"5,259","63,196","5,524","68,720"
20232024,056,JEFFERSON,275,Jefferson County,020,The Brook-KMI,275020,056275020,210299001474,GLEC,909,A6,"17,542","3,967",265,"2,181","21,509","2,446","23,955"
20232024,056,JEFFERSON,275,Jefferson County,022,Medora Elementary,275022,056275022,210299000633,GLEC,909,A1,"13,957","3,612",814,"1,828","17,569","2,642","20,211"
20232024,056,JEFFERSON,275,Jefferson County,024,Middletown Elementary,275024,056275024,210299000634,GLEC,909,A1,"15,017","3,400",560,"1,608","18,417","2,168","20,585"
20232024,056,JEFFERSON,275,Jefferson County,027,Okolona Elementary,275027,056275027,210299000635,GLEC,909,A1,"15,329","3,408","1,371","1,623","18,736","2,994","21,731"
20232024,056,JEFFERSON,275,Jefferson County,028,Boys & Girls Haven,275028,056275028,210299001475,GLEC,909,A6,"17,795","5,525","1,921","3,698","23,320","5,619","28,939"
20232024,056,JEFFERSON,275,Jefferson County,029,St Joseph Children's Home,275029,056275029,210299001633,GLEC,909,A6,"18,657","4,080",265,"2,336","22,737","2,600","25,337"
20232024,056,JEFFERSON,275,Jefferson County,030,Liberty High,275030,056275030,210299001634,GLEC,909,A5,"54,423","4,614",956,"2,104","59,037","3,061","62,098"
20232024,056,JEFFERSON,275,Jefferson County,031,Southern High,275031,056275031,210299000637,GLEC,909,A1,"12,725","4,182",946,"2,216","16,907","3,162","20,069"
20232024,056,JEFFERSON,275,Jefferson County,033,Valley High,275033,056275033,210299000639,GLEC,909,A1,"16,106","3,893","1,031","1,932","19,999","2,963","22,962"
20232024,056,JEFFERSON,275,Jefferson County,034,Waller-Williams Environmental,275034,056275034,210299001529,GLEC,909,A3,"89,660","6,946","4,669","3,175","96,606","7,844","104,450"
20232024,056,JEFFERSON,275,Jefferson County,037,Dawson Orman Education Center,275037,056275037,210299001774,GLEC,909,A4,"17,055","4,327","8,520","2,662","21,382","11,182","32,564"
20232024,056,JEFFERSON,275,Jefferson County,038,Breckinridge-Franklin Elementary,275038,056275038,210299001855,GLEC,909,A1,"21,184","3,454","2,045","1,608","24,638","3,653","28,291"
20232024,056,JEFFERSON,275,Jefferson County,040,Barret Traditional Middle,275040,056275040,210299000641,GLEC,909,A1,"13,774","3,389",505,"1,533","17,163","2,038","19,200"
20232024,056,JEFFERSON,275,Jefferson County,041,Newburg Middle,275041,056275041,210299000642,GLEC,909,A1,"16,152","3,750","1,365","1,785","19,903","3,150","23,053"
20232024,056,JEFFERSON,275,Jefferson County,044,Audubon Traditional Elementary,275044,056275044,210299000643,GLEC,909,A1,"12,635","3,473",495,"1,579","16,109","2,074","18,183"
20232024,056,JEFFERSON,275,Jefferson County,045,Butler Traditional High,275045,056275045,210299000644,GLEC,909,A1,"13,898","3,647",925,"1,659","17,544","2,584","20,129"
20232024,056,JEFFERSON,275,Jefferson County,046,Chenoweth Elementary,275046,056275046,210299000645,GLEC,909,A1,"14,524","3,542",766,"1,691","18,066","2,457","20,522"
20232024,056,JEFFERSON,275,Jefferson County,047,Louisville Male High,275047,056275047,210299001705,GLEC,909,A1,"11,624","3,488",457,"1,613","15,112","2,070","17,182"
20232024,056,JEFFERSON,275,Jefferson County,048,Hawthorne Elementary,275048,056275048,210299000647,GLEC,909,A1,"16,272","3,488",883,"1,548","19,760","2,432","22,191"
20232024,056,JEFFERSON,275,Jefferson County,049,Farnsley Middle,275049,056275049,210299001530,GLEC,909,A1,"13,037","3,660","1,019","1,722","16,697","2,741","19,437"
20232024,056,JEFFERSON,275,Jefferson County,050,Georgia Chaffee Teenage Parent Program,275050,056275050,210299001612,GLEC,909,A5,"90,088","3,947","1,882","1,921","94,035","3,804","97,838"
20232024,056,JEFFERSON,275,Jefferson County,051,Waggener High,275051,056275051,210299000649,GLEC,909,A1,"16,212","3,818","1,104","1,787","20,030","2,891","22,921"
20232024,056,JEFFERSON,275,Jefferson County,055,Bates Elementary,275055,056275055,210299000650,GLEC,909,A1,"14,589","3,350",661,"1,552","17,939","2,213","20,153"
20232024,056,JEFFERSON,275,Jefferson County,057,Fairdale High,275057,056275057,210299000651,GLEC,909,A1,"13,493","3,929",777,"1,919","17,423","2,697","20,119"
20232024,056,JEFFERSON,275,Jefferson County,059,Kenwood Elementary,275059,056275059,210299000653,GLEC,909,A1,"14,664","3,567","1,176","1,747","18,231","2,923","21,154"
20232024,056,JEFFERSON,275,Jefferson County,060,Coral Ridge Elementary,275060,056275060,210299000654,GLEC,909,A1,"14,465","3,674",917,"1,687","18,139","2,605","20,743"
20232024,056,JEFFERSON,275,Jefferson County,061,Goldsmith Elementary,275061,056275061,210299000655,GLEC,909,A1,"14,728","3,410",696,"1,622","18,138","2,318","20,456"
20232024,056,JEFFERSON,275,Jefferson County,063,Schaffner Traditional Elementary,275063,056275063,210299001587,GLEC,909,A1,"12,339","3,433",958,"1,596","15,772","2,554","18,326"
20232024,056,JEFFERSON,275,Jefferson County,064,St Matthews Elementary,275064,056275064,210299000658,GLEC,909,A1,"13,518","3,452",660,"1,694","16,970","2,354","19,324"
20232024,056,JEFFERSON,275,Jefferson County,065,Jeffersontown High,275065,056275065,210299000659,GLEC,909,A1,"15,144","5,936","1,220","1,714","21,080","2,934","24,014"
20232024,056,JEFFERSON,275,Jefferson County,066,Wilkerson Elementary School,275066,056275066,210299000660,GLEC,909,A1,"16,105","4,180","1,353","2,312","20,285","3,665","23,950"
20232024,056,JEFFERSON,275,Jefferson County,067,Wilder Elementary,275067,056275067,210299000661,GLEC,909,A1,"15,829","3,389",741,"1,551","19,218","2,292","21,510"
20232024,056,JEFFERSON,275,Jefferson County,070,DuValle Education Center,275070,056275070,210299001777,GLEC,909,A4,"12,960","6,510","3,200","4,848","19,469","8,048","27,518"
20232024,056,JEFFERSON,275,Jefferson County,071,Stonestreet Elementary,275071,056275071,210299000665,GLEC,909,A1,"14,854","3,468","1,443","1,629","18,323","3,072","21,395"
20232024,056,JEFFERSON,275,Jefferson County,072,Watterson Elementary,275072,056275072,210299000666,GLEC,909,A1,"14,860","3,910",714,"1,881","18,770","2,596","21,366"
20232024,056,JEFFERSON,275,Jefferson County,073,Seneca High,275073,056275073,210299000667,GLEC,909,A1,"14,727","3,837","1,447","1,844","18,564","3,291","21,855"
20232024,056,JEFFERSON,275,Jefferson County,075,Pleasure Ridge Park High,275075,056275075,210299000668,GLEC,909,A1,"13,176","4,709",759,"1,885","17,885","2,644","20,529"
20232024,056,JEFFERSON,275,Jefferson County,076,Indian Trail Elementary,275076,056275076,210299000669,GLEC,909,A1,"14,491","3,915","1,566","2,141","18,406","3,707","22,113"
20232024,056,JEFFERSON,275,Jefferson County,077,Westport Middle,275077,056275077,210299000670,GLEC,909,A1,"14,327","3,632","1,030","1,660","17,958","2,690","20,649"
20232024,056,JEFFERSON,275,Jefferson County,078,Zachary Taylor Elementary,275078,056275078,210299000671,GLEC,909,A1,"19,350","3,379","1,677","1,622","22,729","3,300","26,028"
20232024,056,JEFFERSON,275,Jefferson County,079,Kerrick Elementary,275079,056275079,210299000672,GLEC,909,A1,"16,276","4,360","1,378","2,514","20,636","3,892","24,528"
20232024,056,JEFFERSON,275,Jefferson County,081,Rangeland Elementary,275081,056275081,210299000674,GLEC,909,A1,"13,839","3,685","1,448","1,704","17,524","3,152","20,676"
20232024,056,JEFFERSON,275,Jefferson County,082,Dixie Elementary,275082,056275082,210299000675,GLEC,909,A1,"18,265","3,915","2,306","2,106","22,180","4,412","26,593"
20232024,056,JEFFERSON,275,Jefferson County,083,Cochrane Elementary,275083,056275083,210299000676,GLEC,909,A1,"14,935","3,597","1,493","1,737","18,532","3,229","21,761"
20232024,056,JEFFERSON,275,Jefferson County,084,Western High,275084,056275084,210299000677,GLEC,909,A1,"24,115","5,127","2,471","2,789","29,242","5,260","34,502"
20232024,056,JEFFERSON,275,Jefferson County,086,Sanders Elementary,275086,056275086,210299000679,GLEC,909,A1,"17,064","4,246","1,340","2,355","21,310","3,695","25,005"
20232024,056,JEFFERSON,275,Jefferson County,087,Smyrna Elementary School,275087,056275087,210299000680,GLEC,909,A1,"13,970","3,504","1,112","1,718","17,474","2,830","20,303"
20232024,056,JEFFERSON,275,Jefferson County,090,Thomas Jefferson Middle,275090,056275090,210299000682,GLEC,909,A1,"15,400","4,053","1,491","2,081","19,454","3,571","23,025"
20232024,056,JEFFERSON,275,Jefferson County,091,Blue Lick Elementary,275091,056275091,210299000683,GLEC,909,A1,"14,201","4,023","1,725","1,673","18,224","3,398","21,623"
20232024,056,JEFFERSON,275,Jefferson County,092,Crums Lane Elementary,275092,056275092,210299000684,GLEC,909,A1,"14,830","3,534","1,227","1,739","18,363","2,966","21,329"
20232024,056,JEFFERSON,275,Jefferson County,094,Bowen Elementary,275094,056275094,210299000685,GLEC,909,A1,"14,077","3,483",766,"1,541","17,560","2,307","19,867"
20232024,056,JEFFERSON,275,Jefferson County,095,Hite Elementary,275095,056275095,210299000686,GLEC,909,A1,"13,507","3,316",983,"1,524","16,823","2,508","19,331"
20232024,056,JEFFERSON,275,Jefferson County,096,Norton Elementary,275096,056275096,210299000687,GLEC,909,A1,"14,056","3,534",490,"1,525","17,590","2,015","19,605"
20232024,056,JEFFERSON,275,Jefferson County,097,Shacklette Elementary,275097,056275097,210299000688,GLEC,909,A1,"15,738","3,730","1,826","1,964","19,467","3,790","23,258"
20232024,056,JEFFERSON,275,Jefferson County,099,Minors Lane Elementary,275099,056275099,210299000690,GLEC,909,A1,"17,547","3,918","1,217","1,871","21,465","3,087","24,553"
20232024,056,JEFFERSON,275,Jefferson County,100,Doss High,275100,056275100,210299000691,GLEC,909,A1,"15,199","3,683",915,"1,806","18,881","2,722","21,603"
20232024,056,JEFFERSON,275,Jefferson County,102,Chancey Elementary,275102,056275102,210299001959,GLEC,909,A1,"14,653","4,035","1,097","2,063","18,688","3,160","21,848"
20232024,056,JEFFERSON,275,Jefferson County,103,Slaughter Elementary,275103,056275103,210299000693,GLEC,909,A1,"16,135","3,843","1,158","1,922","19,977","3,080","23,057"
20232024,056,JEFFERSON,275,Jefferson County,104,Trunnell Elementary,275104,056275104,210299000694,GLEC,909,A1,"14,750","4,263","1,793","2,163","19,014","3,956","22,969"
20232024,056,JEFFERSON,275,Jefferson County,105,Ballard High,275105,056275105,210299000695,GLEC,909,A1,"11,830","3,796",444,"1,870","15,626","2,314","17,940"
20232024,056,JEFFERSON,275,Jefferson County,106,Johnsontown Road Elementary,275106,056275106,210299000696,GLEC,909,A1,"14,867","3,512","1,247","1,678","18,379","2,925","21,304"
20232024,056,JEFFERSON,275,Jefferson County,107,Luhr Elementary,275107,056275107,210299000697,GLEC,909,A1,"15,116","3,725","1,115","1,804","18,841","2,919","21,760"
20232024,056,JEFFERSON,275,Jefferson County,109,Wheeler Elementary,275109,056275109,210299000699,GLEC,909,A1,"13,814","3,470",746,"1,575","17,284","2,321","19,605"
20232024,056,JEFFERSON,275,Jefferson County,110,Western Day Treatment,275110,056275110,210299001857,GLEC,909,A6,"29,498","3,521","1,875","1,724","33,019","3,599","36,617"
20232024,056,JEFFERSON,275,Jefferson County,115,Gutermuth Elementary,275115,056275115,210299000700,GLEC,909,A1,"16,246","3,699","1,043","1,679","19,945","2,722","22,666"
20232024,056,JEFFERSON,275,Jefferson County,116,Wellington Elementary,275116,056275116,210299000701,GLEC,909,A1,"16,292","3,995",668,"1,921","20,287","2,589","22,877"
20232024,056,JEFFERSON,275,Jefferson County,117,Wilt Elementary,275117,056275117,210299000702,GLEC,909,A1,"14,376","3,400","1,441","1,566","17,777","3,007","20,784"
20232024,056,JEFFERSON,275,Jefferson County,119,Crosby Middle,275119,056275119,210299000703,GLEC,909,A1,"13,070","3,551",534,"1,633","16,621","2,167","18,788"
20232024,056,JEFFERSON,275,Jefferson County,121,Hartstern Elementary,275121,056275121,210299000704,GLEC,909,A1,"13,113","3,750","1,166","1,957","16,862","3,123","19,985"
20232024,056,JEFFERSON,275,Jefferson County,124,U of L PACT Program,275124,056275124,210299001935,GLEC,909,A3,"24,694","3,303",265,"1,511","27,997","1,776","29,774"
20232024,056,JEFFERSON,275,Jefferson County,126,Layne Elementary,275126,056275126,210299000706,GLEC,909,A1,"13,848","3,574","1,104","1,721","17,422","2,826","20,247"
20232024,056,JEFFERSON,275,Jefferson County,127,Auburndale Elementary,275127,056275127,210299000707,GLEC,909,A1,"13,895","3,867","1,372","1,936","17,762","3,307","21,070"
20232024,056,JEFFERSON,275,Jefferson County,128,Price Elementary,275128,056275128,210299000708,GLEC,909,A1,"16,420","3,748",934,"1,604","20,168","2,538","22,706"
20232024,056,JEFFERSON,275,Jefferson County,129,Breckinridge Metropolitan High,275129,056275129,210299001965,GLEC,909,A5,"53,278","4,533","3,115","1,873","57,811","4,987","62,798"
20232024,056,JEFFERSON,275,Jefferson County,131,Eisenhower Elementary,275131,056275131,210299000710,GLEC,909,A1,"13,146","3,694",839,"1,843","16,840","2,682","19,522"
20232024,056,JEFFERSON,275,Jefferson County,133,Lassiter Middle,275133,056275133,210299000711,GLEC,909,A1,"14,157","3,566","1,167","1,753","17,723","2,920","20,643"
20232024,056,JEFFERSON,275,Jefferson County,134,Klondike Lane Elementary,275134,056275134,210299000712,GLEC,909,A1,"15,237","3,706",973,"1,703","18,943","2,675","21,618"
20232024,056,JEFFERSON,275,Jefferson County,144,Stuart Academy,275144,056275144,210299001427,GLEC,909,A1,"15,144","3,866","1,274","2,068","19,010","3,342","22,352"
20232024,056,JEFFERSON,275,Jefferson County,145,Laukhuf Elementary,275145,056275145,210299000716,GLEC,909,A1,"13,501","3,578",928,"1,790","17,079","2,717","19,796"
20232024,056,JEFFERSON,275,Jefferson County,146,Lowe Elementary,275146,056275146,210299000717,GLEC,909,A1,"13,572","3,397",754,"1,618","16,969","2,371","19,340"
20232024,056,JEFFERSON,275,Jefferson County,147,Mill Creek Elementary,275147,056275147,210299000718,GLEC,909,A1,"14,770","4,089","1,898","2,000","18,859","3,898","22,757"
20232024,056,JEFFERSON,275,Jefferson County,149,Blake Elementary,275149,056275149,210299000719,GLEC,909,A1,"11,468","3,407",960,"1,658","14,875","2,618","17,493"
20232024,056,JEFFERSON,275,Jefferson County,155,Marion C. Moore School,275155,056275155,210299002026,GLEC,909,A1,"15,573","4,380","1,067","1,936","19,952","3,003","22,955"
20232024,056,JEFFERSON,275,Jefferson County,156,Dunn Elementary,275156,056275156,210299000722,GLEC,909,A1,"14,885","3,338",521,"1,522","18,223","2,043","20,266"
20232024,056,JEFFERSON,275,Jefferson County,162,Kammerer Middle,275162,056275162,210299000724,GLEC,909,A1,"15,599","3,642",672,"1,577","19,240","2,250","21,490"
20232024,056,JEFFERSON,275,Jefferson County,163,Knight Middle,275163,056275163,210299000725,GLEC,909,A1,"14,169","3,585",728,"1,727","17,754","2,455","20,208"
20232024,056,JEFFERSON,275,Jefferson County,164,Conway Middle,275164,056275164,210299000726,GLEC,909,A1,"15,748","3,620","1,277","1,773","19,368","3,050","22,419"
20232024,056,JEFFERSON,275,Jefferson County,165,J. Graham Brown School,275165,056275165,210299002027,GLEC,909,A1,"15,285","3,935",446,"1,590","19,220","2,036","21,255"
20232024,056,JEFFERSON,275,Jefferson County,166,Jeffersontown Elementary,275166,056275166,210299000727,GLEC,909,A1,"14,146","3,565",968,"1,728","17,712","2,697","20,408"
20232024,056,JEFFERSON,275,Jefferson County,167,Carrithers Middle,275167,056275167,210299000728,GLEC,909,A1,"14,643","3,568","1,343","1,708","18,211","3,051","21,262"
20232024,056,JEFFERSON,275,Jefferson County,175,Alex R. Kennedy Elementary,275175,056275175,210299002421,GLEC,909,A1,"15,484","3,891","1,331","1,615","19,375","2,947","22,322"
20232024,056,JEFFERSON,275,Jefferson County,179,Central High Magnet Career Academy,275179,056275179,210299000730,GLEC,909,A1,"14,578","3,953","1,034","1,949","18,531","2,983","21,514"
20232024,056,JEFFERSON,275,Jefferson County,182,Dr. William H. Perry Elementary School,275182,056275182,210299000731,GLEC,909,A1,"16,727","4,532","1,199","2,231","21,259","3,431","24,690"
20232024,056,JEFFERSON,275,Jefferson County,183,Binet School,275183,056275183,210299000732,GLEC,909,A3,"132,309","7,883","8,540","2,401","140,192","10,941","151,133"
20232024,056,JEFFERSON,275,Jefferson County,185,Atkinson Academy,275185,056275185,210299000733,GLEC,909,A1,"17,619","3,907","1,099","1,706","21,526","2,805","24,331"
20232024,056,JEFFERSON,275,Jefferson County,186,Newcomer Academy,275186,056275186,210299002180,GLEC,909,A5,"15,126","3,478","1,059","1,747","18,604","2,806","21,410"
20232024,056,JEFFERSON,275,Jefferson County,191,W.E.B. DuBois Academy,275191,056275191,210299002458,GLEC,909,A5,"20,045","4,923","1,436","2,358","24,967","3,794","28,762"
20232024,056,JEFFERSON,275,Jefferson County,193,Mary Jo and William MacDonald Maryhurst,275193,056275193,210299001492,GLEC,909,A6,"43,614","5,029","2,494","3,170","48,643","5,664","54,307"
20232024,056,JEFFERSON,275,Jefferson County,200,duPont Manual High,275200,056275200,210299000734,GLEC,909,A1,"11,846","3,669",542,"1,681","15,515","2,223","17,738"
20232024,056,JEFFERSON,275,Jefferson County,201,The Phoenix School of Discovery,275201,056275201,210299002121,GLEC,909,A5,"25,460","3,509","1,736","1,641","28,969","3,377","32,346"
20232024,056,JEFFERSON,275,Jefferson County,202,Minor Daniels Academy,275202,056275202,210299002412,GLEC,909,A5,"29,950","3,762","1,686","1,669","33,711","3,354","37,065"
20232024,056,JEFFERSON,275,Jefferson County,211,Stopher Elementary,275211,056275211,210299002197,GLEC,909,A1,"12,741","3,408",584,"1,525","16,148","2,109","18,257"
20232024,056,JEFFERSON,275,Jefferson County,212,Farmer Elementary,275212,056275212,210299002187,GLEC,909,A1,"13,261","3,414",684,"1,531","16,676","2,215","18,891"
20232024,056,JEFFERSON,275,Jefferson County,219,Ramsey Middle,275219,056275219,210299002190,GLEC,909,A1,"12,624","3,681",817,"1,786","16,305","2,603","18,908"
20232024,056,JEFFERSON,275,Jefferson County,220,Bellewood,275220,056275220,210299002394,GLEC,909,A6,"25,851","10,532","3,570","8,399","36,383","11,968","48,352"
20232024,056,JEFFERSON,275,Jefferson County,221,Brooklawn,275221,056275221,210299002399,GLEC,909,A6,"38,830","5,712","2,676","3,542","44,542","6,219","50,760"
20232024,056,JEFFERSON,275,Jefferson County,222,Westport Early Childhood Center,275222,056275222,210299002499,GLEC,909,A4,"17,304","4,156","4,462","2,492","21,460","6,954","28,414"
20232024,056,JEFFERSON,275,Jefferson County,225,Bloom Elementary,275225,056275225,210299000737,GLEC,909,A1,"14,152","3,281",514,"1,525","17,433","2,039","19,472"
20232024,056,JEFFERSON,275,Jefferson County,240,Engelhard Elementary,275240,056275240,210299000739,GLEC,909,A1,"21,017","4,525","1,425","2,154","25,542","3,579","29,121"
20232024,056,JEFFERSON,275,Jefferson County,243,Byck Elementary,275243,056275243,210299000740,GLEC,909,A1,"21,758","4,353","2,042","1,951","26,111","3,994","30,104"
20232024,056,JEFFERSON,275,Jefferson County,250,Field Elementary,275250,056275250,210299000741,GLEC,909,A1,"15,488","3,497",516,"1,544","18,985","2,060","21,046"
20232024,056,JEFFERSON,275,Jefferson County,255,Echo Trail Middle School,275255,056275255,210299002570,GLEC,909,A1,"23,209","8,572",714,"1,960","31,781","2,675","34,456"
20232024,056,JEFFERSON,275,Jefferson County,260,Brandeis Elementary,275260,056275260,210299000742,GLEC,909,A1,"14,557","3,606",718,"1,732","18,163","2,450","20,613"
20232024,056,JEFFERSON,275,Jefferson County,270,Foster Traditional Academy,275270,056275270,210299000745,GLEC,909,A1,"17,911","3,881","2,068","2,115","21,792","4,183","25,974"
20232024,056,JEFFERSON,275,Jefferson County,290,Frayser Elementary,275290,056275290,210299000747,GLEC,909,A1,"19,478","3,960","2,125","1,976","23,438","4,102","27,540"
20232024,056,JEFFERSON,275,Jefferson County,300,Hazelwood Elementary,275300,056275300,210299000748,GLEC,909,A1,"14,212","4,268","2,019","2,210","18,480","4,230","22,710"
20232024,056,JEFFERSON,275,Jefferson County,320,Highland Middle,275320,056275320,210299000750,GLEC,909,A1,"15,159","3,540","1,129","1,574","18,700","2,703","21,403"
20232024,056,JEFFERSON,275,Jefferson County,323,Cochran Elementary,275323,056275323,210299000751,GLEC,909,A1,"17,147","3,844","1,475","1,672","20,990","3,147","24,137"
20232024,056,JEFFERSON,275,Jefferson County,325,Jacob Elementary,275325,056275325,210299000752,GLEC,909,A1,"16,649","3,897","1,780","1,865","20,547","3,645","24,192"
20232024,056,JEFFERSON,275,Jefferson County,335,Iroquois High,275335,056275335,210299000753,GLEC,909,A1,"16,116","4,060","1,193","2,106","20,177","3,299","23,476"
20232024,056,JEFFERSON,275,Jefferson County,340,Meyzeek Middle,275340,056275340,210299000754,GLEC,909,A1,"13,038","3,663",646,"1,798","16,701","2,444","19,145"
20232024,056,JEFFERSON,275,Jefferson County,344,Gheens Early Childhood Center,275344,056275344,210299002571,GLEC,909,A4,0,0,0,0,0,0,0
20232024,056,JEFFERSON,275,Jefferson County,345,Thomas Jefferson Early Childhood Center,275345,056275345,210299002572,GLEC,909,A4,"5,852","3,990","1,069","2,329","9,842","3,397","13,240"
20232024,056,JEFFERSON,275,Jefferson County,371,Norton Commons Elementary,275371,056275371,210299002430,GLEC,909,A1,"14,194","3,387","1,441","1,578","17,582","3,019","20,601"
20232024,056,JEFFERSON,275,Jefferson County,374,Young Elementary,275374,056275374,210299000757,GLEC,909,A1,"24,965","3,534","2,297","1,595","28,499","3,892","32,391"
20232024,056,JEFFERSON,275,Jefferson County,396,Jefferson County Traditional Middle,275396,056275396,210299000760,GLEC,909,A1,"12,968","3,558",412,"1,689","16,525","2,101","18,626"
20232024,056,JEFFERSON,275,Jefferson County,406,Dr. J. Blaine Hudson Middle School,275406,056275406,210299002573,GLEC,909,A1,"24,561","15,548",740,"2,039","40,110","2,780","42,889"
20232024,056,JEFFERSON,275,Jefferson County,432,King Elementary,275432,056275432,210299000762,GLEC,909,A1,"20,509","4,927","2,222","2,118","25,436","4,340","29,776"
20232024,056,JEFFERSON,275,Jefferson County,435,Noe Middle,275435,056275435,210299000763,GLEC,909,A1,"12,560","3,625",714,"1,769","16,184","2,483","18,667"
20232024,056,JEFFERSON,275,Jefferson County,440,Mcferran Preparatory Academy,275440,056275440,210299000764,GLEC,909,A1,"15,376","4,483","1,265","2,466","19,860","3,731","23,590"
20232024,056,JEFFERSON,275,Jefferson County,456,Ackerly,275456,056275456,210299001859,GLEC,909,A6,"18,111","10,238",265,"8,133","28,349","8,398","36,748"
20232024,056,JEFFERSON,275,Jefferson County,458,Mary Ryan Academy,275458,056275458,210299001860,GLEC,909,A3,"61,792","3,362","8,411","1,571","65,154","9,982","75,137"
20232024,056,JEFFERSON,275,Jefferson County,463,Jefferson Regional Juvenile Detention Ce,275463,056275463,210299001082,GLEC,909,A6,0,0,0,0,0,0,0
20232024,056,JEFFERSON,275,Jefferson County,465,Heuser Hearing & Language Academy,275465,056275465,210299001941,GLEC,909,A3,"12,324","3,173","6,675","1,511","15,497","8,187","23,684"
20232024,056,JEFFERSON,275,Jefferson County,470,Johnson Traditional Middle,275470,056275470,210299000769,GLEC,909,A1,"12,669","3,657","1,061","1,699","16,326","2,760","19,086"
20232024,056,JEFFERSON,275,Jefferson County,480,Maupin Elementary,275480,056275480,210299000770,GLEC,909,A1,"19,784","4,400","2,139","1,981","24,184","4,120","28,304"
20232024,056,JEFFERSON,275,Jefferson County,500,Portland Elementary,275500,056275500,210299000771,GLEC,909,A1,"20,096","4,246","1,292","1,738","24,342","3,030","27,372"
20232024,056,JEFFERSON,275,Jefferson County,520,Lincoln Elementary Performing Arts,275520,056275520,210299000772,GLEC,909,A1,"14,643","3,465",609,"1,573","18,107","2,182","20,290"
20232024,056,JEFFERSON,275,Jefferson County,560,Rutherford Elementary,275560,056275560,210299000775,GLEC,909,A1,"12,084","3,648","1,105","1,644","15,732","2,750","18,482"
20232024,056,JEFFERSON,275,Jefferson County,580,Semple Elementary,275580,056275580,210299000776,GLEC,909,A1,"16,795","3,903","1,435","1,978","20,698","3,413","24,111"
20232024,056,JEFFERSON,275,Jefferson County,590,The Academy @ Shawnee,275590,056275590,210299000777,GLEC,909,A1,"17,218","7,175",975,"1,873","24,393","2,848","27,241"
20232024,056,JEFFERSON,275,Jefferson County,610,Shelby Academy,275610,056275610,210299000780,GLEC,909,A1,"19,577","4,245","1,849","2,274","23,822","4,123","27,946"
20232024,056,JEFFERSON,275,Jefferson County,620,Frederick Law Olmsted Academy North,275620,056275620,210299000781,GLEC,909,A1,"17,918","4,016","1,859","2,112","21,933","3,971","25,904"
20232024,056,JEFFERSON,275,Jefferson County,660,Coleridge-Taylor Montessori Elementary,275660,056275660,210299000783,GLEC,909,A1,"17,413","4,115","1,590","1,791","21,527","3,381","24,908"
20232024,056,JEFFERSON,275,Jefferson County,680,Carter Traditional Elementary,275680,056275680,210299000784,GLEC,909,A1,"13,164","3,382","1,340","1,647","16,546","2,987","19,534"
20232024,056,JEFFERSON,275,Jefferson County,710,Western Middle School for the Arts,275710,056275710,210299000785,GLEC,909,A1,"14,408","3,711","1,151","1,932","18,119","3,083","21,202"
20232024,056,JEFFERSON,275,Jefferson County,720,Kennedy Elementary,275720,056275720,210299000786,GLEC,909,A1,"15,325","4,154","1,332","2,108","19,479","3,440","22,919"
20232024,056,JEFFERSON,275,Jefferson County,730,Frederick Law Olmsted Academy South,275730,056275730,210299001425,GLEC,909,A1,"17,610","4,560","1,239","2,301","22,170","3,540","25,710"
20232024,056,JEFFERSON,275,Jefferson County,768,Home of the Innocents Discovery,275768,056275768,210299001943,GLEC,909,A6,"22,793","5,219","3,273","3,011","28,012","6,284","34,296"
20232024,056,JEFFERSON,275,Jefferson County,769,Home of the Innocents School,275769,056275769,210299001946,GLEC,909,A6,"23,568","3,440","1,489","1,698","27,008","3,188","30,196"
20232024,056,JEFFERSON,275,Jefferson County,784,Peace Academy,275784,056275784,210299001613,GLEC,909,A6,"18,525","3,846",920,"2,060","22,372","2,980","25,352"
20232024,056,JEFFERSON,275,Jefferson County,800,Grace M. James Academy of Excellence,275800,056275800,210299002507,GLEC,909,A5,"17,800","4,625",908,"2,019","22,424","2,927","25,351"
20232024,056,JEFFERSON,275,Jefferson County,917,Churchill Park School,275917,056275917,210299000789,GLEC,909,A3,"81,585","5,403","7,116","2,139","86,988","9,255","96,243"
20232024,056,JEFFERSON,275,Jefferson County,919,George Unseld Early Childhood Center,275919,056275919,210299002376,GLEC,909,A4,"14,645","4,225","3,263","2,593","18,870","5,855","24,725"
20232024,056,JEFFERSON,275,Jefferson County,920,Ahrens Educational Resource Center,275920,056275920,210299001447,GLEC,909,A3,"43,569","3,439","11,686","1,511","47,008","13,197","60,206"
20232024,056,JEFFERSON,275,Jefferson County,951,Pathfinder School of Innovation,275951,056275951,210299001947,GLEC,909,A5,"14,530","3,453","2,191","1,570","17,982","3,761","21,743"
20232024,067,LETCHER,276,Jenkins Independent,011,Jenkins Independent School,276011,067276011,210300001642,KVEC,904,A1,"10,251","4,354","3,765","2,421","14,605","6,186","26,971"
20232024,057,JESSAMINE,281,Jessamine County,018,Hattie C. Warner Elementary School,281018,057281018,210303000795,CKEC,901,A1,"11,055","1,734",909,472,"12,743","1,381","15,430"
20232024,057,JESSAMINE,281,Jessamine County,019,West Jessamine High School,281019,057281019,210303001640,CKEC,901,A1,"16,887","3,380",572,397,"20,220",969,"20,526"
20232024,057,JESSAMINE,281,Jessamine County,021,East Jessamine High School,281021,057281021,210303001641,CKEC,901,A1,"18,146","3,757",692,396,"21,857","1,087","22,288"
20232024,057,JESSAMINE,281,Jessamine County,022,Jessamine Early Learning Village,281022,057281022,210303001899,CKEC,901,A1,"15,973","2,330","1,891",421,"18,257","2,312","21,728"
20232024,057,JESSAMINE,281,Jessamine County,023,The Providence School,281023,057281023,210303001900,CKEC,901,A5,,,,,,,
20232024,057,JESSAMINE,281,Jessamine County,024,Jessamine Career and Technology Center,281024,057281024,210303002028,CKEC,901,A2,,,,,,,
20232024,057,JESSAMINE,281,Jessamine County,025,East Jessamine Middle School,281025,057281025,210303000797,CKEC,901,A1,"10,026","1,775",777,394,"11,754","1,170","14,167"
20232024,057,JESSAMINE,281,Jessamine County,026,West Jessamine Middle School,281026,057281026,210303001110,CKEC,901,A1,"9,873","1,740",595,373,"11,567",968,"13,773"
20232024,057,JESSAMINE,281,Jessamine County,030,Ashgrove Academy,281030,057281030,210303002442,CKEC,901,A6,,,,,,,
20232024,057,JESSAMINE,281,Jessamine County,040,Red Oak Elementary School,281040,057281040,210303002388,CKEC,901,A1,"11,004","1,887",955,444,"12,845","1,399","15,563"
20232024,057,JESSAMINE,281,Jessamine County,050,Nicholasville Elementary School,281050,057281050,210303000798,CKEC,901,A1,"12,552","1,739","1,334",420,"14,245","1,754","17,271"
20232024,057,JESSAMINE,281,Jessamine County,060,Rosenwald Dunbar Elementary School,281060,057281060,210303000092,CKEC,901,A1,"11,093","1,503",796,379,"12,549","1,175","15,017"
20232024,057,JESSAMINE,281,Jessamine County,070,Brookside Elementary School,281070,057281070,210303001429,CKEC,901,A1,"11,658","1,650","1,240",487,"13,262","1,727","16,278"
20232024,057,JESSAMINE,281,Jessamine County,090,Wilmore Elementary School,281090,057281090,210303000799,CKEC,901,A1,"11,489","1,798","1,014",441,"13,241","1,455","15,986"
20232024,058,JOHNSON,285,Johnson County,050,Johnson County Eagle Academy,285050,058285050,210306001615,KEDC,903,A5,,,,,,,
20232024,058,JOHNSON,285,Johnson County,060,Johnson County Middle School,285060,058285060,210306000800,KEDC,903,A1,"10,703","2,424","2,255","1,154","13,127","3,409","18,299"
20232024,058,JOHNSON,285,Johnson County,075,Central Elementary School,285075,058285075,210306000692,KEDC,903,A1,"10,482","2,498","3,431","1,689","12,981","5,120","19,883"
20232024,058,JOHNSON,285,Johnson County,100,Flat Gap Elementary School,285100,058285100,210306000801,KEDC,903,A1,"10,027","2,739","3,302","1,238","12,767","4,539","19,152"
20232024,058,JOHNSON,285,Johnson County,115,Johnson Central High School,285115,058285115,210306000802,KEDC,903,A1,"11,422","4,047","1,460","1,175","15,469","2,635","41,924"
20232024,058,JOHNSON,285,Johnson County,250,Porter Elementary School,285250,058285250,210306000803,KEDC,903,A1,"8,814","2,238","2,918","1,292","11,052","4,210","17,001"
20232024,058,JOHNSON,285,Johnson County,320,W R Castle Memorial Elementary School,285320,058285320,210306000805,KEDC,903,A1,"8,972","2,203","2,592","1,219","11,174","3,811","16,763"
20232024,058,JOHNSON,285,Johnson County,340,Highland Elementary School,285340,058285340,210306000806,KEDC,903,A1,"9,495","2,610","3,356","1,102","12,104","4,457","18,321"
20232024,059,KENTON,291,Kenton County,005,Beechgrove Elementary School,291005,059291005,210309000807,NKCES,905,A1,"1,341","1,223",743,480,"11,913","10,572","17,170"
20232024,059,KENTON,291,Kenton County,006,River Ridge Elementary School,291006,059291006,210309001512,NKCES,905,A1,"1,429",960,527,433,"11,613","10,184","16,557"
20232024,059,KENTON,291,Kenton County,020,James A Caywood Elementary School,291020,059291020,210309000809,NKCES,905,A1,"1,240","1,206",803,403,"10,975","9,735","16,154"
20232024,059,KENTON,291,Kenton County,040,Dixie Heights High School,291040,059291040,210309000811,NKCES,905,A1,"1,954",596,250,345,"10,363","8,409","14,915"
20232024,059,KENTON,291,Kenton County,045,R C Hinsdale Elementary School,291045,059291045,210309000812,NKCES,905,A1,"1,371","1,006",617,389,"11,124","9,754","16,034"
20232024,059,KENTON,291,Kenton County,050,Kenton Elementary School,291050,059291050,210309000813,NKCES,905,A1,"1,372","1,065",652,413,"10,734","9,363","15,780"
20232024,059,KENTON,291,Kenton County,055,Northern Ky Youth Dev Center,291055,059291055,210309000814,NKCES,905,A6,,,,,,,
20232024,059,KENTON,291,Kenton County,060,Ft Wright Elementary School,291060,059291060,210309000815,NKCES,905,A1,"1,486","1,524","1,086",439,"12,051","10,565","17,552"
20232024,059,KENTON,291,Kenton County,070,Piner Elementary School,291070,059291070,210309000816,NKCES,905,A1,"1,248","1,486","1,070",416,"11,363","10,115","16,944"
20232024,059,KENTON,291,Kenton County,080,Ryland Heights Elementary School,291080,059291080,210309000817,NKCES,905,A1,"1,451","1,269",830,439,"12,685","11,234","17,964"
20232024,059,KENTON,291,Kenton County,090,Simon Kenton High School,291090,059291090,210309000818,NKCES,905,A1,"2,051",647,335,312,"10,472","8,421","15,078"
20232024,059,KENTON,291,Kenton County,100,Taylor Mill Elementary School,291100,059291100,210309000819,NKCES,905,A1,"1,426","1,178",731,447,"11,251","9,825","16,462"
20232024,059,KENTON,291,Kenton County,103,Turkey Foot Middle School,291103,059291103,210309000820,NKCES,905,A1,"1,174",687,320,367,"9,824","8,650","14,481"
20232024,059,KENTON,291,Kenton County,105,Twenhofel Middle School,291105,059291105,210309000821,NKCES,905,A1,"1,422","1,143",730,413,"9,932","8,510","15,066"
20232024,059,KENTON,291,Kenton County,108,Woodland Middle School,291108,059291108,210309001588,NKCES,905,A1,"1,446",827,458,369,"11,046","9,600","15,888"
20232024,059,KENTON,291,Kenton County,120,Scott High School,291120,059291120,210309000823,NKCES,905,A1,"1,991",707,351,356,"11,360","9,369","16,040"
20232024,059,KENTON,291,Kenton County,475,Summit View Academy,291475,059291475,210309002420,NKCES,905,A1,"1,428","1,049",534,514,"10,938","9,510","15,962"
20232024,059,KENTON,291,Kenton County,495,White's Tower Elementary School,291495,059291495,210309000824,NKCES,905,A1,"1,249","1,102",720,382,"10,259","9,010","15,384"
20232024,060,KNOTT,295,Knott County,035,Beaver Creek Elementary School,295035,060295035,210312000826,KVEC,904,A1,"10,749","2,791","1,701","1,394","13,540","3,095","16,635"
20232024,060,KNOTT,295,Knott County,100,Carr Creek Elementary School,295100,060295100,210312000830,KVEC,904,A1,"11,879","2,621","1,135","1,037","14,500","2,172","16,672"
20232024,060,KNOTT,295,Knott County,150,Cordia School,295150,060295150,210312002233,KVEC,904,A1,"11,013","3,209","2,577","1,019","14,222","3,597","17,818"
20232024,060,KNOTT,295,Knott County,210,Emmalena Elementary School,295210,060295210,210312000834,KVEC,904,A1,"11,842","2,616","1,439","1,117","14,458","2,556","17,013"
20232024,060,KNOTT,295,Knott County,230,Hindman Elementary School,295230,060295230,210312000835,KVEC,904,A1,"10,627","1,961","1,523","3,020","12,588","4,543","17,131"
20232024,060,KNOTT,295,Knott County,255,Jones Fork Elementary School,295255,060295255,210312000836,KVEC,904,A1,"11,120","2,654","1,856","1,303","13,775","3,160","16,934"
20232024,060,KNOTT,295,Knott County,265,Knott County Central High School,295265,060295265,210312000837,KVEC,904,A1,"9,206","3,310","2,201","2,828","12,516","5,029","17,545"
20232024,061,KNOX,301,Knox County,015,Lynn Camp Elementary School,301015,061301015,210315002543,SESC,907,A1,"8,559","1,879","1,854",780,"10,438","2,634","13,072"
20232024,061,KNOX,301,Knox County,022,Knox Appalachian School,301022,061301022,210315001997,SESC,907,A6,,,,,,,
20232024,061,KNOX,301,Knox County,023,Knox County Middle School,301023,061301023,210315002029,SESC,907,A1,"10,804","2,244","2,498","1,112","13,047","3,610","16,657"
20232024,061,KNOX,301,Knox County,025,Lynn Camp Middle High School,301025,061301025,210315002544,SESC,907,A1,"10,460","3,871","4,040",964,"14,331","5,004","19,336"
20232024,061,KNOX,301,Knox County,071,Central Elementary School,301071,061301071,210315002235,SESC,907,A1,"10,267","2,103","2,759",716,"12,370","3,475","15,846"
20232024,061,KNOX,301,Knox County,140,Knox County Day Treatment,301140,061301140,210315002357,SESC,907,A6,,,,,,,
20232024,061,KNOX,301,Knox County,150,Knox County Learning Academy,301150,061301150,210315000709,SESC,907,A6,,,,,,,
20232024,061,KNOX,301,Knox County,155,Knox Inspire Academy,301155,061301155,210315002449,SESC,907,A5,,,,,,,
20232024,061,KNOX,301,Knox County,170,Dewitt Elementary School,301170,061301170,210315000842,SESC,907,A1,"11,292","3,046","3,331",847,"14,339","4,178","18,517"
20232024,061,KNOX,301,Knox County,240,Flat Lick Elementary School,301240,061301240,210315000843,SESC,907,A1,"11,217","2,537","2,263",854,"13,753","3,117","16,870"
20232024,061,KNOX,301,Knox County,260,Girdler Elementary School,301260,061301260,210315000844,SESC,907,A1,"10,140","2,476","2,829",694,"12,616","3,522","16,138"
20232024,061,KNOX,301,Knox County,320,G R Hampton Elementary School,301320,061301320,210315000846,SESC,907,A1,"10,996","2,055","2,797",744,"13,050","3,541","16,591"
20232024,061,KNOX,301,Knox County,410,Knox Central High School,301410,061301410,210315000847,SESC,907,A1,"9,288","3,333","2,596","1,064","12,621","3,660","16,281"
20232024,061,KNOX,301,Knox County,430,Jesse D Lay Elementary School,301430,061301430,210315000848,SESC,907,A1,"10,018","1,899","2,587",742,"11,917","3,330","15,247"
20232024,061,KNOX,301,Knox County,976,Knox County Career and Technical Center,301976,061301976,210315002545,SESC,907,A2,,,,,,,
20232024,062,LARUE,305,LaRue County,005,Preschool on College Street,305005,062305005,210318002512,GRREC,902,A4,,,,,,,
20232024,062,LARUE,305,LaRue County,015,Abraham Lincoln Elementary School,305015,062305015,210318002044,GRREC,902,A1,"9,204","1,729",940,339,"10,933","1,279","12,611"
20232024,062,LARUE,305,LaRue County,030,Hodgenville Elementary School,305030,062305030,210318000852,GRREC,902,A1,"9,845","1,702",911,411,"11,547","1,322","12,924"
20232024,062,LARUE,305,LaRue County,040,LaRue County High School,305040,062305040,210318000853,GRREC,902,A1,"8,832","2,283",418,317,"11,114",735,"12,243"
20232024,062,LARUE,305,LaRue County,045,LaRue County Middle School,305045,062305045,210318000854,GRREC,902,A1,"9,514","2,092",588,356,"11,606",944,"12,038"
20232024,062,LARUE,305,LaRue County,100,The Life Connection,305100,062305100,210318002216,GRREC,902,A6,,,,,,,
20232024,063,LAUREL,311,Laurel County,010,London Elementary School,311010,063311010,210321000856,SESC,907,A1,"16,895","3,283","1,828",901,"20,178","2,729","23,051"
20232024,063,LAUREL,311,Laurel County,016,McDaniel Learning Center,311016,063311016,210321002224,SESC,907,A5,,,,,,,
20232024,063,LAUREL,311,Laurel County,018,Wyan-Pine Grove Elementary,311018,063311018,210321002030,SESC,907,A1,"18,056","3,372","1,888","1,085","21,429","2,973","24,554"
20232024,063,LAUREL,311,Laurel County,019,Laurel County Schools eLearning Academy,311019,063311019,210321002436,SESC,907,A8,,,,,,,
20232024,063,LAUREL,311,Laurel County,030,Bush Elementary School,311030,063311030,210321000857,SESC,907,A1,"16,464","3,102","1,480",999,"19,565","2,479","22,218"
20232024,063,LAUREL,311,Laurel County,040,South Laurel Middle School,311040,063311040,210321000858,SESC,907,A1,"16,485","3,206","1,547",911,"19,796","2,457","22,253"
20232024,063,LAUREL,311,Laurel County,050,Laurel County Day Treatment,311050,063311050,210321001677,SESC,907,A6,,,,,,,
20232024,063,LAUREL,311,Laurel County,055,Camp Ground Elementary School,311055,063311055,210321000859,SESC,907,A1,"16,874","3,164","1,530","1,006","20,037","2,536","28,507"
20232024,063,LAUREL,311,Laurel County,060,Laurel Co Schools Center for Innovation,311060,063311060,210321002400,SESC,907,A2,,,,,,,
20232024,063,LAUREL,311,Laurel County,070,Colony Elementary School,311070,063311070,210321000860,SESC,907,A1,"16,970","3,406","1,619",984,"20,376","2,603","22,979"
20232024,063,LAUREL,311,Laurel County,130,Hazel Green Elementary School,311130,063311130,210321000862,SESC,907,A1,"16,922","3,503","1,800",867,"20,425","2,668","23,353"
20232024,063,LAUREL,311,Laurel County,165,Johnson Elementary School,311165,063311165,210321000863,SESC,907,A1,"16,504","3,197","1,666",832,"19,978","2,498","22,476"
20232024,063,LAUREL,311,Laurel County,175,Hunter Hills Elementary School,311175,063311175,210321000715,SESC,907,A1,"16,507","3,275","2,021",868,"19,782","2,889","22,837"
20232024,063,LAUREL,311,Laurel County,180,Keavy Elementary School,311180,063311180,210321000864,SESC,907,A1,"16,886","3,396","1,510",873,"20,525","2,383","22,476"
20232024,063,LAUREL,311,Laurel County,200,North Laurel Middle School,311200,063311200,210321001589,SESC,907,A1,"16,332","3,052","1,461",968,"19,385","2,429","24,573"
20232024,063,LAUREL,311,Laurel County,205,North Laurel High School,311205,063311205,210321000215,SESC,907,A1,"15,977","3,764","1,315","1,086","19,818","2,401","25,314"
20232024,063,LAUREL,311,Laurel County,210,South Laurel High School,311210,063311210,210321000865,SESC,907,A1,"16,028","4,195","1,146",818,"20,223","1,964","29,455"
20232024,063,LAUREL,311,Laurel County,420,Sublimity Elementary School,311420,063311420,210321000869,SESC,907,A1,"17,130","3,357","1,625",888,"20,487","2,513","23,000"
20232024,063,LAUREL,311,Laurel County,430,Cold Hill Elementary School,311430,063311430,210321001483,SESC,907,A1,"16,980","3,305","1,874","1,052","20,284","2,926","23,210"
20232024,064,LAWRENCE,315,Lawrence County,020,Louisa East Elementary School,315020,064315020,210324002079,KEDC,903,A1,"15,130","3,974","2,044",827,"19,104","2,871","25,095"
20232024,064,LAWRENCE,315,Lawrence County,021,Louisa West Elementary School,315021,064315021,210324002155,KEDC,903,A1,"17,748","4,090","2,762",875,"21,838","3,637","28,416"
20232024,064,LAWRENCE,315,Lawrence County,030,Blaine Elementary School,315030,064315030,210324000870,KEDC,903,A1,"19,360","4,886","3,431","1,033","24,246","4,465","32,000"
20232024,064,LAWRENCE,315,Lawrence County,150,Fallsburg Elementary School,315150,064315150,210324000871,KEDC,903,A1,"18,237","4,346","2,685",810,"22,583","3,495","29,284"
20232024,064,LAWRENCE,315,Lawrence County,200,Louisa Middle School,315200,064315200,210324000872,KEDC,903,A1,"14,808","4,179","2,802",780,"18,987","3,582","26,074"
20232024,064,LAWRENCE,315,Lawrence County,260,Lawrence County High School,315260,064315260,210324000874,KEDC,903,A1,"15,621","5,118","2,233",989,"20,739","3,222","33,006"
20232024,065,LEE,321,Lee County,060,Lee County Middle High School,321060,065321060,210327002434,KVEC,904,A1,"8,533","3,133","2,007","1,251","11,666","3,258","14,951"
20232024,065,LEE,321,Lee County,100,Lee County Elementary School,321100,065321100,210327000216,KVEC,904,A1,"7,891","2,660","2,007","1,121","10,551","2,883","13,922"
20232024,066,LESLIE,325,Leslie County,280,Hayes Lewis Elementary School,325280,066325280,210333000882,KVEC,904,A1,"12,753","4,026","1,779",696,"17,187","2,469","21,836"
20232024,066,LESLIE,325,Leslie County,300,Mountain View Elementary,325300,066325300,210333000883,KVEC,904,A1,"9,975","2,238","1,992",717,"12,668","2,704","17,738"
20232024,066,LESLIE,325,Leslie County,350,Leslie County High School,325350,066325350,210333000885,KVEC,904,A1,"10,249","4,224","1,216",752,"14,949","1,963","21,527"
20232024,066,LESLIE,325,Leslie County,420,W B Muncy Elementary School,325420,066325420,210333000886,KVEC,904,A1,"8,987","2,682","2,175",799,"12,098","2,968","17,192"
20232024,066,LESLIE,325,Leslie County,570,Stinnett Elementary School,325570,066325570,210333000887,KVEC,904,A1,"10,079","2,811","1,826",780,"13,318","2,600","18,389"
20232024,067,LETCHER,331,Letcher County,050,Letcher Elementary & Middle School,331050,067331050,210336002528,KVEC,904,A1,"10,401","3,958","1,974","3,163","14,361","5,138","22,186"
20232024,067,LETCHER,331,Letcher County,055,Letcher County Alternative Education Ctr,331055,067331055,210336002344,KVEC,904,A5,,,,,,,
20232024,067,LETCHER,331,Letcher County,056,Letcher County Central High School,331056,067331056,210336001998,KVEC,904,A1,"11,112","4,764","1,387","3,194","15,875","4,582","23,076"
20232024,067,LETCHER,331,Letcher County,210,Arlie Boggs Elementary School,331210,067331210,210336000892,KVEC,904,A1,"12,951","4,847","1,735","3,261","17,765","4,996","25,608"
20232024,067,LETCHER,331,Letcher County,250,Fleming Neon Middle School,331250,067331250,210336000894,KVEC,904,A1,"12,761","5,472","1,959","3,166","18,200","5,125","26,171"
20232024,067,LETCHER,331,Letcher County,380,Cowan Elementary School,331380,067331380,210336000900,KVEC,904,A1,"10,994","4,583","1,714","3,129","14,822","4,843","22,174"
20232024,067,LETCHER,331,Letcher County,425,Martha Jane Potter Elementary School,331425,067331425,210336000901,KVEC,904,A1,"10,337","3,903","1,989","3,109","14,207","5,098","22,029"
20232024,067,LETCHER,331,Letcher County,650,West Whitesburg Elementary School,331650,067331650,210336000903,KVEC,904,A1,"11,899","3,968","1,925","3,119","15,834","5,044","23,677"
20232024,067,LETCHER,331,Letcher County,710,Whitesburg Middle School,331710,067331710,210336000904,KVEC,904,A1,"10,259","3,359","1,616","3,107","13,606","4,723","21,137"
20232024,068,LEWIS,335,Lewis County,040,Garrison Elementary School,335040,068335040,210339000906,KEDC,903,A1,"10,083","2,665","1,693",617,"12,748","2,310","15,058"
20232024,068,LEWIS,335,Lewis County,090,Laurel Elementary School,335090,068335090,210339000908,KEDC,903,A1,"14,661","3,559","2,158",773,"18,220","2,931","21,151"
20232024,068,LEWIS,335,Lewis County,095,Lewis County Central Elementary School,335095,068335095,210339000909,KEDC,903,A1,"9,759","2,381","1,164",695,"12,139","1,860","13,999"
20232024,068,LEWIS,335,Lewis County,100,Lewis County Middle School,335100,068335100,210339001503,KEDC,903,A1,"9,282","3,044","1,762",554,"12,326","2,316","14,642"
20232024,068,LEWIS,335,Lewis County,120,Lewis County High School,335120,068335120,210339000910,KEDC,903,A1,"9,549","3,477",678,784,"13,026","1,462","14,488"
20232024,068,LEWIS,335,Lewis County,140,Tollesboro Elementary School,335140,068335140,210339000911,KEDC,903,A1,"9,909","3,047","1,601",803,"12,955","2,404","15,360"
20232024,068,LEWIS,335,Lewis County,970,Foster Meade Career & Technical Center,335970,068335970,210339002377,KEDC,903,A2,,,,,,,
20232024,069,LINCOLN,341,Lincoln County,015,Patriot Academy,341015,069341015,210348002574,SESC,907,A5,,,,,,,
20232024,069,LINCOLN,341,Lincoln County,040,Crab Orchard Elementary School,341040,069341040,210348000914,SESC,907,A1,"9,241","2,710","2,189",325,"11,951","2,514","16,271"
20232024,069,LINCOLN,341,Lincoln County,050,Highland Elementary School,341050,069341050,210348000915,SESC,907,A1,"10,609","2,764","2,102",355,"13,373","2,457","17,713"
20232024,069,LINCOLN,341,Lincoln County,065,Lincoln County Middle School,341065,069341065,210348000478,SESC,907,A1,"8,704","2,720","1,686",331,"11,424","2,017","15,823"
20232024,069,LINCOLN,341,Lincoln County,070,Hustonville Elementary School,341070,069341070,210348000916,SESC,907,A1,"8,547","2,501","1,768",305,"11,048","2,073","14,792"
20232024,069,LINCOLN,341,Lincoln County,095,Lincoln County High School,341095,069341095,210348000918,SESC,907,A1,"7,810","3,095","1,995",307,"10,905","2,302","14,814"
20232024,069,LINCOLN,341,Lincoln County,130,Stanford Elementary School,341130,069341130,210348000920,SESC,907,A1,"6,351","2,626","2,876",536,"8,977","3,412","14,393"
20232024,069,LINCOLN,341,Lincoln County,150,Waynesburg Elementary School,341150,069341150,210348000921,SESC,907,A1,"10,284","2,847","2,220",403,"13,131","2,623","17,298"
20232024,070,LIVINGSTON,345,Livingston County,020,North Livingston Elementary School,345020,070345020,210351001133,WKEC,908,A1,"12,803","4,784","1,633",763,"17,587","2,396","19,983"
20232024,070,LIVINGSTON,345,Livingston County,021,South Livingston Elementary School,345021,070345021,210351001999,WKEC,908,A1,"12,226","3,326","1,197",592,"15,552","1,789","17,341"
20232024,070,LIVINGSTON,345,Livingston County,050,Livingston Central High School,345050,070345050,210351000924,WKEC,908,A1,"10,314","3,884",803,539,"14,198","1,342","15,540"
20232024,070,LIVINGSTON,345,Livingston County,065,Livingston County Middle School,345065,070345065,210351001484,WKEC,908,A1,"10,181","3,022","1,243",454,"13,203","1,697","14,901"
20232024,071,LOGAN,351,Logan County,011,Adairville Elementary School,351011,071351011,210354001542,GRREC,902,A1,"13,577","3,468","1,487","1,381","17,045","1,993","19,038"
20232024,071,LOGAN,351,Logan County,012,Auburn Elementary School,351012,071351012,210354001543,GRREC,902,A1,"9,473","2,950","1,096","1,067","12,423","1,678","14,101"
20232024,071,LOGAN,351,Logan County,013,Chandlers Elementary School,351013,071351013,210354001544,GRREC,902,A1,"10,886","3,180",923,956,"14,067","1,568","15,635"
20232024,071,LOGAN,351,Logan County,014,Lewisburg Elementary School,351014,071351014,210354001545,GRREC,902,A1,"10,046","3,494","1,226","1,221","13,539","1,832","15,372"
20232024,071,LOGAN,351,Logan County,016,Olmstead Elementary School,351016,071351016,210354001546,GRREC,902,A1,"12,030","3,911","1,103","1,042","15,941","1,654","17,595"
20232024,071,LOGAN,351,Logan County,030,The Academy,351030,071351030,210354002396,GRREC,902,A5,,,,,,,
20232024,071,LOGAN,351,Logan County,140,Logan County High School,351140,071351140,210354001458,GRREC,902,A1,"9,437","3,635",792,688,"13,072","1,299","14,371"
20232024,059,KENTON,354,Ludlow Independent,010,Mary A. Goetz Elementary School,354010,059354010,210363000938,NKCES,905,A1,"9,687","2,338","1,333","1,061","12,025","2,395","21,545"
20232024,059,KENTON,354,Ludlow Independent,020,Ludlow High School,354020,059354020,210363000939,NKCES,905,A1,"12,258","3,169",428,673,"15,427","1,101","31,501"
20232024,072,LYON,361,Lyon County,020,Lyon County Elementary School,361020,072361020,210369000942,WKEC,908,A1,"10,193","2,263",638,464,"12,456","1,102","13,558"
20232024,072,LYON,361,Lyon County,023,Lyon County Middle School,361023,072361023,210369001950,WKEC,908,A1,"9,865","2,475",982,464,"12,341","1,446","13,787"
20232024,072,LYON,361,Lyon County,070,Lyon County High School,361070,072361070,210369000943,WKEC,908,A1,"9,532","4,145",377,505,"13,678",882,"14,559"
20232024,073,MADISON,365,Madison County,007,Shannon Johnson Elementary School,365007,073365007,210372001901,SESC,907,A1,"9,400","1,735",901,287,"11,135","1,188","17,947"
20232024,073,MADISON,365,Madison County,008,Boonesborough Elementary,365008,073365008,210372002481,SESC,907,A1,"8,538","1,897","1,053",225,"10,435","1,278","17,147"
20232024,073,MADISON,365,Madison County,010,Clark Moores Middle School,365010,073365010,210372000944,SESC,907,A1,"8,994","2,487","1,177",328,"11,481","1,505","18,617"
20232024,073,MADISON,365,Madison County,015,Daniel Boone Elementary School,365015,073365015,210372000945,SESC,907,A1,"8,533","1,928","1,014",214,"10,461","1,228","17,310"
20232024,073,MADISON,365,Madison County,018,Glenn R Marshall Elementary School,365018,073365018,210372002032,SESC,907,A1,"9,084","1,902","1,008",245,"10,986","1,253","17,674"
20232024,073,MADISON,365,Madison County,020,Madison Middle School,365020,073365020,210372000250,SESC,907,A1,"8,808","2,046",808,224,"10,854","1,032","17,320"
20232024,073,MADISON,365,Madison County,021,B. Michael Caudill Middle School,365021,073365021,210372002217,SESC,907,A1,"9,057","2,429","1,242",389,"11,486","1,631","18,761"
20232024,073,MADISON,365,Madison County,030,Kingston Elementary School,365030,073365030,210372000946,SESC,907,A1,"8,622","1,796","1,151",245,"10,418","1,396","17,345"
20232024,073,MADISON,365,Madison County,040,Kirksville Elementary School,365040,073365040,210372000947,SESC,907,A1,"8,204","1,767","1,051",353,"9,971","1,404","16,898"
20232024,073,MADISON,365,Madison County,045,Kit Carson Elementary School,365045,073365045,210372000948,SESC,907,A1,"8,405","1,902","1,195",181,"10,307","1,376","17,115"
20232024,073,MADISON,365,Madison County,050,Madison Central High School,365050,073365050,210372000949,SESC,907,A1,"8,076","2,401",855,134,"10,477",989,"16,946"
20232024,073,MADISON,365,Madison County,065,Bellevue Transitional School,365065,073365065,210372002484,SESC,907,A5,,,,,,,
20232024,073,MADISON,365,Madison County,100,Silver Creek Elementary School,365100,073365100,210372000950,SESC,907,A1,"10,191","2,175","1,281",217,"12,366","1,498","19,295"
20232024,073,MADISON,365,Madison County,110,Madison Kindergarten Academy,365110,073365110,210372002392,SESC,907,A1,"9,086","1,741","1,147",274,"10,827","1,421","17,792"
20232024,073,MADISON,365,Madison County,120,Waco Elementary School,365120,073365120,210372000951,SESC,907,A1,"10,184","2,193","1,350",126,"12,377","1,476","19,433"
20232024,073,MADISON,365,Madison County,130,White Hall Elementary School,365130,073365130,210372000952,SESC,907,A1,"9,680","1,993","1,512",298,"11,673","1,810","19,149"
20232024,073,MADISON,365,Madison County,132,Ignite Academy North,365132,073365132,210372002546,SESC,907,A2,,,,,,,
20232024,073,MADISON,365,Madison County,133,Ignite Academy South,365133,073365133,210372002547,SESC,907,A2,,,,,,,
20232024,073,MADISON,365,Madison County,140,Foley Middle School,365140,073365140,210372000953,SESC,907,A1,"9,284","2,106","1,259",170,"11,390","1,429","18,472"
20232024,073,MADISON,365,Madison County,145,Farristown Middle School,365145,073365145,210372002311,SESC,907,A1,"8,931","2,585","1,023",296,"11,516","1,319","18,266"
20232024,073,MADISON,365,Madison County,150,Madison Southern High School,365150,073365150,210372001594,SESC,907,A1,"9,495","2,333",928,136,"11,828","1,064","18,395"
20232024,073,MADISON,365,Madison County,160,Madison County Day Treatment,365160,073365160,210372001678,SESC,907,A6,,,,,,,
20232024,074,MAGOFFIN,371,Magoffin County,172,North Magoffin Elementary,371172,074371172,210375002238,KVEC,904,A1,"6,736","2,233","2,987",595,"8,971","3,586","14,559"
20232024,074,MAGOFFIN,371,Magoffin County,173,South Magoffin Elementary,371173,074371173,210375002227,KVEC,904,A1,"8,066","2,591","3,136",623,"10,657","3,759","16,459"
20232024,074,MAGOFFIN,371,Magoffin County,175,Herald Whitaker Middle School,371175,074371175,210375001618,KVEC,904,A1,"9,059","2,808","2,815","1,244","11,867","4,059","18,589"
20232024,074,MAGOFFIN,371,Magoffin County,360,Salyersville Grade School,371360,074371360,210375000958,KVEC,904,A1,"7,278","2,182","3,145",616,"9,460","3,760","15,214"
20232024,074,MAGOFFIN,371,Magoffin County,370,Magoffin County High School,371370,074371370,210375000960,KVEC,904,A1,"9,166","2,292","1,471",659,"11,458","2,129","26,827"
20232024,075,MARION,375,Marion County,020,Calvary Elementary School,375020,075375020,210378000962,CKEC,901,A1,"10,692","2,328","1,461",927,"13,021","2,388","21,866"
20232024,075,MARION,375,Marion County,030,Hugh C. Spalding Academy,375030,075375030,210378002328,CKEC,901,A5,,,,,,,
20232024,075,MARION,375,Marion County,040,Glasscock Elementary School,375040,075375040,210378000963,CKEC,901,A1,"10,363","2,428","1,461","1,009","12,949","2,226","21,632"
20232024,075,MARION,375,Marion County,085,Lebanon Middle School,375085,075375085,210378002443,CKEC,901,A1,"9,797","2,220",548,859,"12,022","1,405","19,885"
20232024,075,MARION,375,Marion County,095,Marion County Middle School,375095,075375095,210378002454,CKEC,901,A1,"10,597","2,270","1,059",864,"13,000","1,923","21,379"
20232024,075,MARION,375,Marion County,100,West Marion Elementary School,375100,075375100,210378001619,CKEC,901,A1,"10,597","2,270","1,043","1,041","13,310","2,084","21,850"
20232024,075,MARION,375,Marion County,210,Lebanon Elementary School,375210,075375210,210378000967,CKEC,901,A1,"11,188","2,511","1,564",936,"13,872","2,500","22,828"
20232024,075,MARION,375,Marion County,515,Marion County High School,375515,075375515,210378000970,CKEC,901,A1,"10,549","4,302",723,896,"15,017","1,619","23,093"
20232024,076,MARSHALL,381,Marshall County,005,Purchase Youth Village,381005,076381005,210381002445,WKEC,908,A6,,,,,,,
20232024,076,MARSHALL,381,Marshall County,010,Central Elementary School,381010,076381010,210381000272,WKEC,908,A1,"10,833","2,915",462,634,"13,748","1,100","16,372"
20232024,076,MARSHALL,381,Marshall County,011,Benton Elementary School,381011,076381011,210381000971,WKEC,908,A1,"11,449","3,011",829,586,"14,460","1,416","18,264"
20232024,076,MARSHALL,381,Marshall County,025,MC Academy,381025,076381025,210381002474,WKEC,908,A5,,,,,,,
20232024,076,MARSHALL,381,Marshall County,040,Calvert City Elementary School,381040,076381040,210381000973,WKEC,908,A1,"12,642","4,028",768,821,"16,670","1,589","19,107"
20232024,076,MARSHALL,381,Marshall County,085,Jonathan Elementary School,381085,076381085,210381000975,WKEC,908,A1,"13,523","3,309","1,090",636,"16,832","1,726","18,701"
20232024,076,MARSHALL,381,Marshall County,088,Marshall County High School,381088,076381088,210381000976,WKEC,908,A1,"11,158","3,668",496,557,"14,827","1,053","18,836"
20232024,076,MARSHALL,381,Marshall County,090,North Marshall Middle School,381090,076381090,210381000977,WKEC,908,A1,"10,215","2,837",679,518,"13,052","1,197","15,043"
20232024,076,MARSHALL,381,Marshall County,100,Sharpe Elementary School,381100,076381100,210381000978,WKEC,908,A1,"12,065","3,244",872,732,"15,279","1,605","16,922"
20232024,076,MARSHALL,381,Marshall County,105,South Marshall Elementary School,381105,076381105,210381000979,WKEC,908,A1,"14,637","3,420","1,430",643,"18,057","2,073","19,660"
20232024,076,MARSHALL,381,Marshall County,111,South Marshall Middle,381111,076381111,210381002428,WKEC,908,A1,"9,822","2,576",493,277,"12,398",771,"14,018"
20232024,076,MARSHALL,381,Marshall County,904,Marshall County Technical Center,381904,076381904,210381001509,WKEC,908,A2,,,,,,,
20232024,077,MARTIN,385,Martin County,051,Eden Elementary School,385051,077385051,210384001902,KEDC,903,A1,"10,869","5,385","2,525","2,092","16,255","4,597","18,616"
20232024,077,MARTIN,385,Martin County,120,Inez Elementary School,385120,077385120,210384000982,KEDC,903,A1,"13,279","5,460","2,525","2,198","18,739","6,406","21,176"
20232024,077,MARTIN,385,Martin County,250,Martin County High School,385250,077385250,210384000985,KEDC,903,A1,"9,226","5,130","2,656","1,238","14,357","3,894","16,687"
20232024,077,MARTIN,385,Martin County,300,Warfield Elementary School,385300,077385300,210384000988,KEDC,903,A1,"11,243","5,674","2,656","2,123","16,917","4,648","19,250"
20232024,077,MARTIN,385,Martin County,330,Martin County Middle School,385330,077385330,210384002386,KEDC,903,A1,"10,028","7,060","4,533","2,242","17,088","6,775","20,049"
20232024,078,MASON,391,Mason County,011,Mason County Intermediate School,391011,078391011,210387002000,KEDC,903,A1,"16,854","3,624","1,336","1,184","20,483","2,520","27,996"
20232024,078,MASON,391,Mason County,030,Mason County High School,391030,078391030,210387000989,KEDC,903,A1,"16,298","4,962",835,"1,160","21,278","1,995","29,677"
20232024,078,MASON,391,Mason County,050,Mason County Middle School,391050,078391050,210387000991,KEDC,903,A1,"16,665","3,691","1,071","2,067","20,360","3,138","39,474"
20232024,078,MASON,391,Mason County,080,Charles Straub Elementary School,391080,078391080,210387001460,KEDC,903,A1,"17,126","3,548","1,688","1,118","20,680","2,806","28,563"
20232024,078,MASON,391,Mason County,135,Mason County Career Magnet School,391135,078391135,210387002575,KEDC,903,A2,,,,,,,
20232024,042,GRAVES,392,Mayfield Independent,031,Mayfield Elementary School,392031,042392031,210390002001,WKEC,908,A1,"4,626","10,411","2,759",912,"29,118","20,861","29,360"
20232024,042,GRAVES,392,Mayfield Independent,060,Mayfield High School,392060,042392060,210390000995,WKEC,908,A1,"4,797","8,870","27,096",730,"26,593","18,573","27,096"
20232024,042,GRAVES,392,Mayfield Independent,065,Mayfield Middle School,392065,042392065,210390000996,WKEC,908,A1,"4,329","9,229","2,657",720,"26,226","18,857","26,476"
20232024,079,MCCRACKEN,395,McCracken County,010,Concord Elementary School,395010,079395010,210396001001,WKEC,908,A1,"10,230","1,516",598,714,"11,757","1,302","15,144"
20232024,079,MCCRACKEN,395,McCracken County,012,McCracken Open Campus School,395012,079395012,210396001801,WKEC,908,A5,,,,,,,
20232024,079,MCCRACKEN,395,McCracken County,013,McCracken Regional School,395013,079395013,210396001862,WKEC,908,A6,,,,,,,
20232024,079,MCCRACKEN,395,McCracken County,015,McCracken County High School,395015,079395015,210396002332,WKEC,908,A1,"9,238","2,613",516,726,"11,851","1,242","15,044"
20232024,079,MCCRACKEN,395,McCracken County,030,Reidland Intermediate School,395030,079395030,210396002419,WKEC,908,A1,"10,247","1,966","1,276",687,"12,151","2,025","16,170"
20232024,079,MCCRACKEN,395,McCracken County,055,Heath Middle School,395055,079395055,210396001006,WKEC,908,A1,"10,119","2,280",976,654,"12,372","1,657","16,722"
20232024,079,MCCRACKEN,395,McCracken County,065,Hendron Lone Oak Elementary School,395065,079395065,210396001431,WKEC,908,A1,"11,315","1,521","1,028",816,"12,819","1,862","16,620"
20232024,079,MCCRACKEN,395,McCracken County,075,Lone Oak Intermediate School,395075,079395075,210396002374,WKEC,908,A1,"10,283","1,663",642,699,"11,919","1,367","28,701"
20232024,079,MCCRACKEN,395,McCracken County,080,Lone Oak Elementary School,395080,079395080,210396001009,WKEC,908,A1,"10,975","1,658",956,811,"12,650","1,751","16,341"
20232024,079,MCCRACKEN,395,McCracken County,085,Lone Oak Middle School,395085,079395085,210396001010,WKEC,908,A1,"9,902","1,771",998,653,"11,689","1,636","15,312"
20232024,079,MCCRACKEN,395,McCracken County,100,Reidland Elementary School,395100,079395100,210396001011,WKEC,908,A1,"10,682","1,550",923,909,"12,232","1,832","16,088"
20232024,079,MCCRACKEN,395,McCracken County,115,Reidland Middle School,395115,079395115,210396001013,WKEC,908,A1,"10,821","2,297","1,172",699,"13,167","1,823","17,194"
20232024,079,MCCRACKEN,395,McCracken County,120,Heath Elementary School,395120,079395120,210396001461,WKEC,908,A1,"11,346","1,796",858,840,"13,153","1,688","16,993"
20232024,080,MCCREARY,401,McCreary County,005,Pine Knot Primary,401005,080401005,210399002576,SESC,907,A1,"7,865","2,310","2,264",943,"9,391","3,236","16,239"
20232024,080,MCCREARY,401,McCreary County,010,McCreary Central High School,401010,080401010,210399001014,SESC,907,A1,"8,619","2,837","1,430",790,"9,509","2,221","16,167"
20232024,080,MCCREARY,401,McCreary County,014,McCreary County Middle School,401014,080401014,210399002002,SESC,907,A1,"7,180","2,050","2,406",953,"7,283","2,999","14,509"
20232024,080,MCCREARY,401,McCreary County,020,Pine Knot Intermediate,401020,080401020,210399002451,SESC,907,A1,"10,037","2,166","2,727","1,493","10,256","4,220","16,869"
20232024,080,MCCREARY,401,McCreary County,330,Whitley City Elementary School,401330,080401330,210399001021,SESC,907,A1,"9,345","2,492","2,435","1,191","9,890","3,626","16,492"
20232024,081,MCLEAN,405,McLean County,020,Calhoun Elementary School,405020,081405020,210402001023,GRREC,902,A1,"9,955","2,258","1,134",344,"12,213","1,476","15,156"
20232024,081,MCLEAN,405,McLean County,050,Livermore Elementary School,405050,081405050,210402001025,GRREC,902,A1,"11,011","2,702","1,648",439,"13,713","2,087","17,266"
20232024,081,MCLEAN,405,McLean County,065,McLean County High School,405065,081405065,210402001026,GRREC,902,A1,"11,395","2,757",789,201,"14,152",990,"16,608"
20232024,081,MCLEAN,405,McLean County,070,Marie Gatton Phillips Elementary,405070,081405070,210402001027,GRREC,902,A1,"10,270","2,964","1,397",516,"13,234","1,913","16,613"
20232024,081,MCLEAN,405,McLean County,075,McLean County Middle School,405075,081405075,210402001140,GRREC,902,A1,"10,404","2,323",591,186,"12,727",777,"14,970"
20232024,081,MCLEAN,405,McLean County,100,McLean County Alternative Center,405100,081405100,210402002508,GRREC,902,A5,,,,,,,
20232024,082,MEADE,411,Meade County,011,David T. Wilson Elementary,411011,082411011,210405001644,GRREC,902,A1,"7,349","1,757",975,52,"9,406","1,027","12,169"
20232024,082,MEADE,411,Meade County,013,James R. Allen High School,411013,082411013,210405002202,GRREC,902,A5,,,,,,,
20232024,082,MEADE,411,Meade County,015,Stuart Pepper Middle School,411015,082411015,210405001029,GRREC,902,A1,"7,325","1,680",490,32,"9,305",522,"11,456"
20232024,082,MEADE,411,Meade County,030,Flaherty Primary School,411030,082411030,210405002295,GRREC,902,A1,"9,135","1,611",668,234,"11,046",902,"13,497"
20232024,082,MEADE,411,Meade County,040,Ekron Elementary School,411040,082411040,210405001032,GRREC,902,A1,"8,802","1,932","1,294",121,"11,033","1,414","14,148"
20232024,082,MEADE,411,Meade County,050,Flaherty Elementary School,411050,082411050,210405001033,GRREC,902,A1,"8,920","1,989",958,115,"11,209","1,073","14,135"
20232024,082,MEADE,411,Meade County,060,Barry Hahn Primary School,411060,082411060,210405001034,GRREC,902,A1,"8,306","1,633",911,97,"10,238","1,008","12,796"
20232024,082,MEADE,411,Meade County,070,Meade County High School,411070,082411070,210405001035,GRREC,902,A1,"8,359","2,583",466,99,"10,840",565,"13,423"
20232024,082,MEADE,411,Meade County,090,Payneville Elementary School,411090,082411090,210405001037,GRREC,902,A1,"9,949","1,869",931,140,"12,119","1,071","14,857"
20232024,083,MENIFEE,415,Menifee County,005,Frenchburg Success Academy,415005,083415005,210408002496,KEDC,903,A6,,,,,,,
20232024,083,MENIFEE,415,Menifee County,007,Botts Early Learning Center,415007,083415007,210408002548,KEDC,903,A4,,,,,,,
20232024,083,MENIFEE,415,Menifee County,010,Menifee Central School,415010,083415010,210408002531,KEDC,903,A1,"10,686","2,856","2,120",717,"13,542","2,838","26,372"
20232024,083,MENIFEE,415,Menifee County,090,Menifee County High School,415090,083415090,210408001040,KEDC,903,A1,"11,427","4,414","1,575","1,102","15,841","2,677","25,710"
20232024,084,MERCER,421,Mercer County,015,Mercer County Senior High School,421015,084421015,210411002168,CKEC,901,A1,"9,687","3,156",762,565,"12,843","1,326","14,169"
20232024,084,MERCER,421,Mercer County,027,Mercer County Day Treatment,421027,084421027,210411001491,CKEC,901,A6,,,,,,,
20232024,084,MERCER,421,Mercer County,035,Kenneth D. King Middle School,421035,084421035,210411000482,CKEC,901,A1,"10,361","2,063",784,716,"12,424","1,500","13,924"
20232024,084,MERCER,421,Mercer County,040,Mercer Central,421040,084421040,210411002285,CKEC,901,A5,,,,,,,
20232024,084,MERCER,421,Mercer County,050,Mercer County Intermediate School,421050,084421050,210411002273,CKEC,901,A1,"9,044","2,263",959,711,"11,307","1,670","12,977"
20232024,084,MERCER,421,Mercer County,070,Mercer County Elementary School,421070,084421070,210411001042,CKEC,901,A1,"9,133","1,866","1,055",758,"10,999","1,813","12,812"
20232024,085,METCALFE,425,Metcalfe County,010,Metcalfe County Middle School,425010,085425010,210414000729,GRREC,902,A1,"7,898","2,864","2,249","1,378","10,762","3,627","17,382"
20232024,085,METCALFE,425,Metcalfe County,050,Metcalfe County High School,425050,085425050,210414001044,GRREC,902,A1,"9,674","4,181","2,243","1,359","13,855","3,602","20,450"
20232024,085,METCALFE,425,Metcalfe County,060,Metcalfe County Elementary School,425060,085425060,210414002383,GRREC,902,A1,"7,727","2,571","2,433","1,143","10,298","3,576","16,868"
20232024,007,BELL,426,Middlesboro Independent,023,Middlesboro Alternative School,426023,007426023,210417001680,SESC,907,A5,,,,,,,
20232024,007,BELL,426,Middlesboro Independent,030,Middlesboro Elementary School,426030,007426030,210417001048,SESC,907,A1,"8,536","2,811","4,271","2,182","11,407","6,453","20,563"
20232024,007,BELL,426,Middlesboro Independent,035,Middlesboro Group Home School,426035,007426035,210417002521,SESC,907,A6,,,,,,,
20232024,007,BELL,426,Middlesboro Independent,040,Middlesboro Middle School,426040,007426040,210417001049,SESC,907,A1,"9,057","2,604","4,841","1,928","11,707","6,773","21,704"
20232024,007,BELL,426,Middlesboro Independent,080,Middlesboro High School,426080,007426080,210417001050,SESC,907,A1,"10,878","3,311","4,176","2,096","14,202","6,275","22,965"
20232024,086,MONROE,431,Monroe County,150,Gamaliel Elementary,431150,086431150,210420001052,GRREC,902,A1,"13,521","4,319","3,126",810,"17,840","3,936","20,924"
20232024,086,MONROE,431,Monroe County,160,Monroe Co Middle,431160,086431160,210420001053,GRREC,902,A1,"11,893","3,885","1,842",837,"15,778","2,679","18,883"
20232024,086,MONROE,431,Monroe County,212,Joe Harrison Carter,431212,086431212,210420001054,GRREC,902,A1,"11,907","4,368","2,402",886,"16,275","3,288","19,401"
20232024,086,MONROE,431,Monroe County,440,Tompkinsville Elem,431440,086431440,210420001055,GRREC,902,A1,"14,585","4,564","3,568",835,"19,149","4,403","23,552"
20232024,086,MONROE,431,Monroe County,450,Monroe Co High,431450,086431450,210420001056,GRREC,902,A1,"13,112","4,345","1,400","1,001","17,457","2,401","20,538"
20232024,087,MONTGOMERY,435,Montgomery County,010,Camargo Elementary School,435010,087435010,210425001057,CKEC,901,A1,"8,866","2,190","1,620",883,"11,080","2,503","25,355"
20232024,087,MONTGOMERY,435,Montgomery County,014,Gateway Children's Services,435014,087435014,210425001868,CKEC,901,A6,,,,,,,
20232024,087,MONTGOMERY,435,Montgomery County,025,Northview Elementary,435025,087435025,210425002472,CKEC,901,A1,"9,104","2,350","1,877",996,"11,517","2,874","15,695"
20232024,087,MONTGOMERY,435,Montgomery County,030,Mapleton Elementary School,435030,087435030,210425001058,CKEC,901,A1,"9,712","2,781","1,907",902,"12,497","2,809","16,457"
20232024,087,MONTGOMERY,435,Montgomery County,040,Montgomery County High School,435040,087435040,210425001059,CKEC,901,A1,"7,408","3,039",961,822,"10,464","1,783","13,893"
20232024,087,MONTGOMERY,435,Montgomery County,050,Mount Sterling Elementary School,435050,087435050,210425001060,CKEC,901,A1,"8,966","2,624","1,812",949,"11,651","2,762","17,494"
20232024,087,MONTGOMERY,435,Montgomery County,070,McNabb Middle School,435070,087435070,210425001538,CKEC,901,A1,"7,678","2,364","1,089",813,"10,082","1,902","13,238"
20232024,087,MONTGOMERY,435,Montgomery County,080,The Sterling School,435080,087435080,210425002317,CKEC,901,A5,,,,,,,
20232024,088,MORGAN,441,Morgan County,015,Morgan Central Elementary School,441015,088441015,210429002194,KEDC,903,A1,"8,645","1,689","2,220",284,"10,334","2,504","17,142"
20232024,088,MORGAN,441,Morgan County,018,Wrigley Elementary School,441018,088441018,210429002214,KEDC,903,A1,"8,423","1,613","1,957",286,"10,035","2,243","16,281"
20232024,088,MORGAN,441,Morgan County,020,Morgan County RISE Academy,441020,088441020,210429002578,KEDC,903,A5,,,,,,,
20232024,088,MORGAN,441,Morgan County,050,East Valley Elementary School,441050,088441050,210429001549,KEDC,903,A1,"12,019","1,759","3,291",452,"13,778","3,743","22,449"
20232024,088,MORGAN,441,Morgan County,090,Ezel Elementary School,441090,088441090,210429001066,KEDC,903,A1,"9,552","1,794","3,190",444,"11,346","3,634","22,344"
20232024,088,MORGAN,441,Morgan County,140,Morgan County Middle School,441140,088441140,210429001067,KEDC,903,A1,"8,275","1,399","2,080",210,"9,674","2,290","16,553"
20232024,088,MORGAN,441,Morgan County,150,Morgan County High School,441150,088441150,210429001068,KEDC,903,A1,"8,193","1,953","1,360",240,"10,146","1,600","25,544"
20232024,088,MORGAN,441,Morgan County,230,Woodsbend Youth Development Center,441230,088441230,210429001070,KEDC,903,A6,,,,,,,
20232024,089,MUHLENBERG,445,Muhlenberg County,010,Bremen Elementary School,445010,089445010,210008101072,WKEC,908,A1,"13,747","2,813",415,231,"16,559",646,"15,817"
20232024,089,MUHLENBERG,445,Muhlenberg County,012,Muhlenberg South Elementary,445012,089445012,210008101967,WKEC,908,A1,"11,524","2,652","1,342",217,"14,176","1,559","13,440"
20232024,089,MUHLENBERG,445,Muhlenberg County,030,Central City Elementary,445030,089445030,210008101514,WKEC,908,A1,"12,074","3,270","2,123",529,"15,344","2,652","14,632"
20232024,089,MUHLENBERG,445,Muhlenberg County,035,The Renaissance Center,445035,089445035,210008101515,WKEC,908,A5,,,,,,,
20232024,089,MUHLENBERG,445,Muhlenberg County,040,Greenville Elementary School,445040,089445040,210008101516,WKEC,908,A1,"11,005","2,999","1,135",546,"14,004","1,681","13,256"
20232024,089,MUHLENBERG,445,Muhlenberg County,045,Muhlenberg South Middle School,445045,089445045,210008101517,WKEC,908,A1,"10,516","3,572",584,166,"14,089",750,"13,275"
20232024,089,MUHLENBERG,445,Muhlenberg County,115,Longest Elementary,445115,089445115,210008101080,WKEC,908,A1,"11,315","2,894","1,445",200,"14,208","1,645","13,474"
20232024,089,MUHLENBERG,445,Muhlenberg County,150,Muhlenberg North Middle,445150,089445150,210008101081,WKEC,908,A1,"10,691","3,676",518,166,"14,367",684,"13,178"
20232024,089,MUHLENBERG,445,Muhlenberg County,175,Muhlenberg County High School,445175,089445175,210008102258,WKEC,908,A1,"11,213","3,664",659,231,"14,878",889,"13,318"
20232024,089,MUHLENBERG,445,Muhlenberg County,902,Muhlenberg County Career & Tech Center,445902,089445902,210008102139,WKEC,908,A2,,,,,,,
20232024,018,CALLOWAY,446,Murray Independent,020,Murray Elementary School,446020,018446020,210438001084,WKEC,908,A1,"19,205","3,050","1,581",529,"22,254","2,110","28,109"
20232024,018,CALLOWAY,446,Murray Independent,030,Murray Middle School,446030,018446030,210438001085,WKEC,908,A1,"18,244","3,356","1,427",498,"21,600","1,925","29,939"
20232024,018,CALLOWAY,446,Murray Independent,050,Murray High School,446050,018446050,210438001086,WKEC,908,A1,"19,896","4,214",923,531,"24,111","1,454","31,516"
20232024,018,CALLOWAY,446,Murray Independent,075,Murray Preschool Head Start,446075,018446075,210438000933,WKEC,908,A4,,,,,,,
20232024,090,NELSON,451,Nelson County,010,Bloomfield Middle School,451010,090451010,210441001087,CKEC,901,A1,"9,782","2,690","1,139",260,"12,473","1,400","15,661"
20232024,090,NELSON,451,Nelson County,011,The New Haven School,451011,090451011,210441001937,CKEC,901,A1,"10,396","2,679","2,203",985,"13,076","3,189","19,269"
20232024,090,NELSON,451,Nelson County,013,Bloomfield Elementary School,451013,090451013,210441002006,CKEC,901,A1,"12,083","3,072","2,453",510,"15,159","2,962","19,910"
20232024,090,NELSON,451,Nelson County,015,Heartland Youth Village,451015,090451015,210441002579,CKEC,901,A6,,,,,,,
20232024,090,NELSON,451,Nelson County,019,The Academy at Horizons,451019,090451019,210441002212,CKEC,901,A5,,,,,,,
20232024,090,NELSON,451,Nelson County,030,Boston School,451030,090451030,210441001089,CKEC,901,A1,"9,605","2,501","1,997",291,"12,106","2,289","16,452"
20232024,090,NELSON,451,Nelson County,050,Coxs Creek Elementary School,451050,090451050,210441001091,CKEC,901,A1,"9,378","2,476","1,817",303,"11,861","2,120","15,770"
20232024,090,NELSON,451,Nelson County,070,Foster Heights Elementary School,451070,090451070,210441001093,CKEC,901,A1,"8,941","2,242","2,631",892,"11,183","3,523","16,681"
20232024,090,NELSON,451,Nelson County,071,Nelson County Early Learning Center,451071,090451071,210441002261,CKEC,901,A4,,,,,,,
20232024,090,NELSON,451,Nelson County,090,Old Kentucky Home Middle School,451090,090451090,210441001095,CKEC,901,A1,"9,176","2,989","1,038",252,"12,165","1,290","15,243"
20232024,090,NELSON,451,Nelson County,100,Nelson County High School,451100,090451100,210441001096,CKEC,901,A1,"9,430","3,324","1,059",323,"12,754","1,383","15,983"
20232024,090,NELSON,451,Nelson County,101,Thomas Nelson High School,451101,090451101,210441002324,CKEC,901,A1,"9,521","3,322","1,174",240,"12,849","1,415","16,340"
20232024,090,NELSON,451,Nelson County,143,THE UP CENTER,451143,090451143,210441002549,CKEC,901,A2,,,,,,,
20232024,019,CAMPBELL,452,Newport Independent,018,Newport Regional School,452018,019452018,210444002401,NKCES,905,A6,,,,,,,
20232024,019,CAMPBELL,452,Newport Independent,020,Newport Primary School,452020,019452020,210444001099,NKCES,905,A1,"14,326","4,801","3,469",723,"18,420","4,192","27,339"
20232024,019,CAMPBELL,452,Newport Independent,030,Newport School of Innovation,452030,019452030,210444002493,NKCES,905,A5,,,,,,,
20232024,019,CAMPBELL,452,Newport Independent,040,Newport Intermediate School,452040,019452040,210444001100,NKCES,905,A1,"13,473","4,592","3,152",731,"17,364","3,883","25,936"
20232024,019,CAMPBELL,452,Newport Independent,070,Newport High School,452070,019452070,210444001103,NKCES,905,A1,"14,410","4,779","2,897",707,"18,818","3,604","26,801"
20232024,091,NICHOLAS,455,Nicholas County,020,Nicholas County Elementary School,455020,091455020,210447001106,CKEC,901,A1,"15,236","1,821","3,558",661,"22,920","4,219","26,660"
20232024,091,NICHOLAS,455,Nicholas County,030,Nicholas County High School,455030,091455030,210447001107,CKEC,901,A1,"15,610","2,262","3,212",747,"24,220","3,959","33,933"
20232024,092,OHIO,461,Ohio County,010,Beaver Dam Elementary School,461010,092461010,210450001108,GRREC,902,A1,"9,162","1,865",832,261,"11,047","1,094","13,251"
20232024,092,OHIO,461,Ohio County,011,Ohio County Day Treatment,461011,092461011,210450002361,GRREC,902,A6,,,,,,,
20232024,092,OHIO,461,Ohio County,012,Ohio County Alternative Learning Program,461012,092461012,210450002353,GRREC,902,A5,,,,,,,
20232024,092,OHIO,461,Ohio County,090,Fordsville Elementary School,461090,092461090,210450001112,GRREC,902,A1,"10,930","2,463","1,580",246,"13,403","1,827","16,575"
20232024,092,OHIO,461,Ohio County,110,Ohio County Middle School,461110,092461110,210450001114,GRREC,902,A1,"7,578","1,873","1,091",185,"9,464","1,278","11,865"
20232024,092,OHIO,461,Ohio County,140,Horse Branch Elementary School,461140,092461140,210450001115,GRREC,902,A1,"11,223","2,850","1,432",397,"14,073","1,831","17,356"
20232024,092,OHIO,461,Ohio County,155,Ohio County High School,461155,092461155,210450001116,GRREC,902,A1,"7,375","2,508","1,181",246,"9,987","1,429","14,413"
20232024,092,OHIO,461,Ohio County,170,Southern Elementary School,461170,092461170,210450001118,GRREC,902,A1,"9,910","3,216",776,252,"13,126","1,030","15,375"
20232024,092,OHIO,461,Ohio County,190,Wayland Alexander Elementary School,461190,092461190,210450001119,GRREC,902,A1,"9,003","2,142","1,080",292,"11,147","1,373","13,620"
20232024,092,OHIO,461,Ohio County,200,Western Elementary School,461200,092461200,210450001120,GRREC,902,A1,"10,080","2,309","1,976",294,"12,393","2,275","15,963"
20232024,093,OLDHAM,465,Oldham County,005,Camden Station Elementary School,465005,093465005,210453001597,OVEC,906,A1,"10,396","1,974",493,70,"12,568",563,"15,572"
20232024,093,OLDHAM,465,Oldham County,007,Buckner Elementary School,465007,093465007,210453001817,OVEC,906,A1,"10,184","2,014",592,80,"12,396",672,"15,536"
20232024,093,OLDHAM,465,Oldham County,010,Centerfield Elementary School,465010,093465010,210453001121,OVEC,906,A1,"11,134","2,073",699,94,"13,405",793,"16,320"
20232024,093,OLDHAM,465,Oldham County,012,North Oldham High School,465012,093465012,210453001953,OVEC,906,A1,"9,572","2,559",179,51,"12,328",230,"18,791"
20232024,093,OLDHAM,465,Oldham County,013,Kenwood Station Elementary School,465013,093465013,210453002007,OVEC,906,A1,"10,227","2,149",499,83,"12,573",582,"16,207"
20232024,093,OLDHAM,465,Oldham County,014,Harmony Elementary School,465014,093465014,210453002008,OVEC,906,A1,"10,111","2,153",432,82,"12,462",514,"15,228"
20232024,093,OLDHAM,465,Oldham County,015,East Oldham Middle School,465015,093465015,210453002009,OVEC,906,A1,"9,655","2,263",179,81,"12,115",260,"14,759"
20232024,093,OLDHAM,465,Oldham County,020,Crestwood Elementary School,465020,093465020,210453001122,OVEC,906,A1,"9,870","2,046",703,88,"12,114",791,"15,125"
20232024,093,OLDHAM,465,Oldham County,025,Goshen At Hillcrest Elementary School,465025,093465025,210453001432,OVEC,906,A1,"10,242","1,930",720,93,"12,369",813,"15,189"
20232024,093,OLDHAM,465,Oldham County,028,Locust Grove Elementary School,465028,093465028,210453002196,OVEC,906,A1,"9,648","1,789",608,88,"11,634",695,"14,444"
20232024,093,OLDHAM,465,Oldham County,030,LaGrange Elementary School,465030,093465030,210453001123,OVEC,906,A1,"12,902","2,488",961,78,"15,588","1,040","18,540"
20232024,093,OLDHAM,465,Oldham County,060,Oldham County High School,465060,093465060,210453001125,OVEC,906,A1,"8,225","2,119",221,51,"10,541",272,"18,818"
20232024,093,OLDHAM,465,Oldham County,070,Oldham County Middle School,465070,093465070,210453001126,OVEC,906,A1,"9,564","2,293",561,67,"12,055",628,"16,124"
20232024,093,OLDHAM,465,Oldham County,080,Buckner Alternative High School,465080,093465080,210453000735,OVEC,906,A5,"29,158","1,341",179,51,"30,697",230,"35,783"
20232024,093,OLDHAM,465,Oldham County,090,South Oldham Middle School,465090,093465090,210453001433,OVEC,906,A1,"9,266","1,918",239,74,"11,382",313,"15,623"
20232024,093,OLDHAM,465,Oldham County,095,South Oldham High School,465095,093465095,210453001620,OVEC,906,A1,"9,218","2,359",232,51,"11,775",283,"20,432"
20232024,093,OLDHAM,465,Oldham County,100,Oldham County Preschool,465100,093465100,210453000736,OVEC,906,A4,"9,290","1,458","1,006",51,"10,945","1,057","25,305"
20232024,093,OLDHAM,465,Oldham County,105,Creative and Performing Arts,465105,093465105,210453002503,OVEC,906,A2,,,,,,,
20232024,093,OLDHAM,465,Oldham County,350,North Oldham Middle School,465350,093465350,210453001552,OVEC,906,A1,"9,242","2,088",270,82,"11,528",352,"14,167"
20232024,093,OLDHAM,465,Oldham County,905,The Robert L. Arvin Education Center,465905,093465905,210453001818,OVEC,906,A2,,,,,,,
20232024,094,OWEN,471,Owen County,075,Owen County Elementary/Primary School,471075,094471075,210456001127,OVEC,906,A1,"10,635","3,199",584,636,"13,833","1,221","12,185"
20232024,094,OWEN,471,Owen County,078,Maurice Bowling Middle School,471078,094471078,210456001539,OVEC,906,A1,"10,655","3,482",689,805,"14,136","1,494","12,312"
20232024,094,OWEN,471,Owen County,080,Owen County High School,471080,094471080,210456001128,OVEC,906,A1,"9,803","4,467",516,916,"14,270","1,431","8,776"
20232024,030,DAVIESS,472,Owensboro Independent,010,Cravens Elementary School,472010,030472010,210459001129,GRREC,902,A1,"11,665","1,525","1,287",457,"13,190","1,744","16,834"
20232024,030,DAVIESS,472,Owensboro Independent,015,Emerson Academy,472015,030472015,210459002011,GRREC,902,A5,,,,,,,
20232024,030,DAVIESS,472,Owensboro Independent,030,Estes Elementary School,472030,030472030,210459001130,GRREC,902,A1,"11,402","2,785","1,678",364,"14,187","2,042","18,026"
20232024,030,DAVIESS,472,Owensboro Independent,060,Foust Elementary School,472060,030472060,210459001132,GRREC,902,A1,"12,122","2,201","1,587",588,"14,322","2,176","18,562"
20232024,030,DAVIESS,472,Owensboro Independent,100,Newton Parrish Elementary School,472100,030472100,210459001135,GRREC,902,A1,"10,558","2,099","1,186",508,"12,657","1,694","16,358"
20232024,030,DAVIESS,472,Owensboro Independent,102,Owensboro Innovation Middle School,472102,030472102,210459002304,GRREC,902,A1,"10,470","2,402","1,067",374,"12,872","1,441","16,407"
20232024,030,DAVIESS,472,Owensboro Independent,108,Owensboro Middle School,472108,030472108,210459002305,GRREC,902,A1,"11,893","2,328","1,488",411,"14,220","1,899","18,114"
20232024,030,DAVIESS,472,Owensboro Independent,110,Owensboro High School,472110,030472110,210459001136,GRREC,902,A1,"11,319","3,447","1,052",298,"14,766","1,350","18,031"
20232024,030,DAVIESS,472,Owensboro Independent,116,Owensboro Innovation Academy,472116,030472116,210459002411,GRREC,902,A2,,,,,,,
20232024,030,DAVIESS,472,Owensboro Independent,140,Sutton Elementary School,472140,030472140,210459001139,GRREC,902,A1,"10,711","1,839",951,513,"12,550","1,464","16,045"
20232024,030,DAVIESS,472,Owensboro Independent,180,Hager Preschool,472180,030472180,210459001685,GRREC,902,A4,,,,,,,
20232024,095,OWSLEY,475,Owsley County,020,Owsley County Elementary School,475020,095475020,210462001142,KVEC,904,A1,"13,144","3,511","2,684","2,005","14,955","4,689","21,940"
20232024,095,OWSLEY,475,Owsley County,080,Owsley County High School,475080,095475080,210462001143,KVEC,904,A1,"12,177","4,788","2,203","2,247","15,745","4,449","23,324"
20232024,079,MCCRACKEN,476,Paducah Independent,010,Paducah Middle School,476010,079476010,210465001144,WKEC,908,A1,"10,684","3,736","1,503",905,"14,420","2,408","16,828"
20232024,079,MCCRACKEN,476,Paducah Independent,015,Paducah Head Start Preschool,476015,079476015,210465001571,WKEC,908,A4,,,,,,,
20232024,079,MCCRACKEN,476,Paducah Independent,016,Choices Educational Center,476016,079476016,210465002364,WKEC,908,A5,,,,,,,
20232024,079,MCCRACKEN,476,Paducah Independent,020,Clark Elementary School,476020,079476020,210465001146,WKEC,908,A1,"10,503","2,914","1,626",823,"13,417","2,450","15,867"
20232024,079,MCCRACKEN,476,Paducah Independent,080,McNabb Elementary School,476080,079476080,210465001150,WKEC,908,A1,"10,834","3,097","2,429",961,"13,931","3,390","17,321"
20232024,079,MCCRACKEN,476,Paducah Independent,150,Morgan Elementary School,476150,079476150,210465001152,WKEC,908,A1,"12,313","3,036","2,899",832,"15,349","3,730","19,080"
20232024,079,MCCRACKEN,476,Paducah Independent,170,Paducah Tilghman High School,476170,079476170,210465001154,WKEC,908,A1,"16,086","5,450","2,484","1,452","21,536","3,937","25,473"
20232024,058,JOHNSON,477,Paintsville Independent,010,Paintsville Elementary School,477010,058477010,210468001155,KEDC,903,A1,"11,083","1,067","1,083",561,"12,044","1,644","19,908"
20232024,058,JOHNSON,477,Paintsville Independent,020,Paintsville High School,477020,058477020,210468001156,KEDC,903,A1,"12,323","2,075","1,120",598,"14,418","1,713","22,443"
20232024,009,BOURBON,478,Paris Independent,010,Paris Elementary School,478010,009478010,210471001157,CKEC,901,A1,"9,239","2,410","1,958",425,"11,648","2,383","15,870"
20232024,009,BOURBON,478,Paris Independent,020,Paris High School,478020,009478020,210471001158,CKEC,901,A1,"10,926","4,701",797,482,"15,629","1,279","24,178"
20232024,009,BOURBON,478,Paris Independent,030,Paris Middle School,478030,009478030,210471001159,CKEC,901,A1,"10,441","1,899","1,568",457,"12,340","2,025","16,153"
20232024,009,BOURBON,478,Paris Independent,040,Paris Preschool Center,478040,009478040,210471002226,CKEC,901,A4,,,,,,,
20232024,096,PENDLETON,481,Pendleton County,060,Northern Elementary School,481060,096481060,210474001160,NKCES,905,A1,"10,402","2,322",563,837,"12,724","1,400","19,497"
20232024,096,PENDLETON,481,Pendleton County,061,Phillip Sharp Middle School,481061,096481061,210474001646,NKCES,905,A1,"9,366","2,479",605,827,"11,845","1,432","18,874"
20232024,096,PENDLETON,481,Pendleton County,070,Pendleton County High School,481070,096481070,210474001161,NKCES,905,A1,"9,045","3,023",712,661,"12,070","1,373","19,010"
20232024,096,PENDLETON,481,Pendleton County,080,Southern Elementary School,481080,096481080,210474001163,NKCES,905,A1,"10,183","2,155",668,822,"12,338","1,491","19,189"
20232024,097,PERRY,485,Perry County,130,Buckhorn School,485130,097485130,210477001166,KVEC,904,A1,"11,181","3,997","2,615","1,881","15,178","4,496","22,138"
20232024,097,PERRY,485,Perry County,140,Learning Academy,485140,097485140,210477002398,KVEC,904,A5,,,,,,,
20232024,097,PERRY,485,Perry County,190,Perry County Alternative School,485190,097485190,210477002387,KVEC,904,A5,,,,,,,
20232024,097,PERRY,485,Perry County,200,East Perry County Elementary School,485200,097485200,210477002354,KVEC,904,A1,"12,006","3,434","1,966","1,154","15,440","3,120","20,882"
20232024,097,PERRY,485,Perry County,250,Perry County Central High School,485250,097485250,210477000755,KVEC,904,A1,"11,237","4,398","1,556","1,520","15,635","3,076","21,005"
20232024,097,PERRY,485,Perry County,635,Robert W Combs Elementary School,485635,097485635,210477001174,KVEC,904,A1,"12,370","3,162","2,344","1,346","15,532","3,690","21,622"
20232024,097,PERRY,485,Perry County,640,Robinson Elementary School,485640,097485640,210477001175,KVEC,904,A1,"12,177","3,523","1,953","1,345","15,700","3,298","21,518"
20232024,097,PERRY,485,Perry County,890,Viper Elementary School,485890,097485890,210477001177,KVEC,904,A1,"12,948","3,868","2,137","1,561","16,816","3,698","22,936"
20232024,097,PERRY,485,Perry County,898,West Perry Elementary School,485898,097485898,210477002453,KVEC,904,A1,"9,988","3,195","2,057","1,523","13,183","3,580","19,079"
20232024,098,PIKE,491,Pike County,010,Northpoint Academy,491010,098491010,210480002256,KVEC,904,A5,,,,,,,
20232024,098,PIKE,491,Pike County,015,Pike County Day Treatment,491015,098491015,210480002444,KVEC,904,A6,,,,,,,
20232024,098,PIKE,491,Pike County,020,Pike County Virtual Academy,491020,098491020,210480002532,KVEC,904,A8,,,,,,,
20232024,098,PIKE,491,Pike County,051,Belfry Elementary,491051,098491051,210480001647,KVEC,904,A1,"9,922","2,813","1,768",934,"12,735","2,702","15,708"
20232024,098,PIKE,491,Pike County,054,East Ridge High School,491054,098491054,210480001948,KVEC,904,A1,"9,892","3,548","1,788",913,"13,440","2,701","16,433"
20232024,098,PIKE,491,Pike County,057,Feds Creek Elementary School,491057,098491057,210480002012,KVEC,904,A1,"15,041","3,541","2,176","1,172","18,582","3,349","22,465"
20232024,098,PIKE,491,Pike County,058,Belfry Middle School,491058,098491058,210480002013,KVEC,904,A1,"10,484","3,495",738,844,"13,979","1,582","15,894"
20232024,098,PIKE,491,Pike County,059,Millard School,491059,098491059,210480002240,KVEC,904,A1,"10,964","3,224","1,920",971,"14,188","2,890","17,346"
20232024,098,PIKE,491,Pike County,060,Valley Elementary School,491060,098491060,210480002296,KVEC,904,A1,"9,043","2,976","1,804",920,"12,019","2,723","14,971"
20232024,098,PIKE,491,Pike County,090,Belfry High School,491090,098491090,210480001179,KVEC,904,A1,"10,232","4,092","1,301",861,"14,324","2,162","16,769"
20232024,098,PIKE,491,Pike County,130,Bevins Elementary School,491130,098491130,210480001180,KVEC,904,A1,"12,855","3,360","1,626",996,"16,216","2,622","19,283"
20232024,098,PIKE,491,Pike County,190,Pike County Central High School,491190,098491190,210480000505,KVEC,904,A1,"8,941","4,076","1,624","1,012","13,017","2,636","15,910"
20232024,098,PIKE,491,Pike County,250,Dorton Elementary School,491250,098491250,210480001183,KVEC,904,A1,"11,234","3,626","1,667",914,"14,861","2,581","17,833"
20232024,098,PIKE,491,Pike County,300,Elkhorn City Elementary School,491300,098491300,210480001185,KVEC,904,A1,"11,275","3,325","1,957",952,"14,599","2,909","17,819"
20232024,098,PIKE,491,Pike County,620,Johns Creek Elementary School,491620,098491620,210480001195,KVEC,904,A1,"11,331","3,227","2,147",929,"14,558","3,076","17,904"
20232024,098,PIKE,491,Pike County,650,Kimper Elementary School,491650,098491650,210480001197,KVEC,904,A1,"16,376","3,518","2,463",938,"19,894","3,401","24,021"
20232024,098,PIKE,491,Pike County,950,Mullins Elementary School,491950,098491950,210480001202,KVEC,904,A1,"8,270","2,800","1,706",866,"11,070","2,572","13,875"
20232024,098,PIKE,491,Pike County,952,Phelps Elementary School,491952,098491952,210480001203,KVEC,904,A1,"14,665","3,327","2,516","1,011","17,992","3,528","21,858"
20232024,098,PIKE,491,Pike County,954,Phelps High School,491954,098491954,210480001204,KVEC,904,A1,"12,144","4,780","1,913",932,"16,924","2,845","20,164"
20232024,098,PIKE,491,Pike County,980,Shelby Valley High School,491980,098491980,210480001686,KVEC,904,A1,"9,311","4,168","1,547",901,"13,479","2,448","16,191"
20232024,098,PIKE,492,Pikeville Independent,020,Pikeville Elementary School,492020,098492020,210483001213,KVEC,904,A1,"19,384","3,418","2,720","1,517","22,802","4,237","27,040"
20232024,098,PIKE,492,Pikeville Independent,030,Pikeville High School,492030,098492030,210483001214,KVEC,904,A1,"20,626","3,483","2,665","1,707","24,109","4,372","28,481"
20232024,007,BELL,493,Pineville Independent,030,Pineville Independent School,493030,007493030,210486002393,SESC,907,A1,"9,415","3,635","2,774","2,593","13,051","5,368","21,278"
20232024,099,POWELL,495,Powell County,010,Bowen Elementary School,495010,099495010,210489001217,CKEC,901,A1,"12,453","2,531",338,406,"13,468","2,260","16,960"
20232024,099,POWELL,495,Powell County,012,Powell County Academy,495012,099495012,210489002360,CKEC,901,A5,,,,,,,
20232024,099,POWELL,495,Powell County,015,Powell County Middle School,495015,099495015,210489001218,CKEC,901,A1,"9,375","2,388",225,383,"10,334","2,036","13,360"
20232024,099,POWELL,495,Powell County,020,Clay City Elementary School,495020,099495020,210489001219,CKEC,901,A1,"10,299","2,253",447,376,"11,124","2,251","14,417"
20232024,099,POWELL,495,Powell County,040,Powell County High School,495040,099495040,210489001220,CKEC,901,A1,"10,123","4,045",529,444,"13,322","1,820","16,154"
20232024,099,POWELL,495,Powell County,060,Stanton Elementary School,495060,099495060,210489001221,CKEC,901,A1,"10,514","2,216",387,319,"11,355","2,081","28,828"
20232024,100,PULASKI,501,Pulaski County,070,Burnside Elementary School,501070,100501070,210495001225,SESC,907,A1,"10,160","2,279","1,327",448,"12,444","1,774","14,219"
20232024,100,PULASKI,501,Pulaski County,071,Eagle Academy,501071,100501071,210495001554,SESC,907,A6,,,,,,,
20232024,100,PULASKI,501,Pulaski County,099,Memorial Education Center,501099,100501099,210495002065,SESC,907,A4,,,,,,,
20232024,100,PULASKI,501,Pulaski County,180,Eubank Elementary School,501180,100501180,210495001227,SESC,907,A1,"9,901","2,362","1,503",591,"12,264","2,094","14,357"
20232024,100,PULASKI,501,Pulaski County,280,Nancy Elementary School,501280,100501280,210495001231,SESC,907,A1,"9,821","2,438","1,129",442,"12,259","1,571","13,830"
20232024,100,PULASKI,501,Pulaski County,380,Pulaski County High School,501380,100501380,210495001233,SESC,907,A1,"9,939","2,601","1,028",505,"12,541","1,533","14,073"
20232024,100,PULASKI,501,Pulaski County,385,Pulaski Elementary School,501385,100501385,210495001234,SESC,907,A1,"9,874","2,038","1,395",613,"11,912","2,009","13,920"
20232024,100,PULASKI,501,Pulaski County,390,Southern Middle School,501390,100501390,210495001572,SESC,907,A1,"8,365","2,019",849,368,"10,383","1,218","11,601"
20232024,100,PULASKI,501,Pulaski County,395,Northern Middle School,501395,100501395,210495001573,SESC,907,A1,"8,817","2,021",661,368,"10,838","1,029","11,868"
20232024,100,PULASKI,501,Pulaski County,400,Southwestern High School,501400,100501400,210495000506,SESC,907,A1,"9,173","2,530","1,140",404,"11,703","1,544","13,247"
20232024,100,PULASKI,501,Pulaski County,420,Oak Hill Elementary School,501420,100501420,210495000779,SESC,907,A1,"9,237","2,289","1,388",494,"11,526","1,882","13,408"
20232024,100,PULASKI,501,Pulaski County,440,Shopville Elementary School,501440,100501440,210495001235,SESC,907,A1,"9,046","2,269","1,010",501,"11,316","1,511","12,827"
20232024,100,PULASKI,501,Pulaski County,560,Northern Elementary School,501560,100501560,210495001238,SESC,907,A1,"11,587","2,314","1,292",466,"13,901","1,758","15,659"
20232024,100,PULASKI,501,Pulaski County,570,Southern Elementary School,501570,100501570,210495001464,SESC,907,A1,"9,299","2,759","1,827",661,"12,058","2,488","14,547"
20232024,045,GREENUP,502,Raceland-Worthington Independent,010,Campbell Elementary School,502010,045502010,210498001239,KEDC,903,A1,"10,540","3,247","1,741",292,"13,772","2,037","20,966"
20232024,045,GREENUP,502,Raceland-Worthington Independent,011,Raceland-Worthington Schools Campus B,502011,045502011,210498002015,KEDC,903,A6,,,,,,,
20232024,045,GREENUP,502,Raceland-Worthington Independent,020,Raceland-Worthington High School,502020,045502020,210498001240,KEDC,903,A1,"10,967","5,022",403,103,"15,974",507,"21,638"
20232024,045,GREENUP,502,Raceland-Worthington Independent,030,Raceland-Worthington Middle School,502030,045502030,210498001241,KEDC,903,A1,"7,604","2,768",428,0,"10,357",381,"15,894"
20232024,045,GREENUP,502,Raceland-Worthington Independent,160,Raceland-Worthington Schools Campus A,502160,045502160,210498001465,KEDC,903,A6,,,,,,,
20232024,101,ROBERTSON,505,Robertson County,010,Robertson County School,505010,101505010,210504001246,KEDC,903,A1,"10,793","4,164","1,101",350,"14,957","1,451","20,946"
20232024,102,ROCKCASTLE,511,Rockcastle County,020,Brodhead Elementary School,511020,102511020,210507001249,SESC,907,A1,"8,338","1,714","1,239",868,"10,052","12,159","12,159"
20232024,102,ROCKCASTLE,511,Rockcastle County,022,Rockcastle Academy for Academic Achievement,511022,102511022,210507001906,SESC,907,A5,,,,,,,
20232024,102,ROCKCASTLE,511,Rockcastle County,100,Rockcastle County Middle School,511100,102511100,210507000782,SESC,907,A1,"9,289","2,198",790,758,"11,487","1,548","13,035"
20232024,102,ROCKCASTLE,511,Rockcastle County,170,Mt. Vernon Elementary,511170,102511170,210507001251,SESC,907,A1,"10,027","1,590","1,242",879,"11,617","2,121","13,738"
20232024,102,ROCKCASTLE,511,Rockcastle County,310,Rockcastle County High School,511310,102511310,210507001252,SESC,907,A1,"8,544","2,539","1,348",914,"11,083","2,262","13,345"
20232024,102,ROCKCASTLE,511,Rockcastle County,320,Roundstone Elementary School,511320,102511320,210507001253,SESC,907,A1,"12,173","1,819","1,294",929,"13,992","2,224","16,216"
20232024,103,ROWAN,515,Rowan County,031,Edgewater Recovery Center,515031,103515031,21510002342,KEDC,903,A5,,,,,,,
20232024,103,ROWAN,515,Rowan County,040,Clearfield Elementary School,515040,103515040,210510001254,KEDC,903,A1,"9,119","11,387","1,560",635,"20,506","2,196","22,702"
20232024,103,ROWAN,515,Rowan County,043,McBrayer Elementary School,515043,103515043,210510002016,KEDC,903,A1,"7,698","9,653","1,145",486,"17,351","1,631","18,982"
20232024,103,ROWAN,515,Rowan County,044,Rowan County Preschool Center,515044,103515044,210510002033,KEDC,903,A4,,,,,,,
20232024,103,ROWAN,515,Rowan County,130,Morehead Youth Development Center,515130,103515130,210510001258,KEDC,903,A6,,,,,,,
20232024,103,ROWAN,515,Rowan County,132,Bluegrass Discovery Academy High,515132,103515132,210510002342,KEDC,903,A5,,,,,,,
20232024,103,ROWAN,515,Rowan County,133,Bluegrass Discovery Academy Middle,515133,103515133,210510002336,KEDC,903,A5,,,,,,,
20232024,103,ROWAN,515,Rowan County,180,Rowan County Senior High School,515180,103515180,210510001260,KEDC,903,A1,"7,479","10,205",418,415,"17,684",833,"18,516"
20232024,103,ROWAN,515,Rowan County,200,Tilden Hogge Elementary School,515200,103515200,210510001261,KEDC,903,A1,"10,098","12,403","1,859",499,"22,501","2,358","24,859"
20232024,103,ROWAN,515,Rowan County,210,Rowan County Middle School,515210,103515210,210510001478,KEDC,903,A1,"7,832","10,120",640,420,"17,952","1,060","19,013"
20232024,103,ROWAN,515,Rowan County,250,Rodburn Elementary School,515250,103515250,210510000787,KEDC,903,A1,"10,271","12,454","1,346",575,"22,724","1,921","24,645"
20232024,104,RUSSELL,521,Russell County,140,Jamestown Elementary School,521140,104521140,210516001263,GRREC,902,A1,"8,549","2,071","1,563",716,"10,621","2,279","12,899"
20232024,104,RUSSELL,521,Russell County,230,Russell Springs Elementary School,521230,104521230,210516001264,GRREC,902,A1,"9,331","1,958","1,300",705,"11,289","2,004","13,293"
20232024,104,RUSSELL,521,Russell County,240,Russell County High School,521240,104521240,210516001265,GRREC,902,A1,"9,545","2,958",724,730,"12,503","1,454","13,957"
20232024,104,RUSSELL,521,Russell County,250,Salem Elementary School,521250,104521250,210516001266,GRREC,902,A1,"8,819","2,173","1,501","1,752","10,992","3,253","14,245"
20232024,104,RUSSELL,521,Russell County,260,Russell County Middle School,521260,104521260,210516001599,GRREC,902,A1,"8,900","2,097",862,719,"10,998","1,581","12,579"
20232024,045,GREENUP,522,Russell Independent,011,Russell Primary School,522011,045522011,210513001626,KEDC,903,A1,"10,420","2,287","2,015",633,"12,707","2,648","16,060"
20232024,045,GREENUP,522,Russell Independent,030,Russell-McDowell Intermediate School,522030,045522030,210513001270,KEDC,903,A1,"9,354","2,274","1,364",496,"11,628","1,860","14,468"
20232024,045,GREENUP,522,Russell Independent,050,Russell High School,522050,045522050,210513001272,KEDC,903,A1,"10,853","2,535",740,480,"13,388","1,220","18,835"
20232024,045,GREENUP,522,Russell Independent,060,Russell Middle School,522060,045522060,210513001273,KEDC,903,A1,"9,326","2,187",848,552,"11,513","1,400","14,061"
20232024,045,GREENUP,522,Russell Independent,070,Russell Independent Alternative School,522070,045522070,210513002514,KEDC,903,A5,,,,,,,
20232024,071,LOGAN,523,Russellville Independent,025,R E Stevenson Elementary School,523025,071523025,210519001274,GRREC,902,A1,"8,189","11,018","2,260","1,116","11,018","3,376","18,260"
20232024,071,LOGAN,523,Russellville Independent,030,Russellville High School,523030,071523030,210519001275,GRREC,902,A1,"10,607","6,020","1,485",664,"16,628","2,149","22,926"
20232024,071,LOGAN,523,Russellville Independent,050,Russellville Middle School,523050,071523050,210519002490,GRREC,902,A1,"8,786","2,496","1,634",520,"11,282","2,154","17,036"
20232024,100,PULASKI,524,Science Hill Independent,010,Science Hill Elementary School,524010,100524010,210522001277,SESC,907,A1,"9,489","2,129",552,485,"11,619","1,037","14,565"
20232024,105,SCOTT,525,Scott County,005,Phoenix Horizon Community,525005,105525005,210526002432,CKEC,901,A5,,,,,,,
20232024,105,SCOTT,525,Scott County,010,Eastern Elementary School,525010,105525010,210526001278,CKEC,901,A1,"9,330","1,702",519,276,"11,826",795,"20,907"
20232024,105,SCOTT,525,Scott County,012,Anne Mason Elementary School,525012,105525012,210526001942,CKEC,901,A1,"11,519","1,916",934,281,"14,649","1,215","23,838"
20232024,105,SCOTT,525,Scott County,013,Royal Spring Middle School,525013,105525013,210526002017,CKEC,901,A1,"9,805","1,908",418,290,"12,420",707,"21,554"
20232024,105,SCOTT,525,Scott County,014,Lemons Mill Elementary School,525014,105525014,210526002349,CKEC,901,A1,"10,407","1,895","1,020",291,"13,613","1,311","22,771"
20232024,105,SCOTT,525,Scott County,015,Garth Elementary School,525015,105525015,210526001279,CKEC,901,A1,"10,978","2,040","1,386",322,"14,727","1,708","24,032"
20232024,105,SCOTT,525,Scott County,018,Georgetown Middle School,525018,105525018,210526001280,CKEC,901,A1,"10,064","1,939",870,299,"13,171","1,169","22,326"
20232024,105,SCOTT,525,Scott County,019,Scott County Preschool,525019,105525019,210526002204,CKEC,901,A4,,,,,,,
20232024,105,SCOTT,525,Scott County,025,Great Crossing High School,525025,105525025,210526002482,CKEC,901,A1,"7,940","2,170",343,331,"10,785",675,"19,886"
20232024,105,SCOTT,525,Scott County,029,Creekside Elementary,525029,105525029,210526002483,CKEC,901,A1,"9,924","1,669",868,284,"12,744","1,152","21,829"
20232024,105,SCOTT,525,Scott County,035,Northern Elementary School,525035,105525035,210526001687,CKEC,901,A1,"10,695","1,941",625,314,"13,574",939,"22,665"
20232024,105,SCOTT,525,Scott County,040,Scott County High School,525040,105525040,210526001283,CKEC,901,A1,"8,696","2,142",298,307,"11,443",605,"20,543"
20232024,105,SCOTT,525,Scott County,044,Elkhorn Crossing School,525044,105525044,210526002301,CKEC,901,A2,,,,,,,
20232024,105,SCOTT,525,Scott County,050,Stamping Ground Elementary School,525050,105525050,210526001284,CKEC,901,A1,"10,481","2,040",615,293,"13,430",908,"22,520"
20232024,105,SCOTT,525,Scott County,060,Scott County Middle School,525060,105525060,210526001285,CKEC,901,A1,"8,819","1,658",317,340,"11,133",657,"20,253"
20232024,105,SCOTT,525,Scott County,070,Southern Elementary School,525070,105525070,210526001286,CKEC,901,A1,"11,096","2,210","1,321",437,"15,064","1,758","24,305"
20232024,105,SCOTT,525,Scott County,080,Western Elementary School,525080,105525080,210526000530,CKEC,901,A1,"9,908","1,610",545,308,"12,371",853,"21,522"
20232024,106,SHELBY,531,Shelby County,014,Painted Stone Elementary,531014,106531014,210532001964,OVEC,906,A1,"10,475","2,598","1,074",286,"13,073","1,360","14,433"
20232024,106,SHELBY,531,Shelby County,015,Southside Elementary,531015,106531015,210532002077,OVEC,906,A1,"10,215","2,112","1,101",321,"12,327","1,423","13,749"
20232024,106,SHELBY,531,Shelby County,040,Martha Layne Collins High School,531040,106531040,210532002253,OVEC,906,A1,"9,270","2,726",285,263,"11,996",548,"12,544"
20232024,106,SHELBY,531,Shelby County,054,Marnel C. Moorman School,531054,106531054,210532002491,OVEC,906,A1,"9,284","1,770",636,325,"11,054",962,"12,016"
20232024,106,SHELBY,531,Shelby County,065,Heritage Elementary,531065,106531065,210532001688,OVEC,906,A1,"10,629","2,132",748,315,"12,762","1,064","13,825"
20232024,106,SHELBY,531,Shelby County,080,Shelby County West Middle School,531080,106531080,210532001291,OVEC,906,A1,"10,334","2,230",346,267,"12,564",613,"13,177"
20232024,106,SHELBY,531,Shelby County,090,Shelby County High School,531090,106531090,210532001292,OVEC,906,A1,"8,857","2,451",361,319,"11,308",679,"11,988"
20232024,106,SHELBY,531,Shelby County,100,Simpsonville Elementary,531100,106531100,210532001293,OVEC,906,A1,"10,018","2,411",980,295,"12,429","1,275","13,704"
20232024,106,SHELBY,531,Shelby County,110,Shelby County East Middle School,531110,106531110,210532001294,OVEC,906,A1,"9,620","1,730",430,247,"11,350",677,"12,026"
20232024,106,SHELBY,531,Shelby County,120,Clear Creek Elementary,531120,106531120,210532001295,OVEC,906,A1,"10,820","2,942","1,116",485,"13,763","1,602","15,364"
20232024,106,SHELBY,531,Shelby County,130,Wright Elementary,531130,106531130,210532001434,OVEC,906,A1,"10,360","2,782",857,412,"13,142","1,270","14,411"
20232024,106,SHELBY,531,Shelby County,160,Northside Early Childhood Center,531160,106531160,210532001689,OVEC,906,A4,,,,,,,
20232024,106,SHELBY,531,Shelby County,170,Ascension Academy,531170,106531170,210532001690,OVEC,906,A6,,,,,,,
20232024,107,SIMPSON,535,Simpson County,007,Franklin-Simpson High School West Campus,535007,107535007,210540001652,GRREC,902,A5,,,,,,,
20232024,107,SIMPSON,535,Simpson County,020,Franklin Elementary School,535020,107535020,210540001299,GRREC,902,A1,"11,304","2,265","1,896",648,"13,569","2,544","20,021"
20232024,107,SIMPSON,535,Simpson County,030,Franklin-Simpson Middle School,535030,107535030,210540001300,GRREC,902,A1,"9,001","2,563","1,197",434,"11,564","1,631","17,255"
20232024,107,SIMPSON,535,Simpson County,040,Franklin-Simpson High School,535040,107535040,210540001301,GRREC,902,A1,"10,106","2,809","1,243",565,"12,915","1,808","18,748"
20232024,107,SIMPSON,535,Simpson County,045,Lincoln Elementary School,535045,107535045,210540001302,GRREC,902,A1,"9,069","2,281","1,376",439,"11,350","1,815","17,276"
20232024,107,SIMPSON,535,Simpson County,100,Simpson Elementary School,535100,107535100,210540001435,GRREC,902,A1,"8,877","2,124","1,261",433,"11,001","1,694","16,737"
20232024,100,PULASKI,536,Somerset Independent,050,Hopkins Elementary School,536050,100536050,210543001307,SESC,907,A1,"7,163","2,054","1,627","1,277","9,220","3,151","12,373"
20232024,100,PULASKI,536,Somerset Independent,070,Somerset High School,536070,100536070,210543001310,SESC,907,A1,"10,892","3,177",900,"1,457","14,069","2,347","16,416"
20232024,100,PULASKI,536,Somerset Independent,090,Meece Middle School,536090,100536090,210543001311,SESC,907,A1,"9,033","2,021",688,969,"11,054","2,186","13,240"
20232024,019,CAMPBELL,537,Southgate Independent,010,Southgate Public School,537010,019537010,210546001313,NKCES,905,A1,"15,480","5,212","2,592","2,611","23,267","5,203","26,777"
20232024,108,SPENCER,541,Spencer County,040,Spencer County Elementary School,541040,108541040,210549001314,OVEC,906,A1,"8,962","1,644",547,175,"10,605",691,"11,297"
20232024,108,SPENCER,541,Spencer County,041,Spencer County Middle School,541041,108541041,210549001871,OVEC,906,A1,"8,208","1,970",643,426,"10,178","1,039","11,217"
20232024,108,SPENCER,541,Spencer County,042,Hillview Academy,541042,108541042,210549002051,OVEC,906,A5,,,,,,,
20232024,108,SPENCER,541,Spencer County,043,Spencer County Early Learning Center,541043,108541043,210549002533,OVEC,906,A4,,,,,,,
20232024,108,SPENCER,541,Spencer County,044,Taylorsville Elementary School,541044,108541044,210549002018,OVEC,906,A1,"9,422","1,810",902,241,"11,232","1,113","12,345"
20232024,108,SPENCER,541,Spencer County,050,Spencer County High School,541050,108541050,210549001315,OVEC,906,A1,"8,468","2,794",674,226,"11,263",870,"12,133"
20232024,109,TAYLOR,545,Taylor County,005,Taylor County Primary Center,545005,109545005,210552002431,GRREC,902,A1,"10,460","1,550","1,873",135,"12,010","2,008","19,130"
20232024,109,TAYLOR,545,Taylor County,020,Taylor County Elementary School,545020,109545020,210552001317,GRREC,902,A1,"9,321","2,835","1,899",89,"12,156","1,988","19,256"
20232024,109,TAYLOR,545,Taylor County,030,Taylor County High School,545030,109545030,210552001318,GRREC,902,A1,"10,088","3,507","1,292",103,"13,595","1,396","20,103"
20232024,109,TAYLOR,545,Taylor County,040,Taylor County Middle School,545040,109545040,210552001319,GRREC,902,A1,"10,490","3,360",913,112,"13,850","1,025","19,987"
20232024,109,TAYLOR,545,Taylor County,075,Lakeview Academy,545075,109545075,210552002495,GRREC,902,A5,,,,,,,
20232024,109,TAYLOR,545,Taylor County,080,Central Kentucky Career Academy,545080,109545080,210552002501,GRREC,902,A2,,,,,,,
20232024,110,TODD,551,Todd County,005,North Todd Elementary School,551005,110551005,210555001600,GRREC,902,A1,"12,530","2,748","1,804",304,"15,278","2,108","17,386"
20232024,110,TODD,551,Todd County,015,South Todd Elementary School,551015,110551015,210555001601,GRREC,902,A1,"11,791","2,522","2,011",243,"14,313","2,254","16,567"
20232024,110,TODD,551,Todd County,017,Horizons High School,551017,110551017,210555002034,GRREC,902,A5,,,,,,,
20232024,110,TODD,551,Todd County,023,Todd County Virtual Academy,551023,110551023,210555002580,GRREC,902,A8,,,,,,,
20232024,110,TODD,551,Todd County,025,Todd County Day Treatment,551025,110551025,210555002581,GRREC,902,A6,,,,,,,
20232024,110,TODD,551,Todd County,080,Todd County Middle School,551080,110551080,210555001324,GRREC,902,A1,"11,409","2,526",792,198,"13,935",989,"14,924"
20232024,110,TODD,551,Todd County,095,Todd County Central High School,551095,110551095,210555001325,GRREC,902,A1,"11,357","3,718",466,280,"15,075",746,"15,821"
20232024,111,TRIGG,555,Trigg County,013,Trigg County Primary School,555013,111555013,210558002093,WKEC,908,A1,"9,546","2,332","1,544",958,"11,878","2,502","17,695"
20232024,111,TRIGG,555,Trigg County,014,Trigg County Intermediate School,555014,111555014,210558002167,WKEC,908,A1,"8,641","1,738","1,352",846,"10,378","2,198","15,891"
20232024,111,TRIGG,555,Trigg County,020,Harbor Academy and Virtual School,555020,111555020,210558002534,WKEC,908,A5,,,,,,,
20232024,111,TRIGG,555,Trigg County,050,Trigg County Middle School,555050,111555050,210558001328,WKEC,908,A1,"8,831","2,083","1,190",846,"10,914","2,037","16,268"
20232024,111,TRIGG,555,Trigg County,070,Trigg County High School,555070,111555070,210558001329,WKEC,908,A1,"9,770","3,667",830,759,"13,437","1,588","18,342"
20232024,112,TRIMBLE,561,Trimble County,010,Bedford Elementary School,561010,112561010,210561001330,OVEC,906,A1,"7,695","3,261",732,70,"10,956",802,"12,815"
20232024,112,TRIMBLE,561,Trimble County,020,Milton Elementary School,561020,112561020,210561001332,OVEC,906,A1,"8,858","3,428",706,92,"12,286",798,"14,142"
20232024,112,TRIMBLE,561,Trimble County,025,Trimble County JR/SR High School,561025,112561025,210561002475,OVEC,906,A1,"8,965","3,848",334,76,"12,813",410,"24,219"
20232024,113,UNION,565,Union County,015,Union County Preschool and Headstart,565015,113565015,210564002447,WKEC,908,A4,,,,,,,
20232024,113,UNION,565,Union County,020,Morganfield Elementary School,565020,113565020,210564001334,WKEC,908,A1,"12,130","2,737","1,040",565,"14,867","1,604","16,471"
20232024,113,UNION,565,Union County,021,Union County Learning Academy,565021,113565021,210564001872,WKEC,908,A5,,,,,,,
20232024,113,UNION,565,Union County,050,Sturgis Elementary School,565050,113565050,210564001336,WKEC,908,A1,"11,794","2,936","1,077",435,"14,731","1,512","16,242"
20232024,113,UNION,565,Union County,055,Union County Middle School,565055,113565055,210564001602,WKEC,908,A1,"12,352","4,124","1,414",511,"16,476","1,925","18,401"
20232024,113,UNION,565,Union County,065,Union County High School,565065,113565065,210564001338,WKEC,908,A1,"10,527","3,293",629,532,"13,821","1,161","14,982"
20232024,113,UNION,565,Union County,070,Uniontown Elementary School,565070,113565070,210564001339,WKEC,908,A1,"11,521","2,709",792,692,"14,230","1,484","15,714"
20232024,113,UNION,565,Union County,902,Union County Area Vocational Ed Center,565902,113565902,210564002175,WKEC,908,A2,,,,,,,
20232024,008,BOONE,567,Walton-Verona Independent,010,Walton-Verona Elementary School,567010,008567010,210570001341,NKCES,905,A1,"10,144","2,608","1,253",35,"12,752","1,288","23,037"
20232024,008,BOONE,567,Walton-Verona Independent,015,Walton-Verona Middle School,567015,008567015,210570002191,NKCES,905,A1,"10,951","3,141",297,30,"14,092",327,"24,538"
20232024,008,BOONE,567,Walton-Verona Independent,020,Walton-Verona High School,567020,008567020,210570001342,NKCES,905,A1,"11,636","3,171",404,132,"14,807",536,"25,122"
20232024,008,BOONE,567,Walton-Verona Independent,025,Walton - Verona Early Childhood Center,567025,008567025,210570002488,NKCES,905,A4,,,,,,,
20232024,114,WARREN,571,Warren County,001,Carol Martin Gatton Academy of Math & Science,571001,114571001,210573002441,GRREC,902,B2,,,,,,,
20232024,114,WARREN,571,Warren County,002,South Warren Middle School,571002,114571002,210573002298,GRREC,902,A1,"8,016","2,108",764,786,"10,124","1,551","15,678"
20232024,114,WARREN,571,Warren County,003,South Warren High School,571003,114571003,210573002277,GRREC,902,A1,"7,985","3,508",514,530,"11,493","1,044","16,521"
20232024,114,WARREN,571,Warren County,010,Alvaton Elementary,571010,114571010,210573001343,GRREC,902,A1,"8,825","2,061",787,854,"10,887","1,641","16,557"
20232024,114,WARREN,571,Warren County,015,Briarwood Elementary School,571015,114571015,210573001909,GRREC,902,A1,"10,431","2,112","1,085",632,"12,543","1,717","18,317"
20232024,114,WARREN,571,Warren County,016,Lighthouse Academy,571016,114571016,210573001926,GRREC,902,A5,,,,,,,
20232024,114,WARREN,571,Warren County,018,Plano Elementary,571018,114571018,210573002035,GRREC,902,A1,"8,665","1,883",912,600,"10,548","1,511","16,065"
20232024,114,WARREN,571,Warren County,020,Beacon Academy,571020,114571020,210573002410,GRREC,902,A5,,,,,,,
20232024,114,WARREN,571,Warren County,025,Jennings Creek Elementary,571025,114571025,210573002465,GRREC,902,A1,"8,505","2,264","1,434",829,"10,769","2,263","17,091"
20232024,114,WARREN,571,Warren County,030,Jody Richards Elementary,571030,114571030,210573002327,GRREC,902,A1,"8,577","2,251","1,079",510,"10,827","1,589","16,444"
20232024,114,WARREN,571,Warren County,040,Bristow Elementary,571040,114571040,210573001344,GRREC,902,A1,"9,111","1,872","1,190",548,"10,983","1,739","16,777"
20232024,114,WARREN,571,Warren County,070,Cumberland Trace Elementary,571070,114571070,210573001346,GRREC,902,A1,"9,044","2,543","1,389",532,"11,587","1,921","17,554"
20232024,114,WARREN,571,Warren County,075,Drakes Creek Middle School,571075,114571075,210573001603,GRREC,902,A1,"8,335","2,077",857,885,"10,411","1,743","16,192"
20232024,114,WARREN,571,Warren County,080,Lost River Elementary,571080,114571080,210573001164,GRREC,902,A1,"8,046","2,377",855,801,"10,423","1,656","16,121"
20232024,114,WARREN,571,Warren County,090,Jackson Academy,571090,114571090,210573002492,GRREC,902,A5,,,,,,,
20232024,114,WARREN,571,Warren County,100,William H. Natcher Elementary,571100,114571100,210573001691,GRREC,902,A1,"9,817","2,047",959,838,"11,864","1,797","17,710"
20232024,114,WARREN,571,Warren County,110,North Warren Elementary,571110,114571110,210573001347,GRREC,902,A1,"9,209","2,386","1,551",836,"11,595","2,387","18,077"
20232024,114,WARREN,571,Warren County,130,Oakland Elementary,571130,114571130,210573001348,GRREC,902,A1,"9,430","2,200","1,100",832,"11,631","1,932","17,671"
20232024,114,WARREN,571,Warren County,140,Rich Pond Elementary,571140,114571140,210573001349,GRREC,902,A1,"8,015","1,691",646,514,"9,706","1,160","14,862"
20232024,114,WARREN,571,Warren County,150,Richardsville Elementary,571150,114571150,210573001350,GRREC,902,A1,"9,322","2,108","1,105",887,"11,430","1,993","17,557"
20232024,114,WARREN,571,Warren County,170,Rockfield Elementary,571170,114571170,210573001351,GRREC,902,A1,"8,812","1,824","1,049",778,"10,636","1,828","16,504"
20232024,114,WARREN,571,Warren County,175,Henry F. Moss Middle School,571175,114571175,210573001604,GRREC,902,A1,"8,526","2,256","1,017","1,166","10,781","2,183","17,054"
20232024,114,WARREN,571,Warren County,200,Warren Elementary,571200,114571200,210573001352,GRREC,902,A1,"8,839","2,095","1,760",967,"10,935","2,727","17,751"
20232024,114,WARREN,571,Warren County,205,Warren East Middle School,571205,114571205,210573001605,GRREC,902,A1,"8,485","2,629",759,962,"11,114","1,721","16,852"
20232024,114,WARREN,571,Warren County,210,Warren Central High School,571210,114571210,210573001353,GRREC,902,A1,"8,563","2,599",759,922,"11,162","1,681","16,882"
20232024,114,WARREN,571,Warren County,220,Warren East High School,571220,114571220,210573001354,GRREC,902,A1,"9,555","3,038",848,866,"12,593","1,713","18,333"
20232024,114,WARREN,571,Warren County,230,Greenwood High School,571230,114571230,210573001692,GRREC,902,A1,"8,695","2,819",535,565,"11,514","1,100","17,060"
20232024,114,WARREN,571,Warren County,245,GEO International High School,571245,114571245,210573002427,GRREC,902,A5,,,,,,,
20232024,114,WARREN,571,Warren County,300,Rivendell Elementary,571300,114571300,210573000828,GRREC,902,A5,,,,,,,
20232024,114,WARREN,571,Warren County,305,Rivendell High School,571305,114571305,210573000839,GRREC,902,A5,,,,,,,
20232024,114,WARREN,571,Warren County,455,Warren County Day Treatment,571455,114571455,210573001540,GRREC,902,A6,,,,,,,
20232024,115,WASHINGTON,575,Washington County,021,Commander Academy,575021,115575021,210576002358,CKEC,901,A5,,,,,,,
20232024,115,WASHINGTON,575,Washington County,031,North Washington Elementary School,575031,115575031,210576001873,CKEC,901,A1,"12,519","2,408","1,731",312,"14,927","2,043","16,970"
20232024,115,WASHINGTON,575,Washington County,034,Washington County Middle School,575034,115575034,210576002047,CKEC,901,A1,"11,942","2,701","1,054",396,"14,643","1,450","16,093"
20232024,115,WASHINGTON,575,Washington County,071,WC Tel Center,575071,115575071,210576002448,CKEC,901,A2,,,,,,,
20232024,115,WASHINGTON,575,Washington County,074,Washington County High School,575074,115575074,210576001358,CKEC,901,A1,"10,559","2,641",540,260,"13,200",800,"14,000"
20232024,115,WASHINGTON,575,Washington County,080,Washington County Elementary School,575080,115575080,210576001359,CKEC,901,A1,"10,379","2,399","1,622",284,"12,778","1,906","14,684"
20232024,116,WAYNE,581,Wayne County,051,Wayne County Middle School,581051,116581051,210579002020,SESC,907,A1,"8,860","2,144","1,147",599,"11,004","1,746","14,113"
20232024,116,WAYNE,581,Wayne County,060,Wayne County Learning Academy,581060,116581060,210579002403,SESC,907,A5,,,,,,,
20232024,116,WAYNE,581,Wayne County,170,Lake Cumberland Youth Development Center,581170,116581170,210579001361,SESC,907,A6,,,,,,,
20232024,116,WAYNE,581,Wayne County,180,Otter Creek Academy,581180,116581180,210579002250,SESC,907,A6,,,,,,,
20232024,116,WAYNE,581,Wayne County,190,Monticello Elementary School,581190,116581190,210579002346,SESC,907,A1,"8,174","2,139","1,731",552,"10,313","2,282","13,981"
20232024,116,WAYNE,581,Wayne County,200,Wayne County High School,581200,116581200,210579001224,SESC,907,A1,"8,141","2,542",900,367,"10,683","1,267","17,206"
20232024,116,WAYNE,581,Wayne County,430,Walker Early Learning Center,581430,116581430,210579001365,SESC,907,A1,"10,627","2,378","1,064",552,"13,006","1,612","17,206"
20232024,116,WAYNE,581,Wayne County,437,Bell Elementary School,581437,116581437,210579001367,SESC,907,A1,"9,028","2,549","1,313",705,"11,576","2,018","20,261"
20232024,117,WEBSTER,585,Webster County,020,Clay Elementary School,585020,117585020,210582001369,WKEC,908,A1,"11,296","2,621","1,125",634,"13,917","1,759","15,676"
20232024,117,WEBSTER,585,Webster County,050,Dixon Elementary School,585050,117585050,210582001370,WKEC,908,A1,"9,196","1,828",920,625,"11,024","1,545","12,569"
20232024,117,WEBSTER,585,Webster County,060,Providence Elementary School,585060,117585060,210582002188,WKEC,908,A1,"10,534","2,406","1,173",706,"12,940","1,879","14,819"
20232024,117,WEBSTER,585,Webster County,090,Sebree Elementary School,585090,117585090,210582001372,WKEC,908,A1,"8,249","1,924","1,343",730,"10,173","2,073","12,246"
20232024,117,WEBSTER,585,Webster County,125,Webster County Middle School,585125,117585125,210582002348,WKEC,908,A1,"8,657","1,871",834,703,"10,528","1,537","12,065"
20232024,117,WEBSTER,585,Webster County,130,Webster County High School,585130,117585130,210582001374,WKEC,908,A1,"8,399","3,284",746,742,"11,683","1,488","13,171"
20232024,118,WHITLEY,591,Whitley County,010,Colonel Academy,591010,118591010,210588002497,SESC,907,A8,,,,,,,
20232024,118,WHITLEY,591,Whitley County,060,Boston Elementary School,591060,118591060,210588001376,SESC,907,A1,"11,711","4,137","3,207","1,084","15,848","4,291","20,783"
20232024,118,WHITLEY,591,Whitley County,061,Whitley Central Intermediate School,591061,118591061,210588002048,SESC,907,A1,"9,137","1,750","2,412",994,"10,887","3,406","14,937"
20232024,118,WHITLEY,591,Whitley County,062,Whitley County East Elementary School,591062,118591062,210588002037,SESC,907,A1,"11,158","2,559","3,359","1,303","13,717","4,662","19,231"
20232024,118,WHITLEY,591,Whitley County,225,Whitley County Alternative School,591225,118591225,210588001262,SESC,907,A5,,,,,,,
20232024,118,WHITLEY,591,Whitley County,290,Oak Grove Elementary School,591290,118591290,210588001381,SESC,907,A1,"8,644","1,999","2,845",962,"10,644","3,807","15,255"
20232024,118,WHITLEY,591,Whitley County,320,Pleasant View Elementary School,591320,118591320,210588001383,SESC,907,A1,"12,930","2,873","3,604",908,"15,803","4,512","21,375"
20232024,118,WHITLEY,591,Whitley County,350,Whitley County North Elementary School,591350,118591350,210588000546,SESC,907,A1,"12,766","2,529","2,930","1,026","15,295","3,956","20,382"
20232024,118,WHITLEY,591,Whitley County,365,Whitley County Central Primary School,591365,118591365,210588001621,SESC,907,A1,"11,627","2,535","2,855",911,"14,162","3,766","18,850"
20232024,118,WHITLEY,591,Whitley County,430,Whitley County High School,591430,118591430,210588001386,SESC,907,A1,"7,910","2,281","1,967",921,"10,192","2,889","14,964"
20232024,118,WHITLEY,591,Whitley County,435,Whitley County Middle School,591435,118591435,210588001387,SESC,907,A1,"9,516","2,440","2,685","1,041","11,955","3,726","18,395"
20232024,118,WHITLEY,592,Williamsburg Independent,012,Williamsburg City School,592012,118592012,210591001939,SESC,907,A1,"16,932","4,750","1,902","1,991","22,127","3,893","55,391"
20232024,041,GRANT,593,Williamstown Independent,010,Williamstown Elementary,593010,041593010,210594001392,NKCES,905,A1,"8,762","2,356","1,119",742,"11,118","1,862","20,561"
20232024,041,GRANT,593,Williamstown Independent,020,Williamstown Jr. High,593020,041593020,210594001393,NKCES,905,A1,"10,220","2,126",871,865,"12,346","1,736","21,436"
20232024,041,GRANT,593,Williamstown Independent,030,Williamstown Sr. High,593030,041593030,210594002308,NKCES,905,A1,"10,902","4,025",984,780,"14,929","1,764","24,046"
20232024,041,GRANT,593,Williamstown Independent,040,Williamstown Head Start Preschool,593040,041593040,210594002260,NKCES,905,A4,,,,,,,
20232024,119,WOLFE,595,Wolfe County,140,Dessie Scott School,595140,119595140,210597002380,KVEC,904,A6,,,,,,,
20232024,119,WOLFE,595,Wolfe County,205,Red River Valley Elementary School,595205,119595205,210597001394,KVEC,904,A1,"12,297","4,349","3,367","1,423","16,645","4,790","21,949"
20232024,119,WOLFE,595,Wolfe County,220,Rogers Elementary School,595220,119595220,210597001395,KVEC,904,A1,"11,312","4,991","4,264",960,"16,303","5,223","21,623"
20232024,119,WOLFE,595,Wolfe County,310,Campton Elementary School,595310,119595310,210597001396,KVEC,904,A1,"10,777","4,781","1,968",655,"15,557","2,623","18,301"
20232024,119,WOLFE,595,Wolfe County,312,Success Academy,595312,119595312,210597002369,KVEC,904,A5,,,,,,,
20232024,119,WOLFE,595,Wolfe County,315,Wolfe County Middle School,595315,119595315,210597001693,KVEC,904,A1,"11,348","4,280","3,434",702,"15,628","4,136","19,861"
20232024,119,WOLFE,595,Wolfe County,320,Wolfe County High School,595320,119595320,210597001397,KVEC,904,A1,"10,049","4,177","2,148","1,074","14,226","3,223","17,570"
20232024,120,WOODFORD,601,Woodford County,013,Safe Harbor Academy,601013,120601013,210600001840,CKEC,901,A5,,,,,,,
20232024,120,WOODFORD,601,Woodford County,050,Southside Elementary School,601050,120601050,210600000284,CKEC,901,A1,"10,524","2,566",888,292,"13,090","1,179","25,664"
20232024,120,WOODFORD,601,Woodford County,075,Simmons Elementary School,601075,120601075,210600001403,CKEC,901,A1,"12,043","2,805","1,070",305,"14,849","1,375","27,735"
20232024,120,WOODFORD,601,Woodford County,084,Woodford County High School,601084,120601084,210600001404,CKEC,901,A1,"10,435","3,161",343,372,"13,611",715,"25,794"
20232024,120,WOODFORD,601,Woodford County,085,Woodford County Middle School,601085,120601085,210600001405,CKEC,901,A1,"10,014","2,832",144,332,"12,854",476,"24,826"
20232024,120,WOODFORD,601,Woodford County,090,Huntertown Elementary School,601090,120601090,210600001468,CKEC,901,A1,"11,347","2,511","1,013",358,"13,858","1,371","26,810"
20232024,120,WOODFORD,601,Woodford County,120,Northside Elementary School,601120,120601120,210600000320,CKEC,901,A1,"11,473","2,460",740,295,"13,933","1,035","26,484"
20232024,056,JEFFERSON,602,Kentucky School for the Blind District,176,Kentucky School for the Blind,602176,056602176,210009401779,GLEC,909,D1,,,,,,,
20232024,011,BOYLE,603,Kentucky School for the Deaf District,390,Kentucky School for the Deaf,603390,011603390,210009501715,CKEC,901,D1,,,,,,,
20232024,073,MADISON,606,Model Laboratory Schools at EKU,450,Model Elementary,606450,073606450,210029102509,,,B1,,,,,,,
20232024,073,MADISON,606,Model Laboratory Schools at EKU,460,Model High School,606460,073606460,210029102510,,,B1,,,,,,,
20232024,103,ROWAN,610,Craft Academy,300,The Craft Academy for Excellence in Science and Mathematics,610300,103610300,210029002440,,,B2,,,,,,,
20232024,037,FRANKLIN,777,Kentucky Tech System,005,Estill County Area Technology Center,777005,037777005,210028902519,,,C2,,,,,,,
20232024,037,FRANKLIN,777,Kentucky Tech System,100,Barren County Area Technology Center,777100,037777100,210028902161,,,C2,,,,,,,
20232024,037,FRANKLIN,777,Kentucky Tech System,101,Belfry Area Technology Center,777101,037777101,210028902107,,,C2,,,,,,,
20232024,037,FRANKLIN,777,Kentucky Tech System,102,Bell County Area Technology Center,777102,037777102,210028902183,,,C2,,,,,,,
20232024,037,FRANKLIN,777,Kentucky Tech System,103,Boone County Area Technology Center,777103,037777103,210028902164,,,C2,,,,,,,
20232024,037,FRANKLIN,777,Kentucky Tech System,104,Breathitt County Area Technology Center,777104,037777104,210028902153,,,C2,,,,,,,
20232024,037,FRANKLIN,777,Kentucky Tech System,105,Breckinridge County Area Technology Ctr,777105,037777105,210028902094,,,C2,,,,,,,
20232024,037,FRANKLIN,777,Kentucky Tech System,106,Bullitt County Area Technology Center,777106,037777106,210028902176,,,C2,,,,,,,
20232024,037,FRANKLIN,777,Kentucky Tech System,107,Butler Co. Area Technology Center,777107,037777107,210028902116,,,C2,,,,,,,
20232024,037,FRANKLIN,777,Kentucky Tech System,108,Campbell County Area Technology Center,777108,037777108,210028902142,,,C2,,,,,,,
20232024,037,FRANKLIN,777,Kentucky Tech System,109,Caldwell County Area Technology Center,777109,037777109,210028902057,,,C2,,,,,,,
20232024,037,FRANKLIN,777,Kentucky Tech System,110,Carroll County Area Technology Center,777110,037777110,210028902097,,,C2,,,,,,,
20232024,037,FRANKLIN,777,Kentucky Tech System,111,Casey County Area Technology Center,777111,037777111,210028902105,,,C2,,,,,,,
20232024,037,FRANKLIN,777,Kentucky Tech System,112,Clark County Area Technology Center,777112,037777112,210028902062,,,C2,,,,,,,
20232024,037,FRANKLIN,777,Kentucky Tech System,113,Clay County Area Technology Center,777113,037777113,210028902070,,,C2,,,,,,,
20232024,037,FRANKLIN,777,Kentucky Tech System,114,Southern Kentucky Early CCA,777114,037777114,210028902102,,,C2,,,,,,,
20232024,037,FRANKLIN,777,Kentucky Tech System,115,Corbin Area Technology Center,777115,037777115,210028902104,,,C2,,,,,,,
20232024,037,FRANKLIN,777,Kentucky Tech System,116,Floyd County Area Technology Center,777116,037777116,210028902090,,,C2,,,,,,,
20232024,037,FRANKLIN,777,Kentucky Tech System,117,Four Rivers Career Academy,777117,037777117,210028902172,,,C2,,,,,,,
20232024,037,FRANKLIN,777,Kentucky Tech System,118,Garrard County Area Technology Center,777118,037777118,210028902042,,,C2,,,,,,,
20232024,037,FRANKLIN,777,Kentucky Tech System,120,Greenup County Area Technology Center,777120,037777120,210028902170,,,C2,,,,,,,
20232024,037,FRANKLIN,777,Kentucky Tech System,121,Harrison County Area Technology Center,777121,037777121,210028902143,,,C2,,,,,,,
20232024,037,FRANKLIN,777,Kentucky Tech System,123,Trailblazer Academy,777123,037777123,210028902091,,,C2,,,,,,,
20232024,037,FRANKLIN,777,Kentucky Tech System,124,Jackson Area Technology Center,777124,037777124,210028902106,,,C2,,,,,,,
20232024,037,FRANKLIN,777,Kentucky Tech System,125,Knott County Area Technology Center,777125,037777125,210028902174,,,C2,,,,,,,
20232024,037,FRANKLIN,777,Kentucky Tech System,127,Lake Cumberland Area Technology Center,777127,037777127,210028902069,,,C2,,,,,,,
20232024,037,FRANKLIN,777,Kentucky Tech System,128,Lee County Area Technology Center,777128,037777128,210028902118,,,C2,,,,,,,
20232024,037,FRANKLIN,777,Kentucky Tech System,129,Leslie County Area Technology Center,777129,037777129,210028902059,,,C2,,,,,,,
20232024,037,FRANKLIN,777,Kentucky Tech System,130,Letcher County Area Technology Center,777130,037777130,210028902136,,,C2,,,,,,,
20232024,037,FRANKLIN,777,Kentucky Tech System,131,Lincoln County Area Technology Center,777131,037777131,210028902145,,,C2,,,,,,,
20232024,037,FRANKLIN,777,Kentucky Tech System,132,Madison County Area Technology Center,777132,037777132,210028902123,,,C2,,,,,,,
20232024,037,FRANKLIN,777,Kentucky Tech System,133,Marion County Area Technology Center,777133,037777133,210028902064,,,C2,,,,,,,
20232024,037,FRANKLIN,777,Kentucky Tech System,134,Martin County Area Technology Center,777134,037777134,210028902147,,,C2,,,,,,,
20232024,037,FRANKLIN,777,Kentucky Tech System,136,Mayfield/Graves County Area Tech Center,777136,037777136,210028902138,,,C2,,,,,,,
20232024,037,FRANKLIN,777,Kentucky Tech System,137,Meade County College and Career Center,777137,037777137,210028902126,,,C2,,,,,,,
20232024,037,FRANKLIN,777,Kentucky Tech System,138,Millard Area Technology Center,777138,037777138,210028902182,,,C2,,,,,,,
20232024,037,FRANKLIN,777,Kentucky Tech System,139,Monroe County Area Technology Center,777139,037777139,210028902173,,,C2,,,,,,,
20232024,037,FRANKLIN,777,Kentucky Tech System,140,Montgomery County Area Technology Center,777140,037777140,210028902115,,,C2,,,,,,,
20232024,037,FRANKLIN,777,Kentucky Tech System,141,Morgan County Area Technology Center,777141,037777141,210028902043,,,C2,,,,,,,
20232024,037,FRANKLIN,777,Kentucky Tech System,142,Murray/Calloway County Area Tech Center,777142,037777142,210028902134,,,C2,,,,,,,
20232024,037,FRANKLIN,777,Kentucky Tech System,144,Ohio County Area Technology Center,777144,037777144,210028902096,,,C2,,,,,,,
20232024,037,FRANKLIN,777,Kentucky Tech System,145,Paducah Area Technology Center,777145,037777145,210028902040,,,C2,,,,,,,
20232024,037,FRANKLIN,777,Kentucky Tech System,147,Pulaski County Area Technology Center,777147,037777147,210028902072,,,C2,,,,,,,
20232024,037,FRANKLIN,777,Kentucky Tech System,148,Rockcastle County Area Technology Center,777148,037777148,210028902163,,,C2,,,,,,,
20232024,037,FRANKLIN,777,Kentucky Tech System,149,Russell Area Technology Center,777149,037777149,210028902177,,,C2,,,,,,,
20232024,037,FRANKLIN,777,Kentucky Tech System,151,Logan County Career and Technical Center,777151,037777151,210028902160,,,C2,,,,,,,
20232024,037,FRANKLIN,777,Kentucky Tech System,152,Shelby County Area Technology Center,777152,037777152,210028902152,,,C2,,,,,,,
20232024,037,FRANKLIN,777,Kentucky Tech System,153,Warren Co. Area Technology Center,777153,037777153,210028902141,,,C2,,,,,,,
20232024,037,FRANKLIN,777,Kentucky Tech System,154,Wayne County Area Technology Center,777154,037777154,210028902156,,,C2,,,,,,,
20232024,037,FRANKLIN,777,Kentucky Tech System,155,Webster County Area Technology Center,777155,037777155,210028902095,,,C2,,,,,,,
20232024,037,FRANKLIN,777,Kentucky Tech System,156,Delta Academy,777156,037777156,210028902478,,,C2,,,,,,,
20232024,037,FRANKLIN,777,Kentucky Tech System,158,Southeast Kentucky Academy,777158,037777158,210028902479,,,C2,,,,,,,
20232024,037,FRANKLIN,777,Kentucky Tech System,159,iLEAD Academy,777159,037777159,210028902468,,,C2,,,,,,,
20232024,037,FRANKLIN,880,Kentucky National Guard Youth ChalleNGe Academies,100,Appalachian Challenge Academy,880100,037880100,210600102582,,,A5,,,,,,,
20232024,037,FRANKLIN,880,Kentucky National Guard Youth ChalleNGe Academies,101,Bluegrass Challenge Academy,880101,037880101,210600102583,,,A5,,,,,,,
