School Year,County Number,County Name,District Number,District Name,School Number,School Name,School Code,State School Id,NCES ID,CO-OP,CO-OP CODE,School Type,Personnel Expenditures State Local Per Student,Non-Personnel Expenditures State Local Per Student,Personnel Spending per Student - Federal Funds,Non-Personnel Spending per Student - Federal Funds,Total Spending per Student - State/Local Funds,Total Expenditures Federal Per Student,Total Expenditures Per Student
20242025,001,ADAIR,001,Adair County,010,Adair County High School,001010,001001010,210003000000,GRREC,902,A1,"16,353","4,489","1,163",288,"21,526","1,451","20,280"
20242025,001,ADAIR,001,Adair County,014,Adair County Middle School,001014,001001014,210003000000,GRREC,902,A1,"16,621","3,780","1,605",431,"21,532","2,036","20,789"
20242025,001,ADAIR,001,Adair County,016,Adair County Elementary School,001016,001001016,210003000000,GRREC,902,A1,"16,508","3,706","1,992",367,"21,806","2,359","24,165"
20242025,001,ADAIR,001,Adair County,020,Adair County Primary Center,001020,001001020,210003000000,GRREC,902,A1,"17,376","3,636","1,983",527,"22,754","2,509","22,386"
20242025,002,ALLEN,005,Allen County,010,Allen County Primary Center,005010,002005010,210007000000,GRREC,902,A1,"8,690","1,846","1,192",688,"10,536","1,880","12,416"
20242025,002,ALLEN,005,Allen County,015,James E Bazzell Middle School,005015,002005015,210007000000,GRREC,902,A1,"8,989","1,948","1,763",601,"10,937","2,364","13,301"
20242025,002,ALLEN,005,Allen County,020,Allen County-Scottsville High School,005020,002005020,210007000000,GRREC,902,A1,"9,369","2,858","1,995","1,090","12,227","3,085","15,312"
20242025,002,ALLEN,005,Allen County,060,Allen County Intermediate Center,005060,002005060,210007000000,GRREC,902,A1,"8,257","1,838","1,638",603,"10,095","2,248","12,343"
20242025,056,JEFFERSON,006,Anchorage Independent,010,Anchorage Independent Public School,006010,056006010,210000000000,OVEC,906,A1,"21,300","5,919",158,194,"27,219",352,"30,424"
20242025,003,ANDERSON,011,Anderson County,020,Anderson County High School,011020,003011020,210012000000,CKEC,901,A1,"8,221","2,642",305,126,"10,863",431,"13,390"
20242025,003,ANDERSON,011,Anderson County,022,Robert B. Turner Elementary School,011022,003011022,210012000000,CKEC,901,A1,"9,715","1,696",925,86,"11,411","1,011","13,742"
20242025,003,ANDERSON,011,Anderson County,025,Anderson County Middle School,011025,003011025,210012000000,CKEC,901,A1,"8,590","1,741",209,63,"10,331",271,"12,724"
20242025,003,ANDERSON,011,Anderson County,050,Saffell Street Elementary School,011050,003011050,210012000000,CKEC,901,A1,"11,961","2,057",713,131,"14,018",844,"16,584"
20242025,003,ANDERSON,011,Anderson County,110,Emma B. Ward Elementary School,011110,003011110,210012000000,CKEC,901,A1,"12,842","1,804","1,795",106,"14,646","1,900","17,200"
20242025,003,ANDERSON,011,Anderson County,120,Ezra Sparrow Early Childhood Center,011120,003011120,210012000000,CKEC,901,A1,"14,802","2,845","2,769",724,"17,648","3,493","19,970"
20242025,010,BOYD,012,Ashland Independent,010,Paul G. Blazer High School,012010,010012010,210015000000,KEDC,903,A1,"12,307","4,099",334,420,"16,406",754,"19,492"
20242025,010,BOYD,012,Ashland Independent,050,Ashland Middle School,012050,010012050,210015000000,KEDC,903,A1,"10,335","3,047",648,381,"13,382","1,029","16,051"
20242025,010,BOYD,012,Ashland Independent,070,Crabbe Elementary School,012070,010012070,210015000000,KEDC,903,A1,"10,743","2,779","2,413","2,094","13,522","4,508","19,913"
20242025,010,BOYD,012,Ashland Independent,080,Hager Elementary School,012080,010012080,210015000000,KEDC,903,A1,"8,509","2,626","1,052",459,"11,135","1,512","14,130"
20242025,010,BOYD,012,Ashland Independent,100,Oakview Elementary School,012100,010012100,210015000000,KEDC,903,A1,"11,420","2,875","2,436",470,"14,295","2,906","18,684"
20242025,010,BOYD,012,Ashland Independent,110,Poage Elementary School,012110,010012110,210015000000,KEDC,903,A1,"11,812","2,598","1,048","1,215","14,410","2,264","18,157"
20242025,010,BOYD,012,Ashland Independent,130,Charles Russell Elementary School,012130,010012130,210015000000,KEDC,903,A1,"11,965","3,023","1,848",461,"14,988","2,309","19,251"
20242025,012,BRACKEN,013,Augusta Independent,011,Augusta Independent School,013011,012013011,210018000000,KEDC,903,A1,"10,767","5,899",941,"1,352","16,668","2,293","21,100"
20242025,004,BALLARD,015,Ballard County,005,Ballard County Middle School,015005,004015005,210021000000,WKEC,908,A1,"10,056","1,958","1,656","1,367","12,014","3,023","16,587"
20242025,004,BALLARD,015,Ballard County,010,Ballard Memorial High School,015010,004015010,210021000000,WKEC,908,A1,"12,400","5,908",416,612,"18,307","1,028","27,959"
20242025,004,BALLARD,015,Ballard County,050,Ballard County Elementary School,015050,004015050,210021000000,WKEC,908,A1,"8,836","2,806","1,024",605,"11,642","1,629","16,966"
20242025,061,KNOX,016,Barbourville Independent,011,Barbourville City School,016011,061016011,210024000000,SESC,907,A1,"8,907","2,941","1,068","1,116","11,848","2,184","15,078"
20242025,090,NELSON,017,Bardstown Independent,010,Bardstown Elementary School,017010,090017010,210027000000,CKEC,901,A1,"11,161","1,766",891,65,"12,927",956,"17,897"
20242025,090,NELSON,017,Bardstown Independent,012,Bardstown Primary School,017012,090017012,210027000000,CKEC,901,A1,"13,504","1,740",777,66,"15,244",843,"20,186"
20242025,090,NELSON,017,Bardstown Independent,020,Bardstown High School,017020,090017020,210027000000,CKEC,901,A1,"11,694","3,073",33,134,"14,769",167,"18,958"
20242025,090,NELSON,017,Bardstown Independent,030,Bardstown Middle School,017030,090017030,210027000000,CKEC,901,A1,"11,494","1,915",196,63,"13,409",260,"17,699"
20242025,005,BARREN,021,Barren County,010,Austin Tracy Elementary School,021010,005021010,210030000000,GRREC,902,A1,"10,747","3,112",932,328,"14,021","1,257","17,461"
20242025,005,BARREN,021,Barren County,014,North Jackson Elementary,021014,005021014,210030000000,GRREC,902,A1,"10,254","2,949",640,217,"13,372",861,"15,753"
20242025,005,BARREN,021,Barren County,027,Barren County High School,021027,005021027,210030000000,GRREC,902,A1,"11,387","3,398",722,178,"14,977",899,"18,371"
20242025,005,BARREN,021,Barren County,035,Eastern Elementary School,021035,005021035,210030000000,GRREC,902,A1,"11,052","3,033","1,270",312,"14,250","1,581","17,772"
20242025,005,BARREN,021,Barren County,050,Barren County Middle School,021050,005021050,210030000000,GRREC,902,A1,"10,141","3,077","1,062",147,"13,390","1,211","16,414"
20242025,005,BARREN,021,Barren County,080,Hiseville Elementary School,021080,005021080,210030000000,GRREC,902,A1,"10,456","3,151","1,762",196,"13,773","1,958","17,691"
20242025,005,BARREN,021,Barren County,130,Park City Elementary School,021130,005021130,210030000000,GRREC,902,A1,"11,343","3,153","2,084",380,"14,665","2,463","18,826"
20242025,005,BARREN,021,Barren County,150,Red Cross Elementary School,021150,005021150,210030000000,GRREC,902,A1,"10,441","2,465",956,288,"13,074","1,245","14,335"
20242025,005,BARREN,021,Barren County,180,Temple Hill Elementary School,021180,005021180,210030000000,GRREC,902,A1,"10,924","3,240",705,249,"14,332",955,"17,063"
20242025,006,BATH,025,Bath County,014,Crossroads Elementary School,025014,006025014,210033000000,KEDC,903,A1,"9,695","2,574","1,159",147,"12,370","1,306","15,279"
20242025,006,BATH,025,Bath County,020,Bath County Middle School,025020,006025020,210033000000,KEDC,903,A1,"9,404","2,575",980,247,"12,104","1,227","14,917"
20242025,006,BATH,025,Bath County,030,Owingsville Elementary School,025030,006025030,210033000000,KEDC,903,A1,"8,481","2,467","1,339",335,"11,041","1,674","14,291"
20242025,006,BATH,025,Bath County,040,Bath County High School,025040,006025040,210033000000,KEDC,903,A1,"9,956","3,025",504,130,"13,172",634,"24,481"
20242025,059,KENTON,026,Beechwood Independent,010,Beechwood Elementary School,026010,059026010,210036000000,NKCES,905,A1,"8,292","2,407",401,94,"10,699",495,"11,194"
20242025,059,KENTON,026,Beechwood Independent,020,Beechwood High School,026020,059026020,210036000000,NKCES,905,A1,"8,956","3,084",199,140,"12,040",340,"12,380"
20242025,007,BELL,031,Bell County,012,Bell Central School Center,031012,007031012,210039000000,SESC,907,A1,"21,519","10,755","2,125","2,686","32,274","4,811","44,118"
20242025,007,BELL,031,Bell County,013,Page School Center,031013,007031013,210039000000,SESC,907,A1,"24,604","9,550","3,160","3,706","44,150","6,866","46,143"
20242025,007,BELL,031,Bell County,040,Bell County High School,031040,007031040,210039000062,SESC,907,A1,"21,943","10,306","2,691","3,991","32,249","6,682","51,993"
20242025,007,BELL,031,Bell County,180,Frakes School Center,031180,007031180,210039000000,SESC,907,A1,"26,421","11,964","2,502","3,037","38,385","5,539","49,314"
20242025,007,BELL,031,Bell County,250,Lone Jack School Center,031250,007031250,210039000000,SESC,907,A1,"21,931","8,638","2,737","3,281","30,569","6,018","43,066"
20242025,007,BELL,031,Bell County,345,Right Fork School Center,031345,007031345,210039000000,SESC,907,A1,"28,966","12,364","3,252","1,743","41,597","4,995","51,426"
20242025,007,BELL,031,Bell County,390,Yellow Creek School Center,031390,007031390,210039000000,SESC,907,A1,"19,986","9,382","2,926","3,473","29,268","6,399","40,939"
20242025,019,CAMPBELL,032,Bellevue Independent,010,Bellevue High School,032010,019032010,210042000000,NKCES,905,A1,"15,745","4,321",667,"3,369","20,073","4,034","30,203"
20242025,019,CAMPBELL,032,Bellevue Independent,020,Grandview Elementary School,032020,019032020,210042000000,NKCES,905,A1,"17,335","3,714","1,712","2,155","21,054","3,866","59,766"
20242025,073,MADISON,034,Berea Independent,010,Berea Community Elementary School,034010,073034010,210048000000,SESC,907,A1,"13,789","2,985","1,086",757,"16,774","1,843","22,274"
20242025,073,MADISON,034,Berea Independent,015,Berea Community Middle School,034015,073034015,210048000000,SESC,907,A1,"15,241","2,753","1,640",751,"17,995","2,391","24,042"
20242025,073,MADISON,034,Berea Independent,020,Berea Community High School,034020,073034020,210048000000,SESC,907,A1,"13,849","3,241","1,052",861,"17,089","1,913","22,659"
20242025,008,BOONE,035,Boone County,005,A M Yealey Elementary School,035005,008035005,210051000000,NKCES,905,A1,"11,372",970,"1,019",925,"12,342","1,944","14,286"
20242025,008,BOONE,035,Boone County,006,Erpenbeck Elementary School,035006,008035006,210051000000,NKCES,905,A1,"10,978",976,395,400,"11,954",795,"12,750"
20242025,008,BOONE,035,Boone County,008,North Pointe Elementary School,035008,008035008,210051000000,NKCES,905,A1,"12,710","1,167",673,447,"13,877","1,120","14,997"
20242025,008,BOONE,035,Boone County,010,Camp Ernst Middle School,035010,008035010,210051000000,NKCES,905,A1,"10,220","1,089",608,474,"11,309","1,082","12,391"
20242025,008,BOONE,035,Boone County,011,Shirley Mann Elementary School,035011,008035011,210051000000,NKCES,905,A1,"10,492","1,186",389,289,"11,678",678,"12,356"
20242025,008,BOONE,035,Boone County,012,Thornwilde Elementary School,035012,008035012,210051000000,NKCES,905,A1,"10,094",906,498,442,"11,000",941,"11,941"
20242025,008,BOONE,035,Boone County,015,Randall K. Cooper High School,035015,008035015,210051000000,NKCES,905,A1,"8,859","1,904",373,244,"10,763",617,"11,380"
20242025,008,BOONE,035,Boone County,017,Longbranch Elementary School,035017,008035017,210051000000,NKCES,905,A1,"9,452",821,453,382,"10,273",835,"11,108"
20242025,008,BOONE,035,Boone County,018,Steeplechase Elementary School,035018,008035018,210051000000,NKCES,905,A1,"10,402",709,863,"1,067","11,111","1,930","13,041"
20242025,008,BOONE,035,Boone County,020,Rector A. Jones Middle School,035020,008035020,210051000000,NKCES,905,A1,"10,531",934,"1,070",738,"11,464","1,808","13,272"
20242025,008,BOONE,035,Boone County,025,Ballyshannon Middle School,035025,008035025,210051000000,NKCES,905,A1,"9,873","1,353",400,301,"11,226",701,"11,928"
20242025,008,BOONE,035,Boone County,030,Boone County High School,035030,008035030,210051000000,NKCES,905,A1,"10,254","1,939",576,488,"12,193","1,063","13,256"
20242025,008,BOONE,035,Boone County,040,Burlington Elementary School,035040,008035040,210051000000,NKCES,905,A1,"10,941",832,"1,012",691,"11,772","1,703","13,476"
20242025,008,BOONE,035,Boone County,041,Charles H. Kelly Elementary School,035041,008035041,210051000000,NKCES,905,A1,"13,274","1,421",858,"1,120","14,695","1,978","16,673"
20242025,008,BOONE,035,Boone County,043,Conner Middle School,035043,008035043,210051000000,NKCES,905,A1,"9,820","1,124",695,259,"10,944",954,"11,898"
20242025,008,BOONE,035,Boone County,045,Conner High School,035045,008035045,210051000000,NKCES,905,A1,"9,043","1,528",364,257,"10,571",621,"11,192"
20242025,008,BOONE,035,Boone County,050,Florence Elementary School,035050,008035050,210051000000,NKCES,905,A1,"10,578",798,"1,184",955,"11,376","2,139","13,515"
20242025,008,BOONE,035,Boone County,055,Chester Goodridge Elementary School,035055,008035055,210051000000,NKCES,905,A1,"9,901","1,196",841,865,"11,097","1,706","12,802"
20242025,008,BOONE,035,Boone County,065,Hillard Collins Elementary School,035065,008035065,210051000000,NKCES,905,A1,"11,352","1,399","1,051",866,"12,752","1,917","14,669"
20242025,008,BOONE,035,Boone County,071,Larry A. Ryle High School,035071,008035071,210051000000,NKCES,905,A1,"8,835","1,771",365,263,"10,607",628,"11,235"
20242025,008,BOONE,035,Boone County,075,Gray Middle School,035075,008035075,210051000000,NKCES,905,A1,"9,327","1,133",511,247,"10,460",758,"11,218"
20242025,008,BOONE,035,Boone County,080,New Haven Elementary School,035080,008035080,210051000000,NKCES,905,A1,"10,669","1,026",571,289,"11,694",860,"12,554"
20242025,008,BOONE,035,Boone County,081,Ockerman Elementary School,035081,008035081,210051000000,NKCES,905,A1,"9,521",770,"1,298",971,"10,291","2,269","12,560"
20242025,008,BOONE,035,Boone County,083,Stephens Elementary School,035083,008035083,210051000000,NKCES,905,A1,"12,458",929,863,"1,015","13,387","1,878","15,265"
20242025,008,BOONE,035,Boone County,085,Ockerman Middle School,035085,008035085,210051000000,NKCES,905,A1,"10,188","1,163",532,479,"11,351","1,011","12,362"
20242025,009,BOURBON,041,Bourbon County,010,Bourbon Central Elementary School,041010,009041010,210054000000,CKEC,901,A1,"12,251","2,802","1,487",135,"15,054","1,623","16,677"
20242025,009,BOURBON,041,Bourbon County,030,Cane Ridge Elementary School,041030,009041030,210054000000,CKEC,901,A1,"12,375","2,861","1,529",164,"15,237","1,693","16,930"
20242025,009,BOURBON,041,Bourbon County,090,North Middletown Elementary School,041090,009041090,210054000000,CKEC,901,A1,"13,553","3,215","1,010",124,"16,629","1,135","17,903"
20242025,009,BOURBON,041,Bourbon County,110,Bourbon County High School,041110,009041110,210054000000,CKEC,901,A1,"11,205","3,524",565,213,"14,729",778,"15,507"
20242025,009,BOURBON,041,Bourbon County,120,Bourbon County Middle School,041120,009041120,210054000000,CKEC,901,A1,"11,419","3,079",594,129,"14,498",724,"15,222"
20242025,114,WARREN,042,Bowling Green Independent,010,Dishman McGinnis Elementary School,042010,114042010,210057000000,GRREC,902,A1,"11,321","3,284",880,299,"14,605","1,180","18,835"
20242025,114,WARREN,042,Bowling Green Independent,057,Parker-Bennett-Curry School,042057,114042057,210057000000,GRREC,902,A1,"11,416","3,710","1,527",199,"15,126","1,725","20,133"
20242025,114,WARREN,042,Bowling Green Independent,060,Potter Gray Elementary,042060,114042060,210057000000,GRREC,902,A1,"9,435","2,817",602,112,"12,252",714,"15,440"
20242025,114,WARREN,042,Bowling Green Independent,065,Bowling Green Junior High,042065,114042065,210057000000,GRREC,902,A1,"9,710","3,094",872,155,"12,805","1,028","16,587"
20242025,114,WARREN,042,Bowling Green Independent,070,Bowling Green High School,042070,114042070,210057000000,GRREC,902,A1,"9,798","3,175",586,212,"12,974",799,"16,265"
20242025,114,WARREN,042,Bowling Green Independent,080,T C Cherry Elementary School,042080,114042080,210057000000,GRREC,902,A1,"13,278","3,583","1,017",145,"16,861","1,162","21,528"
20242025,114,WARREN,042,Bowling Green Independent,090,W R McNeill Elementary School,042090,114042090,210057000000,GRREC,902,A1,"10,659","2,660",747,115,"13,318",862,"16,898"
20242025,010,BOYD,045,Boyd County,010,Boyd County High School,045010,010045010,210062000108,KEDC,903,A1,"10,883","1,819",86,135,"12,702",221,"12,923"
20242025,010,BOYD,045,Boyd County,020,Cannonsburg Elementary School,045020,010045020,210062000000,KEDC,903,A1,"12,934","1,252","1,207",37,"14,185","1,244","15,430"
20242025,010,BOYD,045,Boyd County,035,Boyd County Middle School,045035,010045035,210062000000,KEDC,903,A1,"10,030","1,248",601,26,"11,278",627,"11,905"
20242025,010,BOYD,045,Boyd County,080,Summit Elementary School,045080,010045080,210062000000,KEDC,903,A1,"10,387","1,544",736,15,"11,933",751,"12,684"
20242025,010,BOYD,045,Boyd County,095,Catlettsburg Elementary School,045095,010045095,210062000000,KEDC,903,A1,"14,975","2,196","1,026",33,"17,172","1,057","18,230"
20242025,010,BOYD,045,Boyd County,097,Ponderosa Elementary School,045097,010045097,210062000000,KEDC,903,A1,"9,926","1,353",546,5,"11,280",554,"11,833"
20242025,011,BOYLE,051,Boyle County,003,Boyle County Middle School,051003,011051003,210063000000,CKEC,901,A1,"11,760","2,233",268,110,"13,479",378,"13,856"
20242025,011,BOYLE,051,Boyle County,005,Boyle County High School,051005,011051005,210063000000,CKEC,901,A1,"11,004","3,231",150,104,"14,183",283,"14,467"
20242025,011,BOYLE,051,Boyle County,040,Junction City Elementary School,051040,011051040,210063000000,CKEC,901,A1,"10,415","2,102",956,109,"12,494","1,065","13,559"
20242025,011,BOYLE,051,Boyle County,050,Woodlawn Elementary School,051050,011051050,210063000000,CKEC,901,A1,"10,582","2,231",721,111,"12,790",832,"13,623"
20242025,011,BOYLE,051,Boyle County,080,Perryville Elementary School,051080,011051080,210063000000,CKEC,901,A1,"11,228","2,233","1,184",111,"12,941","1,295","14,236"
20242025,012,BRACKEN,055,Bracken County,010,Bracken County High School,055010,012055010,210066000000,NKCES,905,A1,"10,057","4,311",450,232,"14,368",683,"15,051"
20242025,012,BRACKEN,055,Bracken County,050,Taylor Elementary School,055050,012055050,210066000000,NKCES,905,A1,"12,004","2,811","1,021",570,"14,815","1,591","16,406"
20242025,012,BRACKEN,055,Bracken County,060,Bracken County Middle School,055060,012055060,210066000000,NKCES,905,A1,"9,711","2,946",848,347,"12,656","1,195","13,851"
20242025,013,BREATHITT,061,Breathitt County,030,Highland-Turner Elementary School,061030,013061030,210069000000,KVEC,904,A1,"11,160","4,191","2,050","1,823","15,352","3,872","19,224"
20242025,013,BREATHITT,061,Breathitt County,035,Breathitt Elementary,061035,013061035,210069000000,KVEC,904,A1,"10,485","2,478","1,682","1,208","12,964","2,882","15,846"
20242025,013,BREATHITT,061,Breathitt County,060,Breathitt County High School,061060,013061060,210069000000,KVEC,904,A1,"10,386","4,289","1,986","2,033","14,674","4,019","18,693"
20242025,013,BREATHITT,061,Breathitt County,150,Sebastian Elementary School,061150,013061150,210069000000,KVEC,904,A1,"10,195","3,345","1,822","1,049","13,541","2,879","16,420"
20242025,014,BRECKINRIDGE,065,Breckinridge County,010,Breckinridge County High School,065010,014065010,210072000000,GRREC,902,A1,"9,353","2,479",543,294,"11,832",837,"12,669"
20242025,014,BRECKINRIDGE,065,Breckinridge County,020,Hardinsburg Elementary School,065020,014065020,210072000000,GRREC,902,A1,"9,879","2,297","1,776",265,"12,176","2,041","14,217"
20242025,014,BRECKINRIDGE,065,Breckinridge County,030,Ben Johnson Elementary School,065030,014065030,210072000000,GRREC,902,A1,"11,164","2,617","1,277",254,"13,781","1,531","15,312"
20242025,014,BRECKINRIDGE,065,Breckinridge County,040,Custer Elementary School,065040,014065040,210072000000,GRREC,902,A1,"13,113","3,438","1,777",293,"16,551","2,070","18,621"
20242025,014,BRECKINRIDGE,065,Breckinridge County,050,Irvington Elementary School,065050,014065050,210072000141,GRREC,902,A1,"10,064","2,275","1,925",300,"12,339","2,225","14,564"
20242025,014,BRECKINRIDGE,065,Breckinridge County,100,Breckinridge County Middle School,065100,014065100,210072000000,GRREC,902,A1,"9,707","2,136","1,045",250,"11,843","1,295","13,138"
20242025,015,BULLITT,071,Bullitt County,005,Bernheim Middle School,071005,015071005,210075000000,OVEC,906,A1,"11,217","2,109",405,144,"13,327",549,"21,369"
20242025,015,BULLITT,071,Bullitt County,006,Freedom Elementary School,071006,015071006,210075000000,OVEC,906,A1,"9,025","1,983",497,195,"11,008",691,"19,132"
20242025,015,BULLITT,071,Bullitt County,007,Zoneton Middle School,071007,015071007,210075000000,OVEC,906,A1,"10,519","2,253",404,251,"12,772",655,"20,915"
20242025,015,BULLITT,071,Bullitt County,008,Shepherdsville Elementary,071008,015071008,210075000000,OVEC,906,A1,"11,204","2,094",711,127,"13,299",839,"21,650"
20242025,015,BULLITT,071,Bullitt County,009,Eastside Middle School,071009,015071009,210075000000,OVEC,906,A1,"10,142","1,879",349,59,"12,021",408,"19,838"
20242025,015,BULLITT,071,Bullitt County,010,Brooks Elementary School,071010,015071010,210075000000,OVEC,906,A1,"12,454","2,325",660,101,"14,779",761,"23,005"
20242025,015,BULLITT,071,Bullitt County,015,Bullitt Central High School,071015,015071015,210075000000,OVEC,906,A1,"10,614","2,534",372,83,"13,147",455,"21,045"
20242025,015,BULLITT,071,Bullitt County,016,Bullitt East High School,071016,015071016,210075000000,OVEC,906,A1,"9,152","2,485",391,71,"11,636",463,"19,509"
20242025,015,BULLITT,071,Bullitt County,018,Bullitt Lick Middle School,071018,015071018,210075000000,OVEC,906,A1,"11,733","2,257",537,84,"13,990",621,"22,090"
20242025,015,BULLITT,071,Bullitt County,020,Cedar Grove Elementary,071020,015071020,210075000000,OVEC,906,A1,"11,340","2,238",439,105,"13,577",544,"21,587"
20242025,015,BULLITT,071,Bullitt County,025,Hebron Middle School,071025,015071025,210075000000,OVEC,906,A1,"9,780","2,039",299,78,"11,819",376,"19,632"
20242025,015,BULLITT,071,Bullitt County,030,Lebanon Junction Elementary,071030,015071030,210075000000,OVEC,906,A1,"11,936","2,318",583,78,"14,255",661,"22,404"
20242025,015,BULLITT,071,Bullitt County,045,Maryville Elementary School,071045,015071045,210075000000,OVEC,906,A1,"11,457","2,207",487,156,"13,664",643,"21,804"
20242025,015,BULLITT,071,Bullitt County,050,MT. Washington Middle School,071050,015071050,210075000000,OVEC,906,A1,"10,019","2,176",653,124,"12,195",777,"20,408"
20242025,015,BULLITT,071,Bullitt County,055,MT. Washington Elementary,071055,015071055,210075000000,OVEC,906,A1,"10,234","2,045",272,58,"12,279",331,"20,018"
20242025,015,BULLITT,071,Bullitt County,060,Crossroads Elementary,071060,015071060,210075000000,OVEC,906,A1,"11,012","2,117",768,179,"13,129",947,"21,534"
20242025,015,BULLITT,071,Bullitt County,065,Pleasant Grove Elementary School,071065,015071065,210075000000,OVEC,906,A1,"9,967","1,984",268,58,"11,951",327,"19,678"
20242025,015,BULLITT,071,Bullitt County,070,Nichols Elementary,071070,015071070,210075000000,OVEC,906,A1,"17,176","2,657",433,185,"19,833",618,"28,177"
20242025,015,BULLITT,071,Bullitt County,075,North Bullitt High School,071075,015071075,210075000000,OVEC,906,A1,"9,964","2,885",388,93,"12,848",482,"20,766"
20242025,015,BULLITT,071,Bullitt County,078,Old Mill Elementary School,071078,015071078,210075000000,OVEC,906,A1,"9,796","1,990",433,58,"11,787",492,"19,714"
20242025,015,BULLITT,071,Bullitt County,080,Overdale Elementary School,071080,015071080,210075000000,OVEC,906,A1,"10,692","2,235",418,169,"12,927",587,"20,990"
20242025,015,BULLITT,071,Bullitt County,090,Roby Elementary School,071090,015071090,210075000000,OVEC,906,A1,"11,060","2,240",805,121,"13,300",926,"21,679"
20242025,084,MERCER,072,Burgin Independent,030,Burgin Independent School,072030,084072030,210078000000,CKEC,901,A1,"20,433","4,482",763,282,"24,915","1,045","28,191"
20242025,016,BUTLER,075,Butler County,030,Butler County High School,075030,016075030,210081000000,GRREC,902,A1,"9,642","5,516",485,125,"15,122",610,"16,987"
20242025,016,BUTLER,075,Butler County,031,North Butler Elementary,075031,016075031,210081000000,GRREC,902,A1,"9,822","4,457",639,104,"14,279",743,"16,317"
20242025,016,BUTLER,075,Butler County,035,Butler County Middle School,075035,016075035,210081000000,GRREC,902,A1,"9,669","4,308",793,111,"13,926",904,"16,112"
20242025,016,BUTLER,075,Butler County,120,Morgantown Elementary School,075120,016075120,210081000000,GRREC,902,A1,"9,086","4,331",988,112,"13,417","1,100","15,793"
20242025,017,CALDWELL,081,Caldwell County,010,Caldwell County High School,081010,017081010,210084000000,WKEC,908,A1,"9,883","3,633",256,704,"13,518",959,"15,660"
20242025,017,CALDWELL,081,Caldwell County,020,Caldwell County Middle School,081020,017081020,210084000000,WKEC,908,A1,"9,505","2,868","1,012",715,"12,375","1,727","16,187"
20242025,017,CALDWELL,081,Caldwell County,030,Caldwell County Primary School,081030,017081030,210084000000,WKEC,908,A1,"9,965","2,617","1,164",703,"12,582","1,867","16,685"
20242025,017,CALDWELL,081,Caldwell County,070,Caldwell County Elementary School,081070,017081070,210084000000,WKEC,908,A1,"8,466","2,766","1,312",973,"11,233","2,284","14,799"
20242025,018,CALLOWAY,085,Calloway County,020,Calloway County High School,085020,018085020,210087000000,WKEC,908,A1,"9,407","3,136",741,375,"12,543","1,116","16,993"
20242025,018,CALLOWAY,085,Calloway County,025,East Calloway Elementary School,085025,018085025,210087000000,WKEC,908,A1,"10,637","2,545","1,498",302,"13,182","1,800","18,312"
20242025,018,CALLOWAY,085,Calloway County,035,North Calloway Elementary School,085035,018085035,210087000000,WKEC,908,A1,"9,066","2,332","1,419",258,"11,398","1,677","16,414"
20242025,018,CALLOWAY,085,Calloway County,045,Southwest Calloway Elementary School,085045,018085045,210087000000,WKEC,908,A1,"11,407","2,233",855,269,"12,640","1,124","17,093"
20242025,018,CALLOWAY,085,Calloway County,055,Calloway County Middle School,085055,018085055,210087000000,WKEC,908,A1,"9,152","2,117","1,140",288,"11,268","1,428","16,027"
20242025,019,CAMPBELL,091,Campbell County,011,Campbell County Middle School,091011,019091011,210090000000,NKCES,905,A1,"11,192","3,002",592,278,"14,194",870,"15,064"
20242025,019,CAMPBELL,091,Campbell County,012,John W. Reiley Elementary School,091012,019091012,210090000000,NKCES,905,A1,"12,339","2,564",461,288,"14,903",749,"15,653"
20242025,019,CAMPBELL,091,Campbell County,013,Donald E. Cline Elementary School,091013,019091013,210090000000,NKCES,905,A1,"12,787","3,029",672,264,"15,815",936,"16,751"
20242025,019,CAMPBELL,091,Campbell County,019,Campbell Ridge Elementary,091019,019091019,210090000000,NKCES,905,A1,"12,727","2,522",837,310,"15,250","1,147","16,397"
20242025,019,CAMPBELL,091,Campbell County,035,Crossroads Elementary School,091035,019091035,210090000000,NKCES,905,A1,"12,838","2,511","1,101",403,"15,349","1,504","16,853"
20242025,019,CAMPBELL,091,Campbell County,050,Grant's Lick Elementary School,091050,019091050,210090000000,NKCES,905,A1,"13,831","3,039",703,298,"16,870","1,001","17,871"
20242025,019,CAMPBELL,091,Campbell County,100,Campbell County High School,091100,019091100,210090000000,NKCES,905,A1,"10,462","4,015",503,302,"14,477",805,"15,282"
20242025,109,TAYLOR,092,Campbellsville Independent,010,Campbellsville Elementary School,092010,109092010,210093000000,GRREC,902,A1,"9,929","2,312","1,014",82,"12,240","1,096","26,098"
20242025,109,TAYLOR,092,Campbellsville Independent,020,Campbellsville High School,092020,109092020,210093000000,GRREC,902,A1,"11,072","3,424",763,166,"14,496",929,"28,185"
20242025,109,TAYLOR,092,Campbellsville Independent,025,Campbellsville Middle School,092025,109092025,210093000000,GRREC,902,A1,"10,215","2,376","1,206",70,"12,591","1,276","26,627"
20242025,020,CARLISLE,095,Carlisle County,020,Carlisle County Middle School,095020,020095020,210096000000,WKEC,908,A1,"10,409","3,362",655,273,"13,771",928,"17,258"
20242025,020,CARLISLE,095,Carlisle County,040,Carlisle County High School,095040,020095040,210096000000,WKEC,908,A1,"11,562","4,916",395,311,"16,478",706,"19,742"
20242025,020,CARLISLE,095,Carlisle County,060,Carlisle County Elementary School,095060,020095060,210096000000,WKEC,908,A1,"11,364","2,687","1,813",363,"14,057","2,178","18,794"
20242025,021,CARROLL,101,Carroll County,005,Cartmell Elementary,101005,021101005,210099000000,OVEC,906,A1,"13,385","3,696","1,004",106,"17,081","1,110","18,191"
20242025,021,CARROLL,101,Carroll County,010,Kathryn Winn Primary,101010,021101010,210099000000,OVEC,906,A1,"13,539","5,340",920,191,"18,879","1,111","19,990"
20242025,021,CARROLL,101,Carroll County,018,Carroll County High School,101018,021101018,210099000000,OVEC,906,A1,"11,093","4,674",484,159,"15,767",643,"16,410"
20242025,021,CARROLL,101,Carroll County,019,Carroll County Middle School,101019,021101019,210099000000,OVEC,906,A1,"10,971","3,835","1,860",377,"14,806","2,237","17,043"
20242025,022,CARTER,105,Carter County,052,Heritage Elementary School,105052,022105052,210102000000,KEDC,903,A1,"9,913","2,094",868,385,"12,007","1,253","20,841"
20242025,022,CARTER,105,Carter County,053,Tygart Creek Elementary School,105053,022105053,210102000000,KEDC,903,A1,"10,434","2,132",804,339,"12,565","1,141","21,397"
20242025,022,CARTER,105,Carter County,060,Carter City Elementary School,105060,022105060,210102000000,KEDC,903,A1,"12,029","3,313",878,327,"15,339","1,205","24,314"
20242025,022,CARTER,105,Carter County,120,East Carter County High School,105120,022105120,210102000000,KEDC,903,A1,"9,576","2,156",532,360,"11,732",889,"20,137"
20242025,022,CARTER,105,Carter County,130,East Carter Middle School,105130,022105130,210102000000,KEDC,903,A1,"8,479","1,960",989,318,"10,439","1,307","19,210"
20242025,022,CARTER,105,Carter County,250,Olive Hill Elementary School,105250,022105250,210102000000,KEDC,903,A1,"8,932","2,105","1,050",464,"11,037","1,514","22,925"
20242025,022,CARTER,105,Carter County,340,Prichard Elementary School,105340,022105340,210102000000,KEDC,903,A1,"9,697","1,518",973,367,"11,214","1,340","20,111"
20242025,022,CARTER,105,Carter County,450,Star Elementary School,105450,022105450,210102000000,KEDC,903,A1,"11,072","1,807",762,317,"12,879","1,076","21,820"
20242025,022,CARTER,105,Carter County,500,West Carter County High School,105500,022105500,210102000000,KEDC,903,A1,"10,256","2,739",390,379,"12,996",761,"21,323"
20242025,022,CARTER,105,Carter County,505,West Carter Middle School,105505,022105505,210102000000,KEDC,903,A1,"9,445","1,891","1,175",329,"11,336","1,504","1,891"
20242025,023,CASEY,111,Casey County,015,Walnut Hill Elementary School,111015,023111015,210105000000,SESC,907,A1,"10,191","2,422","2,230","1,521","12,613","3,751","16,364"
20242025,023,CASEY,111,Casey County,026,Jones Park Elementary,111026,023111026,210105000000,SESC,907,A1,"11,849","2,621","1,505","2,400","14,470","3,905","18,375"
20242025,023,CASEY,111,Casey County,045,Casey County High School,111045,023111045,210105000000,SESC,907,A1,"10,339","4,685","1,384","1,444","15,024","2,828","17,852"
20242025,023,CASEY,111,Casey County,070,Casey County Middle School,111070,023111070,210105000000,SESC,907,A1,"8,701","2,338","1,647",839,"11,039","2,486","13,525"
20242025,023,CASEY,111,Casey County,190,Liberty Elementary School,111190,023111190,210105000000,SESC,907,A1,"9,003","2,360","2,087",762,"11,363","2,849","14,212"
20242025,005,BARREN,113,Caverna Independent,025,Caverna Elementary School,113025,005113025,210111000000,GRREC,902,A1,"14,299","2,915","1,636","1,609","17,219","3,239","21,116"
20242025,005,BARREN,113,Caverna Independent,026,Caverna Middle School,113026,005113026,210111000000,GRREC,902,A1,"13,455","2,442","2,268","2,095","15,897","4,363","20,912"
20242025,005,BARREN,113,Caverna Independent,030,Caverna High School,113030,005113030,210111000000,GRREC,902,A1,"14,287","5,363","1,663","2,268","19,650","3,930","26,740"
20242025,024,CHRISTIAN,115,Christian County,026,Freedom Elementary School,115026,024115026,210115000000,WKEC,908,A1,"10,772","2,727","1,413",342,"13,498","1,756","22,230"
20242025,024,CHRISTIAN,115,Christian County,030,Christian County High School,115030,024115030,210115000000,WKEC,908,A1,"9,333","2,698",767,257,"12,031","1,024","19,920"
20242025,024,CHRISTIAN,115,Christian County,035,Christian County Middle School,115035,024115035,210115000000,WKEC,908,A1,"8,326","2,350",641,501,"10,676","1,142","18,704"
20242025,024,CHRISTIAN,115,Christian County,040,Crofton Elementary School,115040,024115040,210115000000,WKEC,908,A1,"10,327","2,468",816,312,"12,795","1,128","20,835"
20242025,024,CHRISTIAN,115,Christian County,050,Hopkinsville High School,115050,024115050,210115000000,WKEC,908,A1,"9,410","2,827",773,231,"12,237","1,004","20,124"
20242025,024,CHRISTIAN,115,Christian County,055,Indian Hills Elementary School,115055,024115055,210115000000,WKEC,908,A1,"8,876","2,634","1,484",366,"11,510","1,850","20,268"
20242025,024,CHRISTIAN,115,Christian County,058,Hopkinsville Middle School,115058,024115058,210115000000,WKEC,908,A1,"8,296","2,798",862,368,"11,094","1,230","19,199"
20242025,024,CHRISTIAN,115,Christian County,125,Millbrooke Elementary School,115125,024115125,210115000000,WKEC,908,A1,"9,325","2,917","1,084",637,"12,243","1,721","20,881"
20242025,024,CHRISTIAN,115,Christian County,130,Pembroke Elementary School,115130,024115130,210115000000,WKEC,908,A1,"9,754","2,322","1,143",288,"12,076","1,430","20,426"
20242025,024,CHRISTIAN,115,Christian County,150,Sinking Fork Elementary School,115150,024115150,210115000000,WKEC,908,A1,"9,401","2,518","1,057",258,"11,918","1,315","20,152"
20242025,024,CHRISTIAN,115,Christian County,170,South Christian Elementary School,115170,024115170,210115000000,WKEC,908,A1,"9,653","2,464",841,329,"12,117","1,170","20,205"
20242025,025,CLARK,121,Clark County,002,Willis H. Justice Elementary School,121002,025121002,210120000000,CKEC,901,A1,"12,270","2,972","1,069",137,"15,242","1,206","17,755"
20242025,025,CLARK,121,Clark County,004,Strode Station Elementary School,121004,025121004,210120000000,CKEC,901,A1,"11,689","3,030",920,166,"14,719","1,086","17,168"
20242025,025,CLARK,121,Clark County,006,Shearer Elementary School,121006,025121006,210120000000,CKEC,901,A1,"11,786","2,949",835,156,"14,735",991,"17,035"
20242025,025,CLARK,121,Clark County,008,William G. Conkwright Elementary,121008,025121008,210120000000,CKEC,901,A1,"12,555","2,967","1,045",174,"15,522","1,219","18,050"
20242025,025,CLARK,121,Clark County,023,Robert D. Campbell Jr. High,121023,025121023,210120000000,CKEC,901,A1,"10,477","3,182",890,196,"13,659","1,086","16,054"
20242025,025,CLARK,121,Clark County,026,Rev. Henry E. Baker Sr. Interm. School,121026,025121026,210120000000,CKEC,901,A1,"10,269","2,863",626,105,"13,132",731,"15,172"
20242025,025,CLARK,121,Clark County,030,George Rogers Clark High School,121030,025121030,210120000000,CKEC,901,A1,"10,793","3,514",675,198,"14,307",873,"16,489"
20242025,026,CLAY,125,Clay County,040,Big Creek Elementary,125040,026125040,210123000000,SESC,907,A1,"14,312","3,136","2,793",652,"17,448","3,445","22,716"
20242025,026,CLAY,125,Clay County,070,Burning Springs Elementary,125070,026125070,210123000000,SESC,907,A1,"10,682","2,272","2,064",439,"12,954","2,503","17,015"
20242025,026,CLAY,125,Clay County,095,Clay County Middle School,125095,026125095,210123000000,SESC,907,A1,"11,759","2,599","1,806",216,"14,358","2,022","18,020"
20242025,026,CLAY,125,Clay County,100,Clay County High School,125100,026125100,210123000000,SESC,907,A1,"10,017","2,822","1,149",416,"12,839","1,564","33,765"
20242025,026,CLAY,125,Clay County,200,Goose Rock Elementary,125200,026125200,210123000000,SESC,907,A1,"11,939","2,252","2,122",284,"14,191","2,406","18,205"
20242025,026,CLAY,125,Clay County,220,Hacker Elementary School,125220,026125220,210123000000,SESC,907,A1,"11,062","2,100","2,472",399,"13,162","2,871","17,405"
20242025,026,CLAY,125,Clay County,500,Manchester Elementary School,125500,026125500,210123000000,SESC,907,A1,"10,013","2,161","1,931",348,"12,174","2,280","16,069"
20242025,026,CLAY,125,Clay County,570,Oneida Elementary School,125570,026125570,210123000000,SESC,907,A1,"12,153","2,889","2,535",455,"15,042","2,989","25,188"
20242025,026,CLAY,125,Clay County,580,Paces Creek Elementary,125580,026125580,210123000000,SESC,907,A1,"9,873","2,308","2,270",308,"12,182","2,579","16,513"
20242025,027,CLINTON,131,Clinton County,015,Albany Elementary School,131015,027131015,210126000000,GRREC,902,A1,"9,727","3,124","1,247",635,"12,852","1,882","16,387"
20242025,027,CLINTON,131,Clinton County,020,Clinton County Early Childhood Center,131020,027131020,210126000000,GRREC,902,A1,"17,655","5,443","1,595","1,588","23,097","3,183","27,738"
20242025,027,CLINTON,131,Clinton County,045,Clinton County Middle School,131045,027131045,210126000000,GRREC,902,A1,"10,159","3,455",984,"1,278","13,613","2,262","17,711"
20242025,027,CLINTON,131,Clinton County,050,Clinton County High School,131050,027131050,210126000000,GRREC,902,A1,"11,028","4,873","1,979",953,"15,901","2,932","20,455"
20242025,014,BRECKINRIDGE,132,Cloverport Independent,030,Cloverport Independent School,132030,014132030,210129000000,GRREC,902,A1,"7,535","2,911","1,317",188,"10,445","1,505","11,951"
20242025,118,WHITLEY,133,Corbin Independent,019,CORBIN ELEMENTARY SCHOOL,133019,118133019,210132000000,SESC,907,A1,"10,424","1,751","1,610",542,"12,175","2,152","18,428"
20242025,118,WHITLEY,133,Corbin Independent,040,Corbin High School,133040,118133040,210132000000,SESC,907,A1,"10,880","2,949",542,515,"13,829","1,057","24,824"
20242025,118,WHITLEY,133,Corbin Independent,050,Corbin Middle School,133050,118133050,210132000000,SESC,907,A1,"9,424","2,234",998,473,"11,658","1,471","17,172"
20242025,118,WHITLEY,133,Corbin Independent,070,Corbin Primary,133070,118133070,210132000000,SESC,907,A1,"9,652","1,701","1,323",444,"11,353","1,767","17,190"
20242025,059,KENTON,134,Covington Independent,017,Holmes Middle School,134017,059134017,210135000000,NKCES,905,A1,"2,172","12,828","1,475",670,"15,000","2,145","18,632"
20242025,059,KENTON,134,Covington Independent,019,Holmes High School,134019,059134019,210135000000,NKCES,905,A1,"4,796","13,720","1,795",629,"18,516","2,424","34,631"
20242025,059,KENTON,134,Covington Independent,110,John G Carlisle Elementary,134110,059134110,210135000000,NKCES,905,A1,"2,248","12,911","1,456",648,"15,159","2,104","18,845"
20242025,059,KENTON,134,Covington Independent,115,Latonia Elementary School,134115,059134115,210135000000,NKCES,905,A1,"2,802","14,252","1,809",587,"17,054","2,396","20,876"
20242025,059,KENTON,134,Covington Independent,150,Ninth District Elementary,134150,059134150,210135000000,NKCES,905,A1,"2,524","13,026","1,768",549,"15,550","2,317","19,208"
20242025,059,KENTON,134,Covington Independent,160,Glenn O Swing Elementary,134160,059134160,210135000000,NKCES,905,A1,"2,376","12,790","1,520",465,"15,166","1,985","19,857"
20242025,059,KENTON,134,Covington Independent,170,Sixth District Elementary School,134170,059134170,210135000000,NKCES,905,A1,"2,571","12,380","1,632",464,"14,951","2,096","18,175"
20242025,028,CRITTENDEN,135,Crittenden County,020,Crittenden County High School,135020,028135020,210138000000,WKEC,908,A1,"10,472","5,370","1,027","1,169","15,842","2,196","25,000"
20242025,028,CRITTENDEN,135,Crittenden County,025,Crittenden County Middle School,135025,028135025,210138000000,WKEC,908,A1,"10,059","3,910","1,369",643,"13,969","2,012","22,943"
20242025,028,CRITTENDEN,135,Crittenden County,100,Crittenden County Elementary School,135100,028135100,210138000000,WKEC,908,A1,"9,893","3,956",820,633,"13,850","1,452","22,264"
20242025,029,CUMBERLAND,141,Cumberland County,070,Cumberland County Elementary School,141070,029141070,210141000000,GRREC,902,A1,"19,983","6,794","2,229",911,"10,989","3,140","26,778"
20242025,029,CUMBERLAND,141,Cumberland County,075,Cumberland County Middle School,141075,029141075,210141000000,GRREC,902,A1,"20,570","5,988","2,726","1,082","10,750","2,726","26,558"
20242025,029,CUMBERLAND,141,Cumberland County,080,Cumberland County High School,141080,029141080,210141000000,GRREC,902,A1,"20,525","6,981","2,666","1,278","11,617","3,944","27,506"
20242025,011,BOYLE,143,Danville Independent,003,Mary G. Hogsett Primary School,143003,011143003,210144000000,CKEC,901,A1,"12,007","2,170",845,339,"14,177","1,183","15,361"
20242025,011,BOYLE,143,Danville Independent,005,John W. Bate Middle School,143005,011143005,210144000000,CKEC,901,A1,"11,932","3,074","1,508",332,"15,006","1,840","16,846"
20242025,011,BOYLE,143,Danville Independent,010,Edna L. Toliver Intermediate School,143010,011143010,210144000000,CKEC,901,A1,"11,987","2,383","1,799",350,"14,369","2,149","16,519"
20242025,011,BOYLE,143,Danville Independent,030,Danville High School,143030,011143030,210144000000,CKEC,901,A1,"12,922","3,451",431,748,"16,373","1,178","17,551"
20242025,030,DAVIESS,145,Daviess County,005,Apollo High School,145005,030145005,210147000000,GRREC,902,A1,"11,224","2,526",511,131,"13,750",642,"23,985"
20242025,030,DAVIESS,145,Daviess County,006,Meadow Lands Elementary School,145006,030145006,210147000000,GRREC,902,A1,"11,844","1,820",604,198,"13,665",802,"17,086"
20242025,030,DAVIESS,145,Daviess County,007,East View Elementary School,145007,030145007,210147000000,GRREC,902,A1,"11,411","1,937",686,189,"13,348",874,"16,857"
20242025,030,DAVIESS,145,Daviess County,008,F T Burns Middle School,145008,030145008,210147000000,GRREC,902,A1,"11,016","2,255",529,105,"13,271",634,"16,574"
20242025,030,DAVIESS,145,Daviess County,010,Daviess County High School,145010,030145010,210147000000,GRREC,902,A1,"10,040","2,633",432,130,"12,673",562,"18,163"
20242025,030,DAVIESS,145,Daviess County,011,Southern Oaks Elementary School,145011,030145011,210147000000,GRREC,902,A1,"10,912","1,802",734,124,"12,714",859,"17,263"
20242025,030,DAVIESS,145,Daviess County,020,Daviess County Middle School,145020,030145020,210147000000,GRREC,902,A1,"10,804","1,777",533,100,"12,580",633,"15,942"
20242025,030,DAVIESS,145,Daviess County,025,Highland Elementary School,145025,030145025,210147000000,GRREC,902,A1,"11,309","1,790",730,175,"13,099",905,"16,534"
20242025,030,DAVIESS,145,Daviess County,040,Deer Park Elementary School,145040,030145040,210147000000,GRREC,902,A1,"11,060","1,881",622,172,"12,940",794,"16,560"
20242025,030,DAVIESS,145,Daviess County,070,Sorgho Elementary School,145070,030145070,210147000000,GRREC,902,A1,"12,815","2,288",930,257,"15,103","1,187","18,902"
20242025,030,DAVIESS,145,Daviess County,085,Audubon Elementary School,145085,030145085,210147000000,GRREC,902,A1,"11,724","1,949",775,195,"13,673",970,"17,304"
20242025,030,DAVIESS,145,Daviess County,095,Tamarack Elementary School,145095,030145095,210147000000,GRREC,902,A1,"11,432","1,924",832,268,"13,356","1,100","17,191"
20242025,030,DAVIESS,145,Daviess County,130,West Louisville Elementary School,145130,030145130,210147000000,GRREC,902,A1,"13,719","1,944",709,102,"15,663",811,"19,091"
20242025,030,DAVIESS,145,Daviess County,140,Whitesville Elementary School,145140,030145140,210147000000,GRREC,902,A1,"11,938","2,458",488,224,"14,396",712,"19,505"
20242025,030,DAVIESS,145,Daviess County,145,F T Burns Elementary School,145145,030145145,210147000000,GRREC,902,A1,"11,014","2,010",845,205,"13,024","1,050","17,428"
20242025,030,DAVIESS,145,Daviess County,150,Country Heights Elementary School,145150,030145150,210147000000,GRREC,902,A1,"11,719","1,896",706,103,"13,614",809,"17,068"
20242025,030,DAVIESS,145,Daviess County,155,College View Middle School,145155,030145155,210147000000,GRREC,902,A1,"10,988","1,975",428,101,"12,963",529,"16,303"
20242025,054,HOPKINS,146,Dawson Springs Independent,017,Dawson Springs Elementary,146017,054146017,210150000000,WKEC,908,A1,"11,908","2,686","1,223",578,"14,594","1,802","17,719"
20242025,054,HOPKINS,146,Dawson Springs Independent,018,Dawson Springs Jr/Sr High School,146018,054146018,210150000000,WKEC,908,A1,"10,977","2,826",550,272,"13,803",822,"15,948"
20242025,019,CAMPBELL,147,Dayton Independent,010,Dayton High School,147010,019147010,210153000000,NKCES,905,A1,"13,845","3,856","1,361",783,"17,701","2,144","34,852"
20242025,019,CAMPBELL,147,Dayton Independent,030,Lincoln Elementary School,147030,019147030,210153000000,NKCES,905,A1,"15,070","2,548","1,236",700,"17,618","1,936","34,560"
20242025,063,LAUREL,149,East Bernstadt Independent,010,East Bernstadt Elementary School,149010,063149010,210159000000,SESC,907,A1,"9,652","1,989",959,569,"11,640","1,528","13,572"
20242025,031,EDMONSON,151,Edmonson County,020,South Edmonson Elementary School,151020,031151020,210162000000,GRREC,902,A1,"11,483","2,053","1,220",167,"13,536","1,388","14,924"
20242025,031,EDMONSON,151,Edmonson County,022,Edmonson County 5/6 Center,151022,031151022,210162000000,GRREC,902,A1,"9,192","1,758",700,138,"10,950",838,"11,788"
20242025,031,EDMONSON,151,Edmonson County,050,Edmonson County Middle School,151050,031151050,210162000000,GRREC,902,A1,"10,156","1,993",629,176,"12,149",805,"12,954"
20242025,031,EDMONSON,151,Edmonson County,060,Edmonson County High School,151060,031151060,210162000000,GRREC,902,A1,"10,362","2,988",389,202,"13,351",591,"13,938"
20242025,031,EDMONSON,151,Edmonson County,080,Kyrock Elementary School,151080,031151080,210162000000,GRREC,902,A1,"13,002","2,160","1,617",245,"15,162","1,863","17,024"
20242025,047,HARDIN,152,Elizabethtown Independent,010,Elizabethtown High School,152010,047152010,210165000000,GRREC,902,A1,"9,949","3,775",262,452,"13,724",715,"16,875"
20242025,047,HARDIN,152,Elizabethtown Independent,015,Helmwood Heights Elementary School,152015,047152015,210165000000,GRREC,902,A1,"9,796","2,766",616,491,"12,562","1,107","16,104"
20242025,047,HARDIN,152,Elizabethtown Independent,020,Morningside Elementary School,152020,047152020,210165000000,GRREC,902,A1,"10,898","2,985",517,523,"13,883","1,039","17,358"
20242025,047,HARDIN,152,Elizabethtown Independent,025,Panther Academy,152025,047152025,210165000000,GRREC,902,A1,"17,010","3,272",899,616,"20,282","1,515","24,233"
20242025,047,HARDIN,152,Elizabethtown Independent,035,Talton K Stone Middle School,152035,047152035,210165000000,GRREC,902,A1,"8,685","2,421",377,521,"11,105",898,"14,439"
20242025,032,ELLIOTT,155,Elliott County,100,Elliott County Primary School,155100,032155100,210168000000,KEDC,903,A1,"9,320","3,138","1,676",503,"12,489","2,230","16,406"
20242025,032,ELLIOTT,155,Elliott County,270,Elliott County Intermediate School,155270,032155270,210168000000,KEDC,903,A1,"11,939","4,189","2,215",424,"16,158","2,689","20,534"
20242025,032,ELLIOTT,155,Elliott County,275,Elliott County Middle School,155275,032155275,210168000000,KEDC,903,A1,"9,849","2,449",332,231,"12,328",614,"14,629"
20242025,032,ELLIOTT,155,Elliott County,280,Elliott County High School,155280,032155280,210168000000,KEDC,903,A1,"11,963","3,183",296,319,"14,883",667,"17,541"
20242025,052,HENRY,156,Eminence Independent,010,Eminence High School,156010,052156010,210171000000,OVEC,906,A1,"9,946","3,273",278,350,"13,219",628,"15,895"
20242025,052,HENRY,156,Eminence Independent,020,Eminence Elementary School,156020,052156020,210171000000,OVEC,906,A1,"9,902","2,473",184,159,"12,374",343,"14,765"
20242025,059,KENTON,157,Erlanger-Elsmere Independent,003,Lindeman Elementary School,157003,059157003,210174000000,NKCES,905,A1,"12,511","2,481","1,399",213,"14,992","1,612","17,785"
20242025,059,KENTON,157,Erlanger-Elsmere Independent,005,Arnett Elementary School,157005,059157005,210174000000,NKCES,905,A1,"19,662","2,726","1,795",166,"22,388","1,961","26,646"
20242025,059,KENTON,157,Erlanger-Elsmere Independent,010,Howell Elementary School,157010,059157010,210174000000,NKCES,905,A1,"12,036","2,622","1,737",167,"14,658","1,904","17,837"
20242025,059,KENTON,157,Erlanger-Elsmere Independent,030,Lloyd High School,157030,059157030,210174000000,NKCES,905,A1,"10,128","2,987",227,123,"13,115",350,"18,676"
20242025,059,KENTON,157,Erlanger-Elsmere Independent,050,Miles Elementary School,157050,059157050,210174000000,NKCES,905,A1,"11,816","2,420","1,490",153,"14,236","1,643","17,761"
20242025,059,KENTON,157,Erlanger-Elsmere Independent,060,Tichenor Middle School,157060,059157060,210174000000,NKCES,905,A1,"11,572","2,647",222,143,"14,219",365,"17,448"
20242025,033,ESTILL,161,Estill County,011,Estill Springs Elementary,161011,033161011,210176000000,SESC,907,A1,"8,059","2,353",806,177,"10,412",983,"13,703"
20242025,033,ESTILL,161,Estill County,085,Estill County Middle School,161085,033161085,210176000341,SESC,907,A1,"7,370","2,562",771,187,"9,932",958,"13,295"
20242025,033,ESTILL,161,Estill County,090,Estill County High School,161090,033161090,210176000000,SESC,907,A1,"8,091","3,611","1,203",585,"11,702","1,788","14,984"
20242025,033,ESTILL,161,Estill County,280,West Irvine Elementary,161280,033161280,210176000000,SESC,907,A1,"7,712","2,177","1,021",198,"9,888","1,219","13,211"
20242025,010,BOYD,162,Fairview Independent,011,Fairview Elementary School,162011,010162011,210180000000,KEDC,903,A1,"11,493","3,651","1,623",592,"15,144","2,215","17,359"
20242025,010,BOYD,162,Fairview Independent,020,Fairview High School,162020,010162020,210180000000,KEDC,903,A1,"13,288","3,288",901,865,"16,576","1,766","18,342"
20242025,034,FAYETTE,165,Fayette County,005,Arlington Elementary School,165005,034165005,210186000000,CKEC,901,A1,"19,382","2,650",885,429,"22,032","1,314","26,451"
20242025,034,FAYETTE,165,Fayette County,007,Ashland Elementary School,165007,034165007,210186000000,CKEC,901,A1,"17,920","3,062",258,225,"20,982",483,"25,514"
20242025,034,FAYETTE,165,Fayette County,012,Veterans Park Elementary School,165012,034165012,210186000000,CKEC,901,A1,"15,182","2,501","1,207",168,"17,683","1,375","22,752"
20242025,034,FAYETTE,165,Fayette County,015,Beaumont Middle School,165015,034165015,210186000000,CKEC,901,A1,"15,725","2,551",354,182,"18,276",536,"21,940"
20242025,034,FAYETTE,165,Fayette County,018,Scapa At Bluegrass,165018,034165018,210186000000,CKEC,901,A1,"19,964","2,843",258,180,"22,807",438,"26,328"
20242025,034,FAYETTE,165,Fayette County,025,Crawford Middle School,165025,034165025,210186000000,CKEC,901,A1,"16,474","2,520","1,070",667,"18,994","1,737","23,868"
20242025,034,FAYETTE,165,Fayette County,030,Bryan Station Middle School,165030,034165030,210186000000,CKEC,901,A1,"15,478","2,590",826,219,"18,068","1,045","22,220"
20242025,034,FAYETTE,165,Fayette County,032,Cassidy Elementary School,165032,034165032,210186000000,CKEC,901,A1,"14,962","2,469",986,168,"17,431","1,154","21,999"
20242025,034,FAYETTE,165,Fayette County,034,Edythe Jones Hayes Middle School,165034,034165034,210186000000,CKEC,901,A1,"14,348","2,601",258,175,"16,949",433,"20,478"
20242025,034,FAYETTE,165,Fayette County,035,Deep Springs Elementary School,165035,034165035,210186000000,CKEC,901,A1,"15,692","2,684",964,282,"18,376","1,246","22,819"
20242025,034,FAYETTE,165,Fayette County,036,Dixie Elementary Magnet School,165036,034165036,210186000000,CKEC,901,A1,"15,422","2,540",628,245,"17,962",873,"21,997"
20242025,034,FAYETTE,165,Fayette County,037,Garden Springs Elementary School,165037,034165037,210186000000,CKEC,901,A1,"18,021","2,684",860,189,"20,705","1,049","25,189"
20242025,034,FAYETTE,165,Fayette County,038,Harrison Elementary School,165038,034165038,210186000000,CKEC,901,A1,"24,689","3,224","1,181",594,"27,913","1,775","48,435"
20242025,034,FAYETTE,165,Fayette County,039,Henry Clay High School,165039,034165039,210186000364,CKEC,901,A1,"14,123","2,486",346,177,"16,609",523,"26,072"
20242025,034,FAYETTE,165,Fayette County,045,Athens-Chilesburg Elementary,165045,034165045,210186000000,CKEC,901,A1,"14,762","2,635","1,189",168,"17,397","1,357","22,238"
20242025,034,FAYETTE,165,Fayette County,052,Rosa Parks Elementary School,165052,034165052,210186000000,CKEC,901,A1,"15,041","2,806","1,047",168,"17,847","1,215","22,617"
20242025,034,FAYETTE,165,Fayette County,055,Booker T Washington Elementary School,165055,034165055,210186000000,CKEC,901,A1,"17,235","2,676",650,186,"19,911",836,"27,766"
20242025,034,FAYETTE,165,Fayette County,056,William Wells Brown Elementary,165056,034165056,210186000000,CKEC,901,A1,"22,040","3,034","1,968",434,"25,074","2,402","30,729"
20242025,034,FAYETTE,165,Fayette County,057,Liberty Elementary,165057,034165057,210186000000,CKEC,901,A1,"15,660","2,453",258,168,"18,113",426,"22,132"
20242025,034,FAYETTE,165,Fayette County,058,Sandersville Elementary,165058,034165058,210186000000,CKEC,901,A1,"15,971","2,549",667,279,"18,520",946,"22,596"
20242025,034,FAYETTE,165,Fayette County,059,Wellington Elementary,165059,034165059,210186000000,CKEC,901,A1,"14,517","2,531","1,314",168,"17,048","1,482","21,859"
20242025,034,FAYETTE,165,Fayette County,060,Lafayette High School,165060,034165060,210186000000,CKEC,901,A1,"12,985","2,754",297,186,"15,739",483,"19,274"
20242025,034,FAYETTE,165,Fayette County,062,Lansdowne Elementary School,165062,034165062,210186000000,CKEC,901,A1,"15,902","2,658",617,309,"18,560",926,"27,037"
20242025,034,FAYETTE,165,Fayette County,065,Leestown Middle School,165065,034165065,210186000000,CKEC,901,A1,"14,470","2,546",521,213,"17,016",734,"20,810"
20242025,034,FAYETTE,165,Fayette County,067,Lexington Middle School,165067,034165067,210186000000,CKEC,901,A1,"22,964","2,708","1,548","1,994","25,672","3,542","36,503"
20242025,034,FAYETTE,165,Fayette County,072,Breckinridge Elementary,165072,034165072,210186000000,CKEC,901,A1,"15,906","2,570",820,579,"18,476","1,399","23,051"
20242025,034,FAYETTE,165,Fayette County,074,Maxwell Spanish Immersion Elem School,165074,034165074,210186000000,CKEC,901,A1,"14,874","2,472",608,168,"17,346",776,"21,696"
20242025,034,FAYETTE,165,Fayette County,076,Morton Middle School,165076,034165076,210186000000,CKEC,901,A1,"15,694","2,609",453,168,"18,303",621,"22,212"
20242025,034,FAYETTE,165,Fayette County,077,Northern Elementary School,165077,034165077,210186000000,CKEC,901,A1,"18,822","2,814",892,466,"21,636","1,358","33,616"
20242025,034,FAYETTE,165,Fayette County,080,Picadome Elementary School,165080,034165080,210186000000,CKEC,901,A1,"17,097","2,621",608,232,"19,718",840,"23,785"
20242025,034,FAYETTE,165,Fayette County,081,Southern Elementary School,165081,034165081,210186000000,CKEC,901,A1,"18,115","2,668",641,185,"20,783",826,"24,766"
20242025,034,FAYETTE,165,Fayette County,082,Squires Elementary School,165082,034165082,210186000000,CKEC,901,A1,"18,395","2,590",855,277,"20,985","1,132","25,802"
20242025,034,FAYETTE,165,Fayette County,085,Stonewall Elementary School,165085,034165085,210186000000,CKEC,901,A1,"15,290","2,532",400,168,"17,822",568,"21,881"
20242025,034,FAYETTE,165,Fayette County,090,Russell Cave Elementary School,165090,034165090,210186000000,CKEC,901,A1,"19,060","2,704",782,"1,051","21,764","1,833","26,829"
20242025,034,FAYETTE,165,Fayette County,095,Tates Creek Elementary School,165095,034165095,210186000381,CKEC,901,A1,"16,539","2,647",836,211,"19,186","1,047","23,344"
20242025,034,FAYETTE,165,Fayette County,098,Coventry Oak Elementary,165098,034165098,210186000000,CKEC,901,A1,"15,516","2,561",792,275,"18,077","1,067","22,221"
20242025,034,FAYETTE,165,Fayette County,099,Garrett Morgan Elementary,165099,034165099,210186000000,CKEC,901,A1,"14,564","2,455",258,168,"17,019",426,"21,062"
20242025,034,FAYETTE,165,Fayette County,100,Tates Creek Middle School,165100,034165100,210186000000,CKEC,901,A1,"15,570","2,510",739,191,"18,080",930,"22,093"
20242025,034,FAYETTE,165,Fayette County,105,Tates Creek High School,165105,034165105,210186000000,CKEC,901,A1,"13,965","2,686",387,232,"16,651",619,"20,085"
20242025,034,FAYETTE,165,Fayette County,120,Clays Mill Elementary School,165120,034165120,210186000384,CKEC,901,A1,"16,306","2,519","1,237",188,"18,825","1,425","23,505"
20242025,034,FAYETTE,165,Fayette County,125,Frederick Douglass High School,165125,034165125,210186000000,CKEC,901,A1,"13,236","2,714",327,208,"15,950",535,"19,540"
20242025,034,FAYETTE,165,Fayette County,140,Yates Elementary School,165140,034165140,210186000000,CKEC,901,A1,"18,485","2,621",629,287,"21,106",916,"25,197"
20242025,034,FAYETTE,165,Fayette County,150,Glendover Elementary School,165150,034165150,210186000000,CKEC,901,A1,"18,063","2,629",530,183,"20,692",713,"24,719"
20242025,034,FAYETTE,165,Fayette County,160,Meadowthorpe Elementary School,165160,034165160,210186000000,CKEC,901,A1,"17,113","2,601",459,229,"19,714",688,"24,079"
20242025,034,FAYETTE,165,Fayette County,170,Bryan Station High School,165170,034165170,210186000000,CKEC,901,A1,"14,005","2,796",504,254,"16,801",758,"20,613"
20242025,034,FAYETTE,165,Fayette County,180,Mary Todd Elementary School,165180,034165180,210186000000,CKEC,901,A1,"18,250","2,772",913,322,"21,022","1,235","25,424"
20242025,034,FAYETTE,165,Fayette County,190,James Lane Allen Elementary School,165190,034165190,210186000000,CKEC,901,A1,"18,661","2,620",776,176,"21,281",952,"26,139"
20242025,034,FAYETTE,165,Fayette County,200,Paul Laurence Dunbar High School,165200,034165200,210186000000,CKEC,901,A1,"13,675","2,777",320,274,"16,452",594,"20,512"
20242025,034,FAYETTE,165,Fayette County,225,Jessie M Clark Middle School,165225,034165225,210186000000,CKEC,901,A1,"14,686","2,560",258,168,"17,246",426,"21,278"
20242025,034,FAYETTE,165,Fayette County,240,Cardinal Valley Elementary School,165240,034165240,210186000392,CKEC,901,A1,"16,930","2,586",831,425,"19,516","1,256","23,917"
20242025,034,FAYETTE,165,Fayette County,245,Winburn Middle School,165245,034165245,210186000000,CKEC,901,A1,"15,646","2,518",935,350,"18,164","1,285","22,571"
20242025,034,FAYETTE,165,Fayette County,255,Millcreek Elementary School,165255,034165255,210186000000,CKEC,901,A1,"17,494","2,667","1,049",476,"20,161","1,525","24,857"
20242025,034,FAYETTE,165,Fayette County,525,Southern Middle School,165525,034165525,210186000394,CKEC,901,A1,"15,714","2,550",590,237,"18,264",827,"22,245"
20242025,034,FAYETTE,165,Fayette County,531,Brenda Cowan Elementary,165531,034165531,210186000000,CKEC,901,A1,"15,665","2,606",499,237,"18,271",736,"22,015"
20242025,034,FAYETTE,165,Fayette County,620,Julius Marks Elementary School,165620,034165620,210186000000,CKEC,901,A1,"17,233","2,671",730,208,"19,904",938,"23,983"
20242025,035,FLEMING,171,Fleming County,020,Ewing Elementary School,171020,035171020,210192000000,KEDC,903,A1,"10,066","6,255",546,391,"16,320",937,"17,257"
20242025,035,FLEMING,171,Fleming County,030,Simons Middle School,171030,035171030,210192000000,KEDC,903,A1,"10,579","6,719",587,386,"17,298",973,"18,271"
20242025,035,FLEMING,171,Fleming County,035,Fleming County High School,171035,035171035,210192000000,KEDC,903,A1,"9,529","7,660",771,428,"17,189","1,198","18,387"
20242025,035,FLEMING,171,Fleming County,040,Flemingsburg Elementary School,171040,035171040,210192000000,KEDC,903,A1,"10,450","5,446","1,017",371,"15,897","1,386","17,284"
20242025,035,FLEMING,171,Fleming County,060,Hillsboro Elementary School,171060,035171060,210192000000,KEDC,903,A1,"10,541","6,456",805,287,"16,997","1,092","18,090"
20242025,036,FLOYD,175,Floyd County,010,Duff-Allen Central Elementary,175010,036175010,210195000000,KVEC,904,A1,"11,054","2,739","2,056",804,"13,793","2,860","16,653"
20242025,036,FLOYD,175,Floyd County,019,Prestonsburg Elementary School,175019,036175019,210195000000,KVEC,904,A1,"8,812","2,224","1,781",648,"11,036","2,429","13,465"
20242025,036,FLOYD,175,Floyd County,020,Allen Elementary School,175020,036175020,210195000000,KVEC,904,A1,"9,238","2,514","1,432",568,"11,752","2,000","13,752"
20242025,036,FLOYD,175,Floyd County,021,May Valley Elementary School,175021,036175021,210195001426,KVEC,904,A1,"8,645","2,636","1,394",558,"11,282","1,952","13,234"
20242025,036,FLOYD,175,Floyd County,030,South Floyd Elementary School,175030,036175030,210195002446,KVEC,904,A1,"8,261","2,526","1,939",661,"10,787","2,600","13,386"
20242025,036,FLOYD,175,Floyd County,110,Betsy Layne High School,175110,036175110,210195000000,KVEC,904,A1,"8,842","3,141","1,247",627,"11,983","1,874","13,857"
20242025,036,FLOYD,175,Floyd County,115,Floyd Central High School,175115,036175115,210195000000,KVEC,904,A1,"8,738","2,872","1,223",591,"11,609","1,813","13,423"
20242025,036,FLOYD,175,Floyd County,120,Betsy Layne Elementary School,175120,036175120,210195000000,KVEC,904,A1,"8,676","2,678","1,811",572,"11,354","2,382","13,736"
20242025,036,FLOYD,175,Floyd County,440,James D. Adams Middle School,175440,036175440,210195000000,KVEC,904,A1,"8,214","2,772","1,376",630,"10,986","2,005","12,991"
20242025,036,FLOYD,175,Floyd County,485,John M. Stumbo Elementary School,175485,036175485,210195000000,KVEC,904,A1,"10,469","2,742","1,687",800,"13,211","2,487","15,697"
20242025,036,FLOYD,175,Floyd County,850,Prestonsburg High School,175850,036175850,210195000000,KVEC,904,A1,"8,071","2,775","1,008",658,"10,846","1,667","12,513"
20242025,019,CAMPBELL,176,Fort Thomas Independent,010,Highlands High School,176010,019176010,210204000000,NKCES,905,A1,"10,609","4,008",210,81,"14,617",291,"30,084"
20242025,019,CAMPBELL,176,Fort Thomas Independent,011,Highlands Middle School,176011,019176011,210204000000,NKCES,905,A1,"10,513","2,081",306,51,"12,594",357,"15,383"
20242025,019,CAMPBELL,176,Fort Thomas Independent,020,Johnson Elementary School,176020,019176020,210204000000,NKCES,905,A1,"11,439","2,374",148,51,"13,813",199,"16,355"
20242025,019,CAMPBELL,176,Fort Thomas Independent,030,Moyer Elementary School,176030,019176030,210204000000,NKCES,905,A1,"11,745","2,231",131,51,"13,976",182,"16,552"
20242025,019,CAMPBELL,176,Fort Thomas Independent,040,Woodfill Elementary School,176040,019176040,210204000000,NKCES,905,A1,"11,496","2,308",698,113,"13,804",811,"16,373"
20242025,037,FRANKLIN,177,Frankfort Independent,050,Second Street School,177050,037177050,210198000000,CKEC,901,A1,"11,545","3,079","1,258",146,"14,559","1,403","19,402"
20242025,037,FRANKLIN,177,Frankfort Independent,070,Frankfort High School,177070,037177070,210198000000,CKEC,901,A1,"13,712","4,806",838,231,"18,453","1,069","22,962"
20242025,037,FRANKLIN,181,Franklin County,013,Westridge Elementary,181013,037181013,210201000000,OVEC,906,A1,"13,950","3,556","2,185","1,345","17,507","3,530","21,037"
20242025,037,FRANKLIN,181,Franklin County,014,Bridgeport Elementary School,181014,037181014,210201000000,OVEC,906,A1,"12,749","3,027","1,327",305,"15,775","1,632","17,407"
20242025,037,FRANKLIN,181,Franklin County,015,Bondurant Middle School,181015,037181015,210201000000,OVEC,906,A1,"12,013","2,769",721,306,"14,781","1,027","15,808"
20242025,037,FRANKLIN,181,Franklin County,016,Early Learning Village,181016,037181016,210201000000,OVEC,906,A1,"11,666","2,946","1,826",427,"14,613","2,253","16,865"
20242025,037,FRANKLIN,181,Franklin County,025,Collins Lane,181025,037181025,210201000000,OVEC,906,A1,"12,126","3,131","1,443",429,"15,257","1,872","17,129"
20242025,037,FRANKLIN,181,Franklin County,030,Elkhorn Middle School,181030,037181030,210201000000,OVEC,906,A1,"11,760","2,913",512,306,"14,673",817,"15,490"
20242025,037,FRANKLIN,181,Franklin County,035,Elkhorn Elementary School,181035,037181035,210201000000,OVEC,906,A1,"11,711","3,090","1,842",331,"14,801","2,173","16,974"
20242025,037,FRANKLIN,181,Franklin County,040,Franklin County High School,181040,037181040,210201000440,OVEC,906,A1,"10,891","3,005",723,308,"13,896","1,032","14,928"
20242025,037,FRANKLIN,181,Franklin County,045,Hearn Elementary,181045,037181045,210201000000,OVEC,906,A1,"11,026","3,092","1,408",323,"14,118","1,730","15,848"
20242025,037,FRANKLIN,181,Franklin County,050,Peaks Mill Elementary,181050,037181050,210201000000,OVEC,906,A1,"11,912","2,900","1,262",317,"14,812","1,580","16,392"
20242025,037,FRANKLIN,181,Franklin County,070,Western Hills High School,181070,037181070,210201001420,OVEC,906,A1,"11,118","3,303",647,314,"14,420",962,"15,382"
20242025,038,FULTON,185,Fulton County,015,Fulton County Middle School,185015,038185015,210210000000,WKEC,908,A1,"8,263","3,790","1,523",409,"12,054","1,932","13,985"
20242025,038,FULTON,185,Fulton County,020,Fulton County Elementary,185020,038185020,210210000000,WKEC,908,A1,"11,537","4,668","1,411",492,"16,213","1,904","18,109"
20242025,038,FULTON,185,Fulton County,030,Fulton County High School,185030,038185030,210210000000,WKEC,908,A1,"13,315","5,021",701,415,"18,336","1,116","19,452"
20242025,038,FULTON,186,Fulton Independent,018,Fulton Independent School,186018,038186018,210207002205,WKEC,908,A1,"12,005","4,750","2,899",99,"16,755","2,998","20,864"
20242025,039,GALLATIN,191,Gallatin County,005,Gallatin County Middle School,191005,039191005,210213000000,OVEC,906,A1,"12,887","3,895",340,342,"16,782",681,"17,463"
20242025,039,GALLATIN,191,Gallatin County,006,Gallatin County Upper Elementary,191006,039191006,210213000000,OVEC,906,A1,"10,757","2,308","1,109",363,"13,065","1,472","14,538"
20242025,039,GALLATIN,191,Gallatin County,010,Gallatin County Lower Elementary,191010,039191010,210213000000,OVEC,906,A1,"16,095","3,661",738,612,"19,756","1,350","21,106"
20242025,039,GALLATIN,191,Gallatin County,020,Gallatin County High School,191020,039191020,210213000000,OVEC,906,A1,"10,473","3,087",289,178,"13,560",467,"14,027"
20242025,040,GARRARD,195,Garrard County,050,Camp Dick Robinson Elementary School,195050,040195050,210216000454,SESC,907,A1,"10,498","2,549","1,111",185,"13,047","1,296","14,433"
20242025,040,GARRARD,195,Garrard County,060,Garrard County High School,195060,040195060,210216000000,SESC,907,A1,"9,081","3,323","1,278",496,"12,405","1,774","14,369"
20242025,040,GARRARD,195,Garrard County,070,Garrard Middle School,195070,040195070,210216000000,SESC,907,A1,"10,892","2,627",657,259,"13,520",916,"14,535"
20242025,040,GARRARD,195,Garrard County,090,Paint Lick Elementary School,195090,040195090,210216000000,SESC,907,A1,"13,472","2,744","2,023",215,"16,217","2,238","18,601"
20242025,040,GARRARD,195,Garrard County,220,Lancaster Elementary School,195220,040195220,210216000000,SESC,907,A1,"11,130","2,458","1,970",269,"13,588","2,240","15,984"
20242025,005,BARREN,197,Glasgow Independent,013,Highland Elementary School,197013,005197013,210222000000,GRREC,902,A1,"10,732","2,872","1,191",283,"13,604","1,474","14,790"
20242025,005,BARREN,197,Glasgow Independent,030,Glasgow High School,197030,005197030,210222000000,GRREC,902,A1,"11,878","4,702",874,324,"16,580","1,198","13,503"
20242025,005,BARREN,197,Glasgow Independent,035,Glasgow Middle School,197035,005197035,210222000000,GRREC,902,A1,"10,546","3,086","1,021",355,"13,632","1,376","19,657"
20242025,005,BARREN,197,Glasgow Independent,065,South Green Elementary School,197065,005197065,210222000000,GRREC,902,A1,"11,696","2,959","1,135",361,"14,655","1,496","16,011"
20242025,041,GRANT,201,Grant County,016,Sherman Elementary,201016,041201016,210225000000,OVEC,906,A1,"10,837","3,453","1,857",556,"14,291","2,414","16,704"
20242025,041,GRANT,201,Grant County,020,Crittenden-Mt. Zion Elementary,201020,041201020,210225000000,OVEC,906,A1,"9,963","3,078",899,314,"13,034","1,213","14,244"
20242025,041,GRANT,201,Grant County,030,Dry Ridge Elementary,201030,041201030,210225000466,OVEC,906,A1,"12,218","3,785","1,146",543,"16,002","1,689","17,691"
20242025,041,GRANT,201,Grant County,040,Grant County High School,201040,041201040,210225000000,OVEC,906,A1,"10,254","3,063",542,248,"13,318",790,"14,108"
20242025,041,GRANT,201,Grant County,050,Mason-Corinth Elementary,201050,041201050,210225000000,OVEC,906,A1,"11,053","3,171",896,334,"14,224","1,231","15,455"
20242025,041,GRANT,201,Grant County,080,Grant County Middle School,201080,041201080,210225000000,OVEC,906,A1,"11,487","3,083",780,193,"14,570",973,"15,544"
20242025,042,GRAVES,205,Graves County,013,Graves County Central Elementary,205013,042205013,210228000000,WKEC,908,A1,"12,222","2,524","1,018",124,"14,746","1,142","15,888"
20242025,042,GRAVES,205,Graves County,040,Fancy Farm Elementary School,205040,042205040,210228000000,WKEC,908,A1,"13,744","2,584",825,147,"16,335",971,"17,306"
20242025,042,GRAVES,205,Graves County,060,Farmington Elementary School,205060,042205060,210228000000,WKEC,908,A1,"13,014","2,406",656,131,"15,420",787,"16,207"
20242025,042,GRAVES,205,Graves County,100,Graves County Middle School,205100,042205100,210228000000,WKEC,908,A1,"10,072","2,478",659,59,"12,550",718,"13,268"
20242025,042,GRAVES,205,Graves County,150,Sedalia Elementary School,205150,042205150,210228000000,WKEC,908,A1,"11,544","2,421",672,149,"13,964",821,"14,785"
20242025,042,GRAVES,205,Graves County,170,Symsonia Elementary School,205170,042205170,210228000000,WKEC,908,A1,"11,272","2,573",796,136,"13,849",932,"14,781"
20242025,042,GRAVES,205,Graves County,200,Wingo Elementary School,205200,042205200,210228000000,WKEC,908,A1,"13,284","2,643","1,346",148,"15,927","1,494","17,421"
20242025,042,GRAVES,205,Graves County,215,Graves County High School,205215,042205215,210228000000,WKEC,908,A1,"10,748","3,425",475,91,"14,173",565,"14,739"
20242025,043,GRAYSON,211,Grayson County,010,H W Wilkey Elementary School,211010,043211010,210230000000,GRREC,902,A1,"10,836","2,321",928,317,"13,157","1,245","16,345"
20242025,043,GRAYSON,211,Grayson County,030,Caneyville Elementary School,211030,043211030,210230000000,GRREC,902,A1,"12,452","2,837","1,103",361,"15,289","1,464","23,310"
20242025,043,GRAYSON,211,Grayson County,050,Oran P Lawler Elementary School,211050,043211050,210230000000,GRREC,902,A1,"10,433","2,058","1,062",230,"12,491","1,292","15,230"
20242025,043,GRAYSON,211,Grayson County,080,Clarkson Elementary School,211080,043211080,210230000000,GRREC,902,A1,"9,879","2,120",836,240,"11,999","1,076","14,657"
20242025,043,GRAYSON,211,Grayson County,085,Grayson County High School,211085,043211085,210230000000,GRREC,902,A1,"8,867","2,840",500,270,"11,707",770,"19,207"
20242025,043,GRAYSON,211,Grayson County,095,Grayson County Middle School,211095,043211095,210230000000,GRREC,902,A1,"9,221","2,062",945,210,"11,283","1,155","13,896"
20242025,044,GREEN,215,Green County,030,Green County Primary School,215030,044215030,210234000000,GRREC,902,A1,"10,712","2,649",716,94,"13,361",810,"14,171"
20242025,044,GREEN,215,Green County,040,Green County Intermediate School,215040,044215040,210234000000,GRREC,902,A1,"10,273","2,319",675,59,"12,592",733,"13,325"
20242025,044,GREEN,215,Green County,055,Green County Middle School,215055,044215055,210234000000,GRREC,902,A1,"10,305","2,738",985,40,"13,043","1,025","14,068"
20242025,044,GREEN,215,Green County,065,Green County High School,215065,044215065,210234000000,GRREC,902,A1,"13,157","2,763",467,161,"15,920",628,"16,548"
20242025,045,GREENUP,221,Greenup County,010,Argillite Elementary School,221010,045221010,210240000000,KEDC,903,A1,"9,659","2,402","2,014","1,035","9,994","2,067","15,000"
20242025,045,GREENUP,221,Greenup County,024,Wurtland Middle School,221024,045221024,210240001610,KEDC,903,A1,"13,936","2,696","2,822","1,060","13,732","2,900","19,608"
20242025,045,GREENUP,221,Greenup County,027,Greenup County High School,221027,045221027,210240000000,KEDC,903,A1,"8,555","2,749","1,380","1,027","9,879","1,425","11,384"
20242025,045,GREENUP,221,Greenup County,040,Greysbranch Elementary School,221040,045221040,210240000000,KEDC,903,A1,"11,704","2,764","2,381","1,102","11,968","2,500","16,947"
20242025,045,GREENUP,221,Greenup County,060,Mckell Elementary School,221060,045221060,210240000000,KEDC,903,A1,"8,881","1,985","1,980","1,007","8,861","2,005","11,676"
20242025,045,GREENUP,221,Greenup County,105,Mckell Middle School,221105,045221105,210240000000,KEDC,903,A1,"8,804","2,872","1,934","1,116","9,608","2,068","13,193"
20242025,045,GREENUP,221,Greenup County,110,Wurtland Elementary School,221110,045221110,210240000504,KEDC,903,A1,"11,688","2,447","2,473","1,049","11,596","2,539","17,224"
20242025,046,HANCOCK,225,Hancock County,005,Hancock County High School,225005,046225005,210246000000,GRREC,902,A1,"12,012","4,068",256,136,"16,080",391,"17,849"
20242025,046,HANCOCK,225,Hancock County,006,North Hancock Elementary School,225006,046225006,210246000000,GRREC,902,A1,"12,980","3,459",600,159,"16,439",759,"18,265"
20242025,046,HANCOCK,225,Hancock County,007,Hancock County Middle School,225007,046225007,210246000000,GRREC,902,A1,"13,323","3,320",628,43,"16,642",671,"18,356"
20242025,046,HANCOCK,225,Hancock County,070,South Hancock Elementary School,225070,046225070,210246000000,GRREC,902,A1,"13,380","4,153",779,56,"17,533",835,"19,511"
20242025,047,HARDIN,231,Hardin County,005,East Hardin Middle School,231005,047231005,210249000000,GRREC,902,A1,"19,110","4,292",949,853,"23,402","1,802","25,204"
20242025,047,HARDIN,231,Hardin County,008,Woodland Elementary School,231008,047231008,210249000000,GRREC,902,A1,"20,218","3,968","1,497",935,"24,186","2,433","26,619"
20242025,047,HARDIN,231,Hardin County,013,John Hardin High School,231013,047231013,210249000000,GRREC,902,A1,"21,875","5,250",969,924,"27,125","1,893","29,019"
20242025,047,HARDIN,231,Hardin County,014,Lakewood Elementary School,231014,047231014,210249000000,GRREC,902,A1,"21,651","4,115",948,865,"25,766","1,814","27,580"
20242025,047,HARDIN,231,Hardin County,015,Bluegrass Middle School,231015,047231015,210249000000,GRREC,902,A1,"20,181","3,988","1,147",876,"26,030","2,023","26,191"
20242025,047,HARDIN,231,Hardin County,017,Creekside Elementary School,231017,047231017,210249000000,GRREC,902,A1,"21,831","4,200","1,183",960,"26,030","2,143","28,173"
20242025,047,HARDIN,231,Hardin County,018,Heartland Elementary School,231018,047231018,210249000000,GRREC,902,A1,"20,868","4,013","1,211",879,"24,880","2,090","26,971"
20242025,047,HARDIN,231,Hardin County,020,G C Burkhead Elementary School,231020,047231020,210249000000,GRREC,902,A1,"23,121","3,920",977,919,"27,041","1,896","28,937"
20242025,047,HARDIN,231,Hardin County,021,North Park Elementary School,231021,047231021,210249000000,GRREC,902,A1,"27,129","4,405","1,498",962,"31,534","2,460","33,994"
20242025,047,HARDIN,231,Hardin County,030,Cecilia Valley Elementary School,231030,047231030,210249000000,GRREC,902,A1,"22,935","4,150","1,856",930,"27,084","2,787","29,871"
20242025,047,HARDIN,231,Hardin County,040,New Highland Elementary School,231040,047231040,210249000000,GRREC,902,A1,"21,748","4,258","1,473","1,012","26,007","2,484","28,491"
20242025,047,HARDIN,231,Hardin County,050,Lincoln Trail Elementary School,231050,047231050,210249000000,GRREC,902,A1,"20,745","3,940","1,248",865,"24,685","2,113","26,798"
20242025,047,HARDIN,231,Hardin County,075,North Hardin High School,231075,047231075,210249000000,GRREC,902,A1,"19,840","4,932",885,877,"24,771","1,762","26,533"
20242025,047,HARDIN,231,Hardin County,077,James T Alton Middle School,231077,047231077,210249000000,GRREC,902,A1,"20,059","4,213",931,"1,017","24,272","1,948","26,220"
20242025,047,HARDIN,231,Hardin County,079,Radcliff Elementary  School,231079,047231079,210249000000,GRREC,902,A1,"21,250","4,556","1,317",981,"25,806","2,298","28,104"
20242025,047,HARDIN,231,Hardin County,080,North Middle School,231080,047231080,210249000000,GRREC,902,A1,"19,839","4,006","1,132",917,"23,845","2,049","25,894"
20242025,047,HARDIN,231,Hardin County,090,Rineyville Elementary School,231090,047231090,210249000000,GRREC,902,A1,"21,540","3,974",874,889,"25,514","1,763","27,277"
20242025,047,HARDIN,231,Hardin County,165,Vine Grove Elementary School,231165,047231165,210249000000,GRREC,902,A1,"20,072","3,966",938,971,"24,037","1,909","25,946"
20242025,047,HARDIN,231,Hardin County,168,West Hardin Middle School,231168,047231168,210249000000,GRREC,902,A1,"20,410","4,401","1,077",865,"24,811","1,942","26,753"
20242025,047,HARDIN,231,Hardin County,190,Central Hardin High School,231190,047231190,210249000000,GRREC,902,A1,"19,510","4,609",975,899,"24,119","1,874","25,993"
20242025,047,HARDIN,231,Hardin County,210,Meadow View Elementary School,231210,047231210,210249000000,GRREC,902,A1,"20,149","3,950","1,474",985,"24,099","2,459","25,993"
20242025,048,HARLAN,235,Harlan County,025,Harlan County High School,235025,048235025,210254000000,SESC,907,A1,"10,029","3,642","1,469",423,"13,671","1,892","15,691"
20242025,048,HARLAN,235,Harlan County,060,Black Mountain Elementary School,235060,048235060,210254000000,SESC,907,A1,"13,581","3,443","2,933",263,"17,024","3,196","20,543"
20242025,048,HARLAN,235,Harlan County,110,Cawood Elementary School,235110,048235110,210254000000,SESC,907,A1,"13,144","3,448","1,925",278,"16,592","2,203","19,167"
20242025,048,HARLAN,235,Harlan County,195,Cumberland Elementary School,235195,048235195,210254000000,SESC,907,A1,"11,283","3,569","2,255",283,"14,853","2,538","17,665"
20242025,048,HARLAN,235,Harlan County,290,Evarts Elementary School,235290,048235290,210254000000,SESC,907,A1,"10,705","2,824","2,050",247,"13,529","2,297","16,079"
20242025,048,HARLAN,235,Harlan County,325,Green Hills Elementary School,235325,048235325,210254000000,SESC,907,A1,"15,808","3,778","1,714",274,"19,586","1,988","21,623"
20242025,048,HARLAN,235,Harlan County,340,James A. Cawood Elementary,235340,048235340,210254000000,SESC,907,A1,"13,122","3,586","2,370",260,"16,708","2,630","15,691"
20242025,048,HARLAN,235,Harlan County,540,Rosspoint Elementary School,235540,048235540,210254000000,SESC,907,A1,"10,322","2,711","1,566",345,"13,033","1,911","15,210"
20242025,048,HARLAN,235,Harlan County,640,Wallins Elementary School,235640,048235640,210254000000,SESC,907,A1,"11,235","2,793","2,283",240,"14,028","2,523","16,796"
20242025,048,HARLAN,236,Harlan Independent,020,Harlan Elementary School,236020,048236020,210252000000,SESC,907,A1,"16,459","4,118","2,572","1,990","20,578","4,562","30,798"
20242025,048,HARLAN,236,Harlan Independent,030,Harlan High School,236030,048236030,210252000000,SESC,907,A1,"16,425","4,156","2,591","1,766","20,582","4,358","30,598"
20242025,049,HARRISON,241,Harrison County,035,Eastside Elementary School,241035,049241035,210258000000,CKEC,901,A1,"9,585","2,246","1,060",145,"11,830","1,205","14,012"
20242025,049,HARRISON,241,Harrison County,038,Southside Elementary School,241038,049241038,210258000000,CKEC,901,A1,"9,304","2,247",897,205,"11,551","1,102","13,622"
20242025,049,HARRISON,241,Harrison County,040,Harrison County High School,241040,049241040,210258000000,CKEC,901,A1,"8,475","3,242",174,58,"11,718",232,"34,247"
20242025,049,HARRISON,241,Harrison County,043,Harrison County Middle School,241043,049241043,210258000000,CKEC,901,A1,"9,362","2,275",439,33,"11,637",472,"13,085"
20242025,049,HARRISON,241,Harrison County,045,Northside Elementary School,241045,049241045,210258000000,CKEC,901,A1,"11,248","2,648","1,640",122,"13,896","1,761","16,686"
20242025,049,HARRISON,241,Harrison County,075,Westside Elementary School,241075,049241075,210258000000,CKEC,901,A1,"9,611","2,294","1,441",107,"11,906","1,548","14,437"
20242025,050,HART,245,Hart County,010,Bonnieville Elementary School,245010,050245010,210264000000,GRREC,902,A1,"10,493","2,688","1,049",273,"13,059","1,322","18,462"
20242025,050,HART,245,Hart County,030,Cub Run Elementary School,245030,050245030,210264000000,GRREC,902,A1,"12,903","3,151","1,422",385,"15,935","1,807","21,823"
20242025,050,HART,245,Hart County,045,Hart County High School,245045,050245045,210264000000,GRREC,902,A1,"11,852","3,694",945,415,"15,424","1,361","20,866"
20242025,050,HART,245,Hart County,050,Legrande Elementary School,245050,050245050,210264000000,GRREC,902,A1,"10,928","3,000","1,100",439,"13,806","1,539","19,427"
20242025,050,HART,245,Hart County,070,Memorial Elementary School,245070,050245070,210264000000,GRREC,902,A1,"10,150","2,667",993,273,"12,695","1,266","18,043"
20242025,050,HART,245,Hart County,090,Munfordville Elementary School,245090,050245090,210264000000,GRREC,902,A1,"11,191","2,642","1,249",305,"13,710","1,554","19,346"
20242025,097,PERRY,246,Hazard Independent,010,Hazard High School,246010,097246010,210267000000,KVEC,904,A1,"12,660","5,720","1,801",897,"18,380","2,698","26,025"
20242025,097,PERRY,246,Hazard Independent,045,Hazard Middle School,246045,097246045,210267000000,KVEC,904,A1,"11,097","4,137","1,173","1,337","15,234","2,510","22,913"
20242025,097,PERRY,246,Hazard Independent,060,Roy G. Eversole Elementary School,246060,097246060,210267000000,KVEC,904,A1,"12,094","3,320","1,551",639,"15,414","2,190","23,041"
20242025,051,HENDERSON,251,Henderson County,010,Bend Gate Elementary School,251010,051251010,210271000000,WKEC,908,A1,"12,091","2,269","1,065",537,"14,360","1,602","14,618"
20242025,051,HENDERSON,251,Henderson County,020,Cairo Elementary School,251020,051251020,210271000572,WKEC,908,A1,"12,881","2,892",879,492,"15,773","1,371","16,171"
20242025,051,HENDERSON,251,Henderson County,030,A B Chandler Elementary School,251030,051251030,210271000000,WKEC,908,A1,"13,081","2,616",922,470,"15,697","1,411","16,043"
20242025,051,HENDERSON,251,Henderson County,033,East Heights Elementary School,251033,051251033,210271000000,WKEC,908,A1,"12,235","2,563",854,481,"14,798","1,335","15,041"
20242025,051,HENDERSON,251,Henderson County,060,Henderson County High School,251060,051251060,210271000000,WKEC,908,A1,"10,832","3,465",480,587,"14,297","1,067","14,437"
20242025,051,HENDERSON,251,Henderson County,065,Henderson County North Middle School,251065,051251065,210271000000,WKEC,908,A1,"11,392","2,584",485,427,"13,976",912,"14,185"
20242025,051,HENDERSON,251,Henderson County,070,Niagara Elementary School,251070,051251070,210271000000,WKEC,908,A1,"11,545","2,856",458,483,"14,401",941,"14,478"
20242025,051,HENDERSON,251,Henderson County,091,South Heights Elementary School,251091,051251091,210271000000,WKEC,908,A1,"12,303","2,311","1,200",548,"14,614","1,748","14,854"
20242025,051,HENDERSON,251,Henderson County,110,Spottsville Elementary School,251110,051251110,210271000000,WKEC,908,A1,"11,149","2,275","1,038",482,"13,424","1,520","13,499"
20242025,051,HENDERSON,251,Henderson County,150,Henderson County South Middle School,251150,051251150,210271000000,WKEC,908,A1,"11,339","2,766",633,438,"14,105","1,071","14,310"
20242025,051,HENDERSON,251,Henderson County,160,Jefferson Elementary School,251160,051251160,210271000000,WKEC,908,A1,"11,075","2,202","1,067",600,"13,277","1,667","13,351"
20242025,052,HENRY,255,Henry County,010,Campbellsburg Elementary School,255010,052255010,210276000000,OVEC,906,A1,"10,316","2,277",943,198,"12,592","1,140","18,296"
20242025,052,HENRY,255,Henry County,020,Eastern Elementary School,255020,052255020,210276000000,OVEC,906,A1,"12,908","2,252",670,198,"15,160",867,"20,796"
20242025,052,HENRY,255,Henry County,035,Henry County High School,255035,052255035,210276000000,OVEC,906,A1,"11,613","4,027",472,288,"15,640",759,"21,941"
20242025,052,HENRY,255,Henry County,038,Henry County Middle School,255038,052255038,210276000000,OVEC,906,A1,"11,490","2,345",629,237,"13,835",864,"19,244"
20242025,052,HENRY,255,Henry County,040,New Castle Elementary School,255040,052255040,210276000000,OVEC,906,A1,"10,822","2,841",737,198,"13,663",934,"19,164"
20242025,053,HICKMAN,261,Hickman County,020,Hickman County Elementary School,261020,053261020,210279000000,WKEC,908,A1,"9,187","2,786","1,624",376,"11,973","2,000","14,555"
20242025,053,HICKMAN,261,Hickman County,050,Hickman County High School,261050,053261050,210279000000,WKEC,908,A1,"11,584","4,246","1,070",557,"15,830","1,627","18,182"
20242025,054,HOPKINS,265,Hopkins County,006,West Hopkins School,265006,054265006,210286000000,WKEC,908,A1,"12,395","2,439",826,168,"14,834",994,"18,454"
20242025,054,HOPKINS,265,Hopkins County,020,Jesse Stuart Elementary School,265020,054265020,210286000000,WKEC,908,A1,"9,853","1,702",645,241,"11,555",886,"14,972"
20242025,054,HOPKINS,265,Hopkins County,075,James Madison Middle School,265075,054265075,210286000000,WKEC,908,A1,"9,580","2,066",590,206,"11,646",796,"14,973"
20242025,054,HOPKINS,265,Hopkins County,090,Grapevine Elementary School,265090,054265090,210286000000,WKEC,908,A1,"10,571","1,859",696,215,"12,430",911,"15,903"
20242025,054,HOPKINS,265,Hopkins County,110,Hanson Elementary School,265110,054265110,210286000000,WKEC,908,A1,"9,871","1,698",617,200,"11,569",817,"15,429"
20242025,054,HOPKINS,265,Hopkins County,130,Hopkins County Central High School,265130,054265130,210286000000,WKEC,908,A1,"12,462","2,539",579,267,"15,001",846,"18,522"
20242025,054,HOPKINS,265,Hopkins County,140,Browning Springs Middle School,265140,054265140,210286000000,WKEC,908,A1,"9,888","2,198",639,220,"12,086",859,"15,601"
20242025,054,HOPKINS,265,Hopkins County,145,Madisonville North Hopkins High School,265145,054265145,210286000000,WKEC,908,A1,"11,052","2,236",446,253,"13,288",699,"16,899"
20242025,054,HOPKINS,265,Hopkins County,185,South Hopkins Middle School,265185,054265185,210286000000,WKEC,908,A1,"12,628","2,416",836,154,"15,044",990,"18,754"
20242025,054,HOPKINS,265,Hopkins County,200,Pride Elementary School,265200,054265200,210286000000,WKEC,908,A1,"9,826","1,718",719,165,"11,544",884,"14,992"
20242025,054,HOPKINS,265,Hopkins County,250,West Broadway Elementary School,265250,054265250,210286000000,WKEC,908,A1,"9,627","1,743",625,329,"11,370",954,"14,835"
20242025,054,HOPKINS,265,Hopkins County,280,Southside Elementary School,265280,054265280,210286000000,WKEC,908,A1,"9,706","1,747",817,244,"11,453","1,061","20,446"
20242025,055,JACKSON,271,Jackson County,020,Jackson County High School,271020,055271020,210294000615,SESC,907,A1,"10,342","3,730","1,263","1,008","14,092","2,270","21,751"
20242025,055,JACKSON,271,Jackson County,025,Jackson County Middle School,271025,055271025,210294001674,SESC,907,A1,"10,489","2,924","1,062",887,"13,434","1,949","20,769"
20242025,055,JACKSON,271,Jackson County,180,McKee Elementary School,271180,055271180,210294000000,SESC,907,A1,"10,100","3,012","1,699",905,"13,132","2,604","21,136"
20242025,055,JACKSON,271,Jackson County,280,Sand Gap Elementary School,271280,055271280,210294000000,SESC,907,A1,"11,356","3,184","1,100",930,"14,561","2,030","22,019"
20242025,055,JACKSON,271,Jackson County,340,Tyner Elementary School,271340,055271340,210294000000,SESC,907,A1,"10,818","3,102","1,436",959,"13,941","2,395","21,743"
20242025,013,BREATHITT,272,Jackson Independent,011,Jackson City School,272011,013272011,210291000000,KVEC,904,A1,"14,424","8,793","4,340","3,953","23,217","6,317","31,511"
20242025,056,JEFFERSON,275,Jefferson County,004,Camp Taylor Elementary,275004,056275004,210299000000,,909,A1,"18,701","3,275",972,"1,006","21,977","1,978","23,955"
20242025,056,JEFFERSON,275,Jefferson County,005,Cane Run Elementary,275005,056275005,210299000000,,909,A1,"14,999","3,453","1,988",888,"18,452","2,876","21,328"
20242025,056,JEFFERSON,275,Jefferson County,007,Eastern High,275007,056275007,210299000000,,909,A1,"14,071","3,334",431,828,"17,404","1,259","18,664"
20242025,056,JEFFERSON,275,Jefferson County,010,Fairdale Elementary,275010,056275010,210299000000,,909,A1,"13,558","3,265",913,862,"16,822","1,775","18,597"
20242025,056,JEFFERSON,275,Jefferson County,011,Fern Creek Elementary,275011,056275011,210299000000,,909,A1,"12,786","3,200","1,001",869,"15,986","1,870","17,855"
20242025,056,JEFFERSON,275,Jefferson County,012,Fern Creek High,275012,056275012,210299000000,,909,A1,"14,004","3,251","1,194",887,"17,255","2,081","19,336"
20242025,056,JEFFERSON,275,Jefferson County,013,Greathouse/Shryock Traditional,275013,056275013,210299000000,,909,A1,"12,656","3,261",636,796,"15,917","1,432","17,349"
20242025,056,JEFFERSON,275,Jefferson County,014,Greenwood Elementary,275014,056275014,210299000000,,909,A1,"14,343","3,261","1,420",815,"17,604","2,236","19,839"
20242025,056,JEFFERSON,275,Jefferson County,016,Tully Elementary,275016,056275016,210299000000,,909,A1,"13,926","3,165","1,157",796,"17,091","1,953","19,044"
20242025,056,JEFFERSON,275,Jefferson County,018,Atherton High,275018,056275018,210299000000,,909,A1,"13,110","3,305",617,841,"16,415","1,458","17,873"
20242025,056,JEFFERSON,275,Jefferson County,022,Medora Elementary,275022,056275022,210299000000,,909,A1,"13,223","3,261",837,923,"16,484","1,760","18,245"
20242025,056,JEFFERSON,275,Jefferson County,024,Middletown Elementary,275024,056275024,210299000000,,909,A1,"13,931","3,173",546,796,"17,104","1,342","18,445"
20242025,056,JEFFERSON,275,Jefferson County,027,Okolona Elementary,275027,056275027,210299000000,,909,A1,"13,687","3,146","1,296",799,"16,833","2,095","18,928"
20242025,056,JEFFERSON,275,Jefferson County,031,Southern High,275031,056275031,210299000000,,909,A1,"12,095","3,656",929,"1,022","15,751","1,951","17,701"
20242025,056,JEFFERSON,275,Jefferson County,033,Valley High,275033,056275033,210299000000,,909,A1,"15,949","3,606","1,083","1,003","19,555","2,086","21,641"
20242025,056,JEFFERSON,275,Jefferson County,038,Breckinridge-Franklin Elementary,275038,056275038,210299000000,,909,A1,"17,414","3,649","1,677",855,"21,063","2,532","23,594"
20242025,056,JEFFERSON,275,Jefferson County,040,Barret Traditional Middle,275040,056275040,210299000000,,909,A1,"14,310","3,187",512,796,"17,497","1,308","18,805"
20242025,056,JEFFERSON,275,Jefferson County,041,Newburg Middle,275041,056275041,210299000000,,909,A1,"16,640","3,360","1,322",917,"19,999","2,239","22,238"
20242025,056,JEFFERSON,275,Jefferson County,044,Audubon Traditional Elementary,275044,056275044,210299000000,,909,A1,"12,551","3,375",697,796,"15,926","1,493","17,419"
20242025,056,JEFFERSON,275,Jefferson County,045,Butler Traditional High,275045,056275045,210299000000,,909,A1,"14,113","3,265",992,820,"17,378","1,812","19,190"
20242025,056,JEFFERSON,275,Jefferson County,046,Chenoweth Elementary,275046,056275046,210299000000,,909,A1,"14,385","3,244",858,872,"17,629","1,730","19,359"
20242025,056,JEFFERSON,275,Jefferson County,047,Louisville Male High,275047,056275047,210299000000,,909,A1,"12,690","3,312",451,831,"16,002","1,282","17,284"
20242025,056,JEFFERSON,275,Jefferson County,048,Hawthorne Elementary,275048,056275048,210299000000,,909,A1,"16,866","3,368",893,853,"20,234","1,746","21,980"
20242025,056,JEFFERSON,275,Jefferson County,049,Farnsley Middle,275049,056275049,210299000000,,909,A1,"13,334","3,257",892,865,"16,591","1,757","18,347"
20242025,056,JEFFERSON,275,Jefferson County,051,Waggener High,275051,056275051,210299000000,,909,A1,"16,328","3,412","1,037",892,"19,740","1,929","21,668"
20242025,056,JEFFERSON,275,Jefferson County,055,Bates Elementary,275055,056275055,210299000000,,909,A1,"14,156","3,446",942,819,"17,602","1,761","19,363"
20242025,056,JEFFERSON,275,Jefferson County,057,Fairdale High,275057,056275057,210299000000,,909,A1,"13,339","3,784",751,984,"17,123","1,734","18,857"
20242025,056,JEFFERSON,275,Jefferson County,059,Kenwood Elementary,275059,056275059,210299000000,,909,A1,"13,309","3,338",994,988,"16,647","1,982","18,629"
20242025,056,JEFFERSON,275,Jefferson County,060,Coral Ridge Elementary,275060,056275060,210299000000,,909,A1,"14,533","3,326",878,846,"17,860","1,725","19,584"
20242025,056,JEFFERSON,275,Jefferson County,061,Goldsmith Elementary,275061,056275061,210299000000,,909,A1,"15,241","3,448",637,"1,010","18,688","1,647","20,336"
20242025,056,JEFFERSON,275,Jefferson County,063,Schaffner Traditional Elementary,275063,056275063,210299000000,,909,A1,"12,474","3,182","1,035",811,"15,656","1,846","17,502"
20242025,056,JEFFERSON,275,Jefferson County,064,St Matthews Elementary,275064,056275064,210299000000,,909,A1,"13,566","3,136",497,796,"16,701","1,293","17,994"
20242025,056,JEFFERSON,275,Jefferson County,065,Jeffersontown High,275065,056275065,210299000000,,909,A1,"14,126","5,221","1,087",882,"19,347","1,969","21,316"
20242025,056,JEFFERSON,275,Jefferson County,066,Wilkerson Elementary School,275066,056275066,210299000000,,909,A1,"15,197","3,685","1,486","1,393","18,882","2,879","21,761"
20242025,056,JEFFERSON,275,Jefferson County,067,Wilder Elementary,275067,056275067,210299000000,,909,A1,"15,912","3,294",701,846,"19,206","1,546","20,752"
20242025,056,JEFFERSON,275,Jefferson County,071,Stonestreet Elementary,275071,056275071,210299000000,,909,A1,"14,492","3,404","1,384",927,"17,895","2,311","20,206"
20242025,056,JEFFERSON,275,Jefferson County,072,Watterson Elementary,275072,056275072,210299000000,,909,A1,"14,756","4,717","1,251","1,127","19,473","2,379","21,852"
20242025,056,JEFFERSON,275,Jefferson County,073,Seneca High,275073,056275073,210299000000,,909,A1,"15,091","3,653","1,704","1,045","18,744","2,749","21,493"
20242025,056,JEFFERSON,275,Jefferson County,075,Pleasure Ridge Park High,275075,056275075,210299000000,,909,A1,"11,735","5,212",791,917,"16,947","1,708","18,655"
20242025,056,JEFFERSON,275,Jefferson County,076,Indian Trail Elementary,275076,056275076,210299000000,,909,A1,"14,139","3,398","1,119","1,059","17,537","2,178","19,715"
20242025,056,JEFFERSON,275,Jefferson County,077,Westport Middle,275077,056275077,210299000000,,909,A1,"14,534","3,324","1,016",867,"17,858","1,884","19,742"
20242025,056,JEFFERSON,275,Jefferson County,078,Zachary Taylor Elementary,275078,056275078,210299000000,,909,A1,"19,556","3,565","1,918","1,228","23,121","3,146","26,266"
20242025,056,JEFFERSON,275,Jefferson County,079,Kerrick Elementary,275079,056275079,210299000000,,909,A1,"17,739","3,588","1,980","1,267","21,328","3,247","24,575"
20242025,056,JEFFERSON,275,Jefferson County,081,Rangeland Elementary,275081,056275081,210299000000,,909,A1,"13,515","3,987","1,030",969,"17,503","2,000","19,502"
20242025,056,JEFFERSON,275,Jefferson County,082,Dixie Elementary,275082,056275082,210299000000,,909,A1,"17,569","3,737","1,645",846,"21,306","2,490","23,797"
20242025,056,JEFFERSON,275,Jefferson County,083,Cochrane Elementary,275083,056275083,210299000000,,909,A1,"14,853","3,317","1,459",913,"18,170","2,372","20,542"
20242025,056,JEFFERSON,275,Jefferson County,084,Western High,275084,056275084,210299000000,,909,A1,"26,216","5,964","2,671","2,686","32,181","5,356","37,537"
20242025,056,JEFFERSON,275,Jefferson County,086,Sanders Elementary,275086,056275086,210299000000,,909,A1,"17,019","3,672","1,257","1,129","20,691","2,386","23,077"
20242025,056,JEFFERSON,275,Jefferson County,087,Smyrna Elementary School,275087,056275087,210299000000,,909,A1,"12,766","3,229","1,129",844,"15,996","1,972","17,968"
20242025,056,JEFFERSON,275,Jefferson County,090,Thomas Jefferson Middle,275090,056275090,210299000000,,909,A1,"15,411","3,349","1,240","1,010","18,760","2,250","21,010"
20242025,056,JEFFERSON,275,Jefferson County,091,Blue Lick Elementary,275091,056275091,210299000000,,909,A1,"12,920","3,863","1,655",842,"16,783","2,496","19,280"
20242025,056,JEFFERSON,275,Jefferson County,092,Crums Lane Elementary,275092,056275092,210299000000,,909,A1,"13,119","3,222","1,502",913,"16,341","2,414","18,755"
20242025,056,JEFFERSON,275,Jefferson County,094,Bowen Elementary,275094,056275094,210299000000,,909,A1,"13,945","3,180",595,819,"17,125","1,413","18,539"
20242025,056,JEFFERSON,275,Jefferson County,095,Hite Elementary,275095,056275095,210299000000,,909,A1,"13,203","3,118",990,796,"16,321","1,786","18,107"
20242025,056,JEFFERSON,275,Jefferson County,096,Norton Elementary,275096,056275096,210299000000,,909,A1,"13,928","3,245",538,796,"17,173","1,334","18,506"
20242025,056,JEFFERSON,275,Jefferson County,097,Shacklette Elementary,275097,056275097,210299000000,,909,A1,"14,576","3,874","1,877","1,042","18,451","2,918","21,369"
20242025,056,JEFFERSON,275,Jefferson County,099,Minors Lane Elementary,275099,056275099,210299000000,,909,A1,"17,582","3,280","1,546",915,"20,862","2,461","23,323"
20242025,056,JEFFERSON,275,Jefferson County,100,Doss High,275100,056275100,210299000000,,909,A1,"14,326","3,636","1,128","1,113","17,962","2,241","20,203"
20242025,056,JEFFERSON,275,Jefferson County,102,Chancey Elementary,275102,056275102,210299000000,,909,A1,"15,408","3,259","1,274",858,"18,666","2,132","20,798"
20242025,056,JEFFERSON,275,Jefferson County,103,Slaughter Elementary,275103,056275103,210299000000,,909,A1,"13,452","3,552","1,029",952,"17,004","1,981","18,986"
20242025,056,JEFFERSON,275,Jefferson County,104,Trunnell Elementary,275104,056275104,210299000000,,909,A1,"14,286","3,430","1,646",846,"17,717","2,492","20,209"
20242025,056,JEFFERSON,275,Jefferson County,105,Ballard High,275105,056275105,210299000000,,909,A1,"11,782","3,405",462,869,"15,187","1,331","16,518"
20242025,056,JEFFERSON,275,Jefferson County,106,Johnsontown Road Elementary,275106,056275106,210299000000,,909,A1,"14,267","3,248","1,359",808,"17,515","2,168","19,683"
20242025,056,JEFFERSON,275,Jefferson County,107,Luhr Elementary,275107,056275107,210299000000,,909,A1,"14,175","3,347","1,014",870,"17,521","1,884","19,405"
20242025,056,JEFFERSON,275,Jefferson County,109,Wheeler Elementary,275109,056275109,210299000000,,909,A1,"13,366","3,098",738,796,"16,463","1,534","17,998"
20242025,056,JEFFERSON,275,Jefferson County,115,Gutermuth Elementary,275115,056275115,210299000000,,909,A1,"15,543","4,235",991,800,"19,777","1,791","21,568"
20242025,056,JEFFERSON,275,Jefferson County,116,Wellington Elementary,275116,056275116,210299000000,,909,A1,"15,494","3,248",948,946,"18,742","1,894","20,635"
20242025,056,JEFFERSON,275,Jefferson County,117,Wilt Elementary,275117,056275117,210299000000,,909,A1,"13,874","3,296","1,302",818,"17,170","2,120","19,289"
20242025,056,JEFFERSON,275,Jefferson County,119,Crosby Middle,275119,056275119,210299000000,,909,A1,"13,828","3,304",495,796,"17,132","1,291","18,423"
20242025,056,JEFFERSON,275,Jefferson County,121,Hartstern Elementary,275121,056275121,210299000000,,909,A1,"12,600","3,367","1,032","1,055","15,968","2,087","18,054"
20242025,056,JEFFERSON,275,Jefferson County,126,Layne Elementary,275126,056275126,210299000000,,909,A1,"12,208","3,367","1,268",940,"15,574","2,209","17,783"
20242025,056,JEFFERSON,275,Jefferson County,127,Auburndale Elementary,275127,056275127,210299000000,,909,A1,"13,441","3,403","1,816",948,"16,844","2,764","19,608"
20242025,056,JEFFERSON,275,Jefferson County,128,Price Elementary,275128,056275128,210299000000,,909,A1,"15,411","3,376",809,912,"18,787","1,721","20,508"
20242025,056,JEFFERSON,275,Jefferson County,131,Eisenhower Elementary,275131,056275131,210299000000,,909,A1,"12,876","3,205",987,943,"16,080","1,930","18,010"
20242025,056,JEFFERSON,275,Jefferson County,133,Lassiter Middle,275133,056275133,210299000000,,909,A1,"13,601","3,199",928,835,"16,800","1,762","18,562"
20242025,056,JEFFERSON,275,Jefferson County,134,Klondike Lane Elementary,275134,056275134,210299000000,,909,A1,"14,151","3,323","1,018",843,"17,473","1,861","19,334"
20242025,056,JEFFERSON,275,Jefferson County,144,Stuart Middle School,275144,056275144,210299000000,,909,A1,"13,479","3,637","1,430","1,151","17,117","2,581","19,698"
20242025,056,JEFFERSON,275,Jefferson County,145,Laukhuf Elementary,275145,056275145,210299000000,,909,A1,"13,754","3,323",846,932,"17,077","1,778","18,855"
20242025,056,JEFFERSON,275,Jefferson County,146,Lowe Elementary,275146,056275146,210299000000,,909,A1,"13,505","3,258",969,796,"16,762","1,765","18,528"
20242025,056,JEFFERSON,275,Jefferson County,147,Mill Creek Elementary,275147,056275147,210299000000,,909,A1,"14,488","3,474","1,297","1,026","17,962","2,323","20,285"
20242025,056,JEFFERSON,275,Jefferson County,149,Blake Elementary,275149,056275149,210299000000,,909,A1,"11,305","3,444","1,258",887,"14,750","2,146","16,895"
20242025,056,JEFFERSON,275,Jefferson County,155,Marion C. Moore School,275155,056275155,210299000000,,909,A1,"15,712","5,169","1,208","1,411","20,881","2,619","23,499"
20242025,056,JEFFERSON,275,Jefferson County,156,Dunn Elementary,275156,056275156,210299000000,,909,A1,"15,238","3,123",785,858,"18,361","1,643","20,005"
20242025,056,JEFFERSON,275,Jefferson County,162,Kammerer Middle,275162,056275162,210299000000,,909,A1,"14,690","3,222",832,867,"17,912","1,699","19,610"
20242025,056,JEFFERSON,275,Jefferson County,163,Knight Middle,275163,056275163,210299000000,,909,A1,"13,702","3,295",862,944,"16,998","1,806","18,804"
20242025,056,JEFFERSON,275,Jefferson County,164,Conway Middle,275164,056275164,210299000000,,909,A1,"13,912","3,759","1,285","1,363","17,671","2,648","20,319"
20242025,056,JEFFERSON,275,Jefferson County,165,J. Graham Brown School,275165,056275165,210299000000,,909,A1,"14,645","3,410",530,796,"18,055","1,326","19,381"
20242025,056,JEFFERSON,275,Jefferson County,166,Jeffersontown Elementary,275166,056275166,210299000000,,909,A1,"13,618","3,193",913,893,"16,811","1,806","18,617"
20242025,056,JEFFERSON,275,Jefferson County,167,Carrithers Middle,275167,056275167,210299000000,,909,A1,"14,286","3,419","1,467",834,"17,705","2,301","20,005"
20242025,056,JEFFERSON,275,Jefferson County,175,Alex R. Kennedy Elementary,275175,056275175,210299000000,,909,A1,"16,576","3,570","1,000",902,"20,146","1,901","22,047"
20242025,056,JEFFERSON,275,Jefferson County,179,Central High Magnet Career Academy,275179,056275179,210299000000,,909,A1,"14,015","4,196",997,932,"18,211","1,930","20,141"
20242025,056,JEFFERSON,275,Jefferson County,182,Dr. William H. Perry Elementary School,275182,056275182,210299000000,,909,A1,"14,272","3,834","1,117","1,043","18,107","2,159","20,266"
20242025,056,JEFFERSON,275,Jefferson County,185,Atkinson Academy,275185,056275185,210299000000,,909,A1,"16,855","3,793","1,722","1,154","20,647","2,875","23,523"
20242025,056,JEFFERSON,275,Jefferson County,200,duPont Manual High,275200,056275200,210299000000,,909,A1,"11,905","3,264",546,847,"15,169","1,393","16,562"
20242025,056,JEFFERSON,275,Jefferson County,211,Stopher Elementary,275211,056275211,210299000000,,909,A1,"13,008","3,382",516,796,"16,390","1,312","17,702"
20242025,056,JEFFERSON,275,Jefferson County,212,Farmer Elementary,275212,056275212,210299000000,,909,A1,"13,198","3,147",843,796,"16,345","1,639","17,984"
20242025,056,JEFFERSON,275,Jefferson County,219,Ramsey Middle,275219,056275219,210299000000,,909,A1,"11,533","3,372",861,983,"14,906","1,844","16,750"
20242025,056,JEFFERSON,275,Jefferson County,225,Bloom Elementary,275225,056275225,210299000000,,909,A1,"14,151","3,181",777,796,"17,331","1,573","18,904"
20242025,056,JEFFERSON,275,Jefferson County,240,Engelhard Elementary,275240,056275240,210299000000,,909,A1,"21,451","3,976","2,900","1,029","25,426","3,929","29,355"
20242025,056,JEFFERSON,275,Jefferson County,243,Byck Elementary,275243,056275243,210299000740,,909,A1,"18,272","4,193","2,022","1,079","22,465","3,101","25,566"
20242025,056,JEFFERSON,275,Jefferson County,250,Field Elementary,275250,056275250,210299000000,,909,A1,"15,163","3,173",784,796,"18,335","1,580","19,915"
20242025,056,JEFFERSON,275,Jefferson County,255,Echo Trail Middle School,275255,056275255,210299000000,,909,A1,"13,965","4,011",820,796,"17,975","1,616","19,591"
20242025,056,JEFFERSON,275,Jefferson County,260,Brandeis Elementary,275260,056275260,210299000000,,909,A1,"14,654","3,577",769,796,"18,231","1,565","19,796"
20242025,056,JEFFERSON,275,Jefferson County,270,Foster Traditional Academy,275270,056275270,210299000000,,909,A1,"20,373","3,955","3,139","1,224","24,328","4,364","28,692"
20242025,056,JEFFERSON,275,Jefferson County,290,Frayser Elementary,275290,056275290,210299000000,,909,A1,"16,614","3,444","1,152","1,034","20,058","2,186","22,243"
20242025,056,JEFFERSON,275,Jefferson County,300,Hazelwood Elementary,275300,056275300,210299000000,,909,A1,"13,463","3,354","1,650",877,"16,817","2,527","19,344"
20242025,056,JEFFERSON,275,Jefferson County,320,Highland Middle,275320,056275320,210299000000,,909,A1,"15,794","3,342","1,149",796,"19,136","1,945","21,081"
20242025,056,JEFFERSON,275,Jefferson County,323,Cochran Elementary,275323,056275323,210299000000,,909,A1,"17,290","3,420","1,269",939,"20,711","2,208","22,918"
20242025,056,JEFFERSON,275,Jefferson County,325,Jacob Elementary,275325,056275325,210299000000,,909,A1,"15,185","3,399","2,210",917,"18,585","3,127","21,711"
20242025,056,JEFFERSON,275,Jefferson County,335,Iroquois High,275335,056275335,210299000000,,909,A1,"15,500","3,723",923,"1,192","19,223","2,114","21,337"
20242025,056,JEFFERSON,275,Jefferson County,340,Meyzeek Middle,275340,056275340,210299000000,,909,A1,"13,025","3,303",697,796,"16,328","1,493","17,821"
20242025,056,JEFFERSON,275,Jefferson County,371,Norton Commons Elementary,275371,056275371,210299000000,,909,A1,"13,160","3,485",955,796,"16,645","1,751","18,396"
20242025,056,JEFFERSON,275,Jefferson County,374,Young Elementary,275374,056275374,210299000757,,909,A1,"33,156","3,461","3,213",824,"36,617","4,037","40,653"
20242025,056,JEFFERSON,275,Jefferson County,396,Jefferson County Traditional Middle,275396,056275396,210299000000,,909,A1,"13,408","3,179",609,796,"16,587","1,405","17,992"
20242025,056,JEFFERSON,275,Jefferson County,406,Dr. J. Blaine Hudson Middle School,275406,056275406,210299000000,,909,A1,"15,706","6,941","1,289",971,"22,647","2,261","24,908"
20242025,056,JEFFERSON,275,Jefferson County,432,King Elementary,275432,056275432,210299000000,,909,A1,"16,043","4,268","1,804","1,354","20,311","3,158","23,469"
20242025,056,JEFFERSON,275,Jefferson County,435,Noe Middle,275435,056275435,210299000000,,909,A1,"11,779","3,163",832,823,"14,941","1,655","16,596"
20242025,056,JEFFERSON,275,Jefferson County,440,Mcferran Preparatory Academy,275440,056275440,210299000000,,909,A1,"14,608","3,979","1,123","1,435","18,587","2,558","21,145"
20242025,056,JEFFERSON,275,Jefferson County,470,Johnson Traditional Middle,275470,056275470,210299000000,,909,A1,"13,736","3,462","1,240",906,"17,199","2,146","19,345"
20242025,056,JEFFERSON,275,Jefferson County,480,Maupin Elementary,275480,056275480,210299000000,,909,A1,"16,731","4,161","3,533","1,024","20,891","4,558","25,449"
20242025,056,JEFFERSON,275,Jefferson County,500,Portland Elementary,275500,056275500,210299000000,,909,A1,"18,365","4,164",956,"1,296","22,529","2,252","24,781"
20242025,056,JEFFERSON,275,Jefferson County,520,Lincoln Elementary Performing Arts,275520,056275520,210299000000,,909,A1,"14,585","3,146",571,796,"17,731","1,367","19,098"
20242025,056,JEFFERSON,275,Jefferson County,560,Rutherford Elementary,275560,056275560,210299000000,,909,A1,"11,187","3,692","1,279","1,189","14,879","2,468","17,347"
20242025,056,JEFFERSON,275,Jefferson County,580,Semple Elementary,275580,056275580,210299000000,,909,A1,"16,207","3,710","1,333","1,171","19,917","2,504","22,421"
20242025,056,JEFFERSON,275,Jefferson County,590,The Academy @ Shawnee,275590,056275590,210299000000,,909,A1,"19,422","4,463","1,819","1,235","23,885","3,054","26,939"
20242025,056,JEFFERSON,275,Jefferson County,610,Shelby Academy,275610,056275610,210299000000,,909,A1,"20,932","3,935","1,891","1,346","24,866","3,237","28,103"
20242025,056,JEFFERSON,275,Jefferson County,620,Frederick Law Olmsted Academy North,275620,056275620,210299000000,,909,A1,"17,310","3,821","1,689","1,313","21,131","3,001","24,133"
20242025,056,JEFFERSON,275,Jefferson County,660,Coleridge-Taylor Montessori Elementary,275660,056275660,210299000000,,909,A1,"17,178","3,732","3,184","1,403","20,910","4,587","25,498"
20242025,056,JEFFERSON,275,Jefferson County,680,Carter Traditional Elementary,275680,056275680,210299000000,,909,A1,"13,441","3,199","1,864",929,"16,640","2,793","19,434"
20242025,056,JEFFERSON,275,Jefferson County,710,Western Middle School for the Arts,275710,056275710,210299000000,,909,A1,"14,413","3,300",846,950,"17,714","1,796","19,509"
20242025,056,JEFFERSON,275,Jefferson County,720,Kennedy Elementary,275720,056275720,210299000000,,909,A1,"13,111","3,418","1,228",945,"16,529","2,173","18,703"
20242025,056,JEFFERSON,275,Jefferson County,730,Frederick Law Olmsted Academy South,275730,056275730,210299000000,,909,A1,"16,281","3,878","1,637","1,316","20,159","2,953","23,111"
20242025,067,LETCHER,276,Jenkins Independent,011,Jenkins Independent School,276011,067276011,210300000000,KVEC,904,A1,"12,501","4,844","3,104","3,850","17,345","6,954","25,916"
20242025,057,JESSAMINE,281,Jessamine County,018,Hattie C. Warner Elementary School,281018,057281018,210303000000,CKEC,901,A1,"11,802","1,772",617,315,"13,574",932,"17,095"
20242025,057,JESSAMINE,281,Jessamine County,019,West Jessamine High School,281019,057281019,210303000000,CKEC,901,A1,"18,812","3,558",522,296,"22,370",818,"23,729"
20242025,057,JESSAMINE,281,Jessamine County,021,East Jessamine High School,281021,057281021,210303000000,CKEC,901,A1,"19,089","3,452",619,297,"22,541",916,"23,995"
20242025,057,JESSAMINE,281,Jessamine County,022,Jessamine Early Learning Village,281022,057281022,210303000000,CKEC,901,A1,"17,834","2,095","1,348",300,"19,929","1,647","24,036"
20242025,057,JESSAMINE,281,Jessamine County,025,East Jessamine Middle School,281025,057281025,210303000000,CKEC,901,A1,"10,539","1,956",618,341,"12,495",959,"15,991"
20242025,057,JESSAMINE,281,Jessamine County,026,West Jessamine Middle School,281026,057281026,210303000000,CKEC,901,A1,"10,501","1,854",485,279,"12,354",763,"15,651"
20242025,057,JESSAMINE,281,Jessamine County,040,Red Oak Elementary School,281040,057281040,210303000000,CKEC,901,A1,"11,679","1,760",711,305,"13,439","1,016","17,075"
20242025,057,JESSAMINE,281,Jessamine County,050,Nicholasville Elementary School,281050,057281050,210303000000,CKEC,901,A1,"13,357","1,744",988,323,"15,102","1,311","18,990"
20242025,057,JESSAMINE,281,Jessamine County,060,Rosenwald Dunbar Elementary School,281060,057281060,210303000000,CKEC,901,A1,"12,156","1,583",631,285,"13,739",917,"17,250"
20242025,057,JESSAMINE,281,Jessamine County,070,Brookside Elementary School,281070,057281070,210303000000,CKEC,901,A1,"11,615","1,772",742,288,"13,386","1,030","17,014"
20242025,057,JESSAMINE,281,Jessamine County,090,Wilmore Elementary School,281090,057281090,210303000000,CKEC,901,A1,"11,831","1,861",628,313,"13,693",942,"17,228"
20242025,058,JOHNSON,285,Johnson County,060,Johnson County Middle School,285060,058285060,210306000000,KEDC,903,A1,"10,609","2,432","1,849",197,"13,050","2,046","16,531"
20242025,058,JOHNSON,285,Johnson County,075,Central Elementary School,285075,058285075,210306000000,KEDC,903,A1,"11,166","2,192","3,443","1,694","13,363","5,137","19,993"
20242025,058,JOHNSON,285,Johnson County,100,Flat Gap Elementary School,285100,058285100,210306000000,KEDC,903,A1,"10,038","2,400","2,774",334,"12,443","3,108","17,092"
20242025,058,JOHNSON,285,Johnson County,115,Johnson Central High School,285115,058285115,210306000802,KEDC,903,A1,"12,349","3,812","1,206",306,"16,166","1,513","30,242"
20242025,058,JOHNSON,285,Johnson County,250,Porter Elementary School,285250,058285250,210306000000,KEDC,903,A1,"9,353","2,153","2,488",385,"11,508","2,872","17,641"
20242025,058,JOHNSON,285,Johnson County,320,W R Castle Memorial Elementary School,285320,058285320,210306000000,KEDC,903,A1,"9,562","2,285","2,663",273,"11,851","2,936","16,285"
20242025,058,JOHNSON,285,Johnson County,340,Highland Elementary School,285340,058285340,210306000000,KEDC,903,A1,"10,527","2,326","2,607",444,"12,860","3,051","17,374"
20242025,059,KENTON,291,Kenton County,005,Beechgrove Elementary School,291005,059291005,210309000000,NKCES,905,A1,"11,270","1,662",488,251,"12,932",739,"18,112"
20242025,059,KENTON,291,Kenton County,006,River Ridge Elementary School,291006,059291006,210309000000,NKCES,905,A1,"10,721","1,698",552,300,"12,420",852,"17,663"
20242025,059,KENTON,291,Kenton County,020,James A Caywood Elementary School,291020,059291020,210309000000,NKCES,905,A1,"11,018","1,558",435,212,"12,575",646,"17,637"
20242025,059,KENTON,291,Kenton County,040,Dixie Heights High School,291040,059291040,210309000000,NKCES,905,A1,"8,537","2,226",206,179,"10,764",385,"15,506"
20242025,059,KENTON,291,Kenton County,045,R C Hinsdale Elementary School,291045,059291045,210309000000,NKCES,905,A1,"10,500","1,669",319,129,"12,169",448,"16,920"
20242025,059,KENTON,291,Kenton County,050,Kenton Elementary School,291050,059291050,210309000000,NKCES,905,A1,"10,421","1,694",427,219,"12,116",647,"17,139"
20242025,059,KENTON,291,Kenton County,060,Ft Wright Elementary School,291060,059291060,210309000000,NKCES,905,A1,"12,330","1,881",820,258,"14,211","1,078","19,716"
20242025,059,KENTON,291,Kenton County,070,Piner Elementary School,291070,059291070,210309000000,NKCES,905,A1,"10,944","1,574",379,217,"12,518",596,"17,612"
20242025,059,KENTON,291,Kenton County,080,Ryland Heights Elementary School,291080,059291080,210309000000,NKCES,905,A1,"11,752","1,774",561,315,"13,526",876,"18,806"
20242025,059,KENTON,291,Kenton County,090,Simon Kenton High School,291090,059291090,210309000000,NKCES,905,A1,"8,833","2,190",288,154,"11,022",442,"15,821"
20242025,059,KENTON,291,Kenton County,100,Taylor Mill Elementary School,291100,059291100,210309000000,NKCES,905,A1,"10,946","1,657",409,263,"12,603",672,"17,717"
20242025,059,KENTON,291,Kenton County,103,Turkey Foot Middle School,291103,059291103,210309000000,NKCES,905,A1,"8,529","1,333",281,140,"9,862",422,"14,652"
20242025,059,KENTON,291,Kenton County,105,Twenhofel Middle School,291105,059291105,210309000000,NKCES,905,A1,"8,719","1,595",617,193,"10,314",810,"15,510"
20242025,059,KENTON,291,Kenton County,108,Woodland Middle School,291108,059291108,210309000000,NKCES,905,A1,"10,100","1,708",594,152,"11,808",747,"16,982"
20242025,059,KENTON,291,Kenton County,120,Scott High School,291120,059291120,210309000000,NKCES,905,A1,"9,583","2,374",378,209,"11,957",587,"16,922"
20242025,059,KENTON,291,Kenton County,475,Summit View Academy,291475,059291475,210309000000,NKCES,905,A1,"10,145","1,679",506,222,"11,823",728,"16,907"
20242025,059,KENTON,291,Kenton County,495,White's Tower Elementary School,291495,059291495,210309000000,NKCES,905,A1,"9,849","1,482",385,209,"11,331",594,"16,354"
20242025,060,KNOTT,295,Knott County,035,Beaver Creek Elementary School,295035,060295035,210312000000,KVEC,904,A1,"12,231","3,430","2,036","1,325","15,662","3,361","19,023"
20242025,060,KNOTT,295,Knott County,100,Carr Creek Elementary School,295100,060295100,210312000000,KVEC,904,A1,"11,503","2,716","1,245",690,"14,219","1,935","16,155"
20242025,060,KNOTT,295,Knott County,150,Cordia School,295150,060295150,210312000000,KVEC,904,A1,"10,863","3,284","1,575",917,"14,147","2,492","16,639"
20242025,060,KNOTT,295,Knott County,210,Emmalena Elementary School,295210,060295210,210312000000,KVEC,904,A1,"12,532","3,275","1,558",971,"15,807","2,528","18,335"
20242025,060,KNOTT,295,Knott County,230,Hindman Elementary School,295230,060295230,210312000000,KVEC,904,A1,"11,410","2,883","1,489",985,"14,294","2,474","16,767"
20242025,060,KNOTT,295,Knott County,255,Jones Fork Elementary School,295255,060295255,210312000000,KVEC,904,A1,"11,443","2,953","1,921",912,"14,396","2,834","17,230"
20242025,060,KNOTT,295,Knott County,265,Knott County Central High School,295265,060295265,210312000000,KVEC,904,A1,"9,918","4,704","2,487",910,"14,622","3,396","18,018"
20242025,061,KNOX,301,Knox County,015,Lynn Camp Elementary School,301015,061301015,210315000000,SESC,907,A1,"9,833","1,941","1,445",872,"11,774","2,317","15,306"
20242025,061,KNOX,301,Knox County,023,Knox County Middle School,301023,061301023,210315000000,SESC,907,A1,"11,998","2,514","1,282",685,"14,511","1,967","22,504"
20242025,061,KNOX,301,Knox County,025,Lynn Camp Middle High School,301025,061301025,210315000000,SESC,907,A1,"12,335","3,558","2,339","1,132","15,892","3,471","34,305"
20242025,061,KNOX,301,Knox County,071,Central Elementary School,301071,061301071,210315000000,SESC,907,A1,"11,280","2,089","1,723",623,"13,371","2,346","16,987"
20242025,061,KNOX,301,Knox County,170,Dewitt Elementary School,301170,061301170,210315000000,SESC,907,A1,"13,538","3,139",896,962,"16,677","1,858","20,036"
20242025,061,KNOX,301,Knox County,240,Flat Lick Elementary School,301240,061301240,210315000000,SESC,907,A1,"13,501","2,756","1,523",792,"16,257","2,315","20,081"
20242025,061,KNOX,301,Knox County,260,Girdler Elementary School,301260,061301260,210315000000,SESC,907,A1,"10,668","2,403","1,351",599,"13,070","1,950","20,380"
20242025,061,KNOX,301,Knox County,320,G R Hampton Elementary School,301320,061301320,210315000000,SESC,907,A1,"11,897","2,022","1,379",771,"13,919","2,150","17,382"
20242025,061,KNOX,301,Knox County,410,Knox Central High School,301410,061301410,210315000000,SESC,907,A1,"10,484","3,151","1,583","1,012","13,635","2,595","17,930"
20242025,061,KNOX,301,Knox County,430,Jesse D Lay Elementary School,301430,061301430,210315000000,SESC,907,A1,"11,056","2,058","1,541",647,"13,114","2,188","16,549"
20242025,062,LARUE,305,LaRue County,015,Abraham Lincoln Elementary School,305015,062305015,210318000000,GRREC,902,A1,"9,950","2,123",786,323,"12,072","1,109","15,429"
20242025,062,LARUE,305,LaRue County,030,Hodgenville Elementary School,305030,062305030,210318000000,GRREC,902,A1,"10,772","2,185",913,423,"12,958","1,335","16,020"
20242025,062,LARUE,305,LaRue County,040,LaRue County High School,305040,062305040,210318000000,GRREC,902,A1,"9,507","2,860",499,340,"12,367",839,"15,330"
20242025,062,LARUE,305,LaRue County,045,LaRue County Middle School,305045,062305045,210318000000,GRREC,902,A1,"10,214","2,483",463,362,"12,697",825,"15,085"
20242025,063,LAUREL,311,Laurel County,010,London Elementary School,311010,063311010,210321000000,SESC,907,A1,"16,970","3,079","1,756",598,"20,041","2,354","22,532"
20242025,063,LAUREL,311,Laurel County,018,Wyan-Pine Grove Elementary,311018,063311018,210321000000,SESC,907,A1,"17,663","3,098","1,918",632,"20,753","2,550","23,459"
20242025,063,LAUREL,311,Laurel County,030,Bush Elementary School,311030,063311030,210321000000,SESC,907,A1,"16,295","2,932","1,565",785,"19,220","2,350","21,755"
20242025,063,LAUREL,311,Laurel County,040,South Laurel Middle School,311040,063311040,210321000000,SESC,907,A1,"14,802","3,050","1,668",669,"17,965","2,337","20,786"
20242025,063,LAUREL,311,Laurel County,055,Camp Ground Elementary School,311055,063311055,210321000000,SESC,907,A1,"15,846","2,919","1,844",834,"18,758","2,678","21,436"
20242025,063,LAUREL,311,Laurel County,070,Colony Elementary School,311070,063311070,210321000000,SESC,907,A1,"17,259","3,285","1,731",854,"20,536","2,585","23,121"
20242025,063,LAUREL,311,Laurel County,130,Hazel Green Elementary School,311130,063311130,210321000000,SESC,907,A1,"15,722","3,132","2,010",794,"18,847","2,804","21,908"
20242025,063,LAUREL,311,Laurel County,165,Johnson Elementary School,311165,063311165,210321000000,SESC,907,A1,"14,811","3,076","1,733",681,"18,163","2,414","20,577"
20242025,063,LAUREL,311,Laurel County,175,Hunter Hills Elementary School,311175,063311175,210321000000,SESC,907,A1,"15,615","3,032","1,961",713,"18,639","2,673","21,452"
20242025,063,LAUREL,311,Laurel County,180,Keavy Elementary School,311180,063311180,210321000000,SESC,907,A1,"16,863","3,263","1,625",767,"20,376","2,392","22,768"
20242025,063,LAUREL,311,Laurel County,200,North Laurel Middle School,311200,063311200,210321000000,SESC,907,A1,"15,526","2,864","1,466",636,"18,383","2,102","20,584"
20242025,063,LAUREL,311,Laurel County,205,North Laurel High School,311205,063311205,210321000000,SESC,907,A1,"14,150","3,173","1,378",608,"17,425","1,986","23,351"
20242025,063,LAUREL,311,Laurel County,210,South Laurel High School,311210,063311210,210321000000,SESC,907,A1,"15,198","3,411","1,194",754,"18,601","1,948","24,414"
20242025,063,LAUREL,311,Laurel County,420,Sublimity Elementary School,311420,063311420,210321000000,SESC,907,A1,"15,675","3,075","1,729",684,"18,742","2,413","21,155"
20242025,063,LAUREL,311,Laurel County,430,Cold Hill Elementary School,311430,063311430,210321000000,SESC,907,A1,"19,646","3,433","1,900",617,"23,072","2,517","25,589"
20242025,064,LAWRENCE,315,Lawrence County,020,Louisa East Elementary School,315020,064315020,210324000000,KEDC,903,A1,"15,908","4,057","1,709",304,"19,965","2,012","26,091"
20242025,064,LAWRENCE,315,Lawrence County,021,Louisa West Elementary School,315021,064315021,210324000000,KEDC,903,A1,"19,187","4,309","1,806",300,"23,496","2,107","29,529"
20242025,064,LAWRENCE,315,Lawrence County,030,Blaine Elementary School,315030,064315030,210324000000,KEDC,903,A1,"21,821","4,961","3,087",694,"26,781","3,782","34,850"
20242025,064,LAWRENCE,315,Lawrence County,150,Fallsburg Elementary School,315150,064315150,210324000000,KEDC,903,A1,"20,616","4,573","2,264",564,"25,189","2,828","32,267"
20242025,064,LAWRENCE,315,Lawrence County,200,Louisa Middle School,315200,064315200,210324000000,KEDC,903,A1,"16,334","4,230","2,249",356,"20,564","2,605","33,560"
20242025,064,LAWRENCE,315,Lawrence County,260,Lawrence County High School,315260,064315260,210324000000,KEDC,903,A1,"16,600","5,069","1,872",384,"21,669","2,257","33,579"
20242025,065,LEE,321,Lee County,060,Lee County Middle High School,321060,065321060,210327000000,KVEC,904,A1,"9,578","3,386","1,709","1,578","12,964","3,287","17,766"
20242025,065,LEE,321,Lee County,100,Lee County Elementary School,321100,065321100,210327000000,KVEC,904,A1,"8,365","2,220","1,565","1,112","10,585","2,677","14,519"
20242025,066,LESLIE,325,Leslie County,280,Hayes Lewis Elementary School,325280,066325280,210333000000,KVEC,904,A1,"14,656","5,231","2,480",407,"19,887","2,887","25,187"
20242025,066,LESLIE,325,Leslie County,300,Mountain View Elementary,325300,066325300,210333000000,KVEC,904,A1,"11,340","3,275","2,114",199,"14,616","2,313","19,018"
20242025,066,LESLIE,325,Leslie County,350,Leslie County High School,325350,066325350,210333000000,KVEC,904,A1,"11,263","4,501","1,168",434,"15,765","1,602","21,242"
20242025,066,LESLIE,325,Leslie County,420,W B Muncy Elementary School,325420,066325420,210333000000,KVEC,904,A1,"10,577","3,593","2,585",183,"14,170","2,768","19,116"
20242025,066,LESLIE,325,Leslie County,570,Stinnett Elementary School,325570,066325570,210333000000,KVEC,904,A1,"11,271","3,384","1,729",360,"14,655","2,089","18,852"
20242025,067,LETCHER,331,Letcher County,050,Letcher Elementary & Middle School,331050,067331050,210336000000,KVEC,904,A1,"11,623","3,871","1,466","1,706","16,114","3,172","19,520"
20242025,067,LETCHER,331,Letcher County,056,Letcher County Central High School,331056,067331056,210336000000,KVEC,904,A1,"11,739","4,037",831,"1,751","16,522","2,583","19,275"
20242025,067,LETCHER,331,Letcher County,210,Arlie Boggs Elementary School,331210,067331210,210336000000,KVEC,904,A1,"14,899","5,533","1,612","1,840","21,024","3,451","25,006"
20242025,067,LETCHER,331,Letcher County,250,Fleming Neon Middle School,331250,067331250,210336000000,KVEC,904,A1,"13,644","5,068","1,251","1,790","19,306","3,041","22,789"
20242025,067,LETCHER,331,Letcher County,380,Cowan Elementary School,331380,067331380,210336000000,KVEC,904,A1,"11,684","3,551","1,553","1,715","16,037","3,271","19,538"
20242025,067,LETCHER,331,Letcher County,425,Martha Jane Potter Elementary School,331425,067331425,210336000000,KVEC,904,A1,"11,000","3,581","1,420","1,742","15,174","3,162","18,585"
20242025,067,LETCHER,331,Letcher County,650,West Whitesburg Elementary School,331650,067331650,210336000000,KVEC,904,A1,"11,164","3,429","1,891","1,726","15,187","3,617","18,948"
20242025,067,LETCHER,331,Letcher County,710,Whitesburg Middle School,331710,067331710,210336000000,KVEC,904,A1,"10,422","4,037","1,430","1,792","16,522","3,222","17,470"
20242025,068,LEWIS,335,Lewis County,040,Garrison Elementary School,335040,068335040,210339000000,KEDC,903,A1,"9,586","3,299","1,555",368,"12,885","2,976","14,807"
20242025,068,LEWIS,335,Lewis County,090,Laurel Elementary School,335090,068335090,210339000000,KEDC,903,A1,"14,282","4,838",896,"1,037","19,120","1,932","21,053"
20242025,068,LEWIS,335,Lewis County,095,Lewis County Central Elementary School,335095,068335095,210339000000,KEDC,903,A1,"9,633","3,084","1,099",765,"12,717","1,864","14,581"
20242025,068,LEWIS,335,Lewis County,100,Lewis County Middle School,335100,068335100,210339000000,KEDC,903,A1,"9,017","3,496","1,318",583,"12,513","1,901","14,415"
20242025,068,LEWIS,335,Lewis County,120,Lewis County High School,335120,068335120,210339000000,KEDC,903,A1,"8,715","3,660",513,468,"12,375",981,"13,356"
20242025,068,LEWIS,335,Lewis County,140,Tollesboro Elementary School,335140,068335140,210339000000,KEDC,903,A1,"9,911","3,582","1,294",568,"13,493","1,861","15,355"
20242025,069,LINCOLN,341,Lincoln County,040,Crab Orchard Elementary School,341040,069341040,210348000000,SESC,907,A1,"10,383","2,963","2,139",252,"13,346","2,391","17,385"
20242025,069,LINCOLN,341,Lincoln County,050,Highland Elementary School,341050,069341050,210348000000,SESC,907,A1,"11,478","3,134","2,235",272,"14,612","2,507","18,813"
20242025,069,LINCOLN,341,Lincoln County,065,Lincoln County Middle School,341065,069341065,210348000000,SESC,907,A1,"9,389","3,276","1,253",165,"12,665","1,418","15,528"
20242025,069,LINCOLN,341,Lincoln County,070,Hustonville Elementary School,341070,069341070,210348000000,SESC,907,A1,"9,706","2,801","1,552",202,"12,507","1,754","15,772"
20242025,069,LINCOLN,341,Lincoln County,095,Lincoln County High School,341095,069341095,210348000918,SESC,907,A1,"9,748","3,277","1,352",371,"13,025","1,723","16,259"
20242025,069,LINCOLN,341,Lincoln County,130,Stanford Elementary School,341130,069341130,210348000000,SESC,907,A1,"8,901","2,815","1,631",232,"11,716","1,863","15,081"
20242025,069,LINCOLN,341,Lincoln County,150,Waynesburg Elementary School,341150,069341150,210348000000,SESC,907,A1,"11,559","3,163","2,286",259,"14,722","2,545","18,932"
20242025,070,LIVINGSTON,345,Livingston County,020,North Livingston Elementary School,345020,070345020,210351000000,WKEC,908,A1,"15,590","6,057","1,454",653,"31,050","2,108","23,067"
20242025,070,LIVINGSTON,345,Livingston County,021,South Livingston Elementary School,345021,070345021,210351000000,WKEC,908,A1,"12,442","3,768","1,377",514,"17,549","1,891","19,440"
20242025,070,LIVINGSTON,345,Livingston County,050,Livingston Central High School,345050,070345050,210351000000,WKEC,908,A1,"17,264","6,125","1,315",570,"20,732","1,888","22,620"
20242025,070,LIVINGSTON,345,Livingston County,065,Livingston County Middle School,345065,070345065,210351000000,WKEC,908,A1,"7,120","2,572",866,189,"13,956","1,065","15,020"
20242025,071,LOGAN,351,Logan County,011,Adairville Elementary School,351011,071351011,210354000000,GRREC,902,A1,"13,582","3,419","1,003",198,"17,001","1,201","18,202"
20242025,071,LOGAN,351,Logan County,012,Auburn Elementary School,351012,071351012,210354000000,GRREC,902,A1,"9,863","2,935",986,199,"12,799","1,185","13,984"
20242025,071,LOGAN,351,Logan County,013,Chandlers Elementary School,351013,071351013,210354000000,GRREC,902,A1,"10,420","4,077",987,270,"14,497","1,257","15,755"
20242025,071,LOGAN,351,Logan County,014,Lewisburg Elementary School,351014,071351014,210354000000,GRREC,902,A1,"10,638","3,480","1,068",258,"14,118","1,327","15,445"
20242025,071,LOGAN,351,Logan County,016,Olmstead Elementary School,351016,071351016,210354000000,GRREC,902,A1,"12,067","3,397",775,220,"15,464",995,"16,459"
20242025,071,LOGAN,351,Logan County,140,Logan County High School,351140,071351140,210354000000,GRREC,902,A1,"9,817","4,107",532,183,"13,924",715,"14,639"
20242025,059,KENTON,354,Ludlow Independent,010,Mary A. Goetz Elementary School,354010,059354010,210363000000,NKCES,905,A1,"1,083","2,976","1,042",603,"13,812","1,645","15,457"
20242025,059,KENTON,354,Ludlow Independent,020,Ludlow High School,354020,059354020,210363000000,NKCES,905,A1,"12,686","3,674",472,294,"16,360",766,"17,126"
20242025,072,LYON,361,Lyon County,020,Lyon County Elementary School,361020,072361020,210369000000,WKEC,908,A1,"10,813","2,817",718,315,"13,630","1,038","14,667"
20242025,072,LYON,361,Lyon County,023,Lyon County Middle School,361023,072361023,210369000000,WKEC,908,A1,"10,490","3,129","1,006",320,"13,620","1,327","14,946"
20242025,072,LYON,361,Lyon County,070,Lyon County High School,361070,072361070,210369000000,WKEC,908,A1,"10,379","4,878",375,364,"15,258",739,"15,997"
20242025,073,MADISON,365,Madison County,007,Shannon Johnson Elementary School,365007,073365007,210372000000,SESC,907,A1,"9,735","1,976",55,164,"11,711",219,"18,110"
20242025,073,MADISON,365,Madison County,008,Boonesborough Elementary,365008,073365008,210372000000,SESC,907,A1,"9,401","2,002",85,97,"11,403",182,"18,115"
20242025,073,MADISON,365,Madison County,010,Clark Moores Middle School,365010,073365010,210372000000,SESC,907,A1,"9,448","2,465",70,76,"11,913",146,"18,169"
20242025,073,MADISON,365,Madison County,015,Daniel Boone Elementary School,365015,073365015,210372000000,SESC,907,A1,"10,252","2,693",70,185,"12,945",255,"19,154"
20242025,073,MADISON,365,Madison County,018,Glenn R Marshall Elementary School,365018,073365018,210372000000,SESC,907,A1,"10,431","2,147",63,155,"12,578",218,"18,842"
20242025,073,MADISON,365,Madison County,020,Madison Middle School,365020,073365020,210372000000,SESC,907,A1,"9,522","2,097",57,104,"11,619",161,"17,689"
20242025,073,MADISON,365,Madison County,021,B. Michael Caudill Middle School,365021,073365021,210372000000,SESC,907,A1,"8,996","2,642",92,98,"11,638",190,"17,886"
20242025,073,MADISON,365,Madison County,030,Kingston Elementary School,365030,073365030,210372000000,SESC,907,A1,"9,343","1,872",69,128,"11,215",197,"17,518"
20242025,073,MADISON,365,Madison County,040,Kirksville Elementary School,365040,073365040,210372000000,SESC,907,A1,"8,483","1,968",94,142,"10,451",236,"16,891"
20242025,073,MADISON,365,Madison County,045,Kit Carson Elementary School,365045,073365045,210372000000,SESC,907,A1,"9,668","2,560",130,176,"12,228",306,"18,378"
20242025,073,MADISON,365,Madison County,050,Madison Central High School,365050,073365050,210372000000,SESC,907,A1,"8,372","2,508",77,42,"10,880",119,"17,581"
20242025,073,MADISON,365,Madison County,100,Silver Creek Elementary School,365100,073365100,210372000000,SESC,907,A1,"10,335","2,067",156,222,"12,402",378,"18,915"
20242025,073,MADISON,365,Madison County,110,Madison Kindergarten Academy,365110,073365110,210372000000,SESC,907,A1,"9,594","2,124",89,118,"11,718",207,"18,192"
20242025,073,MADISON,365,Madison County,120,Waco Elementary School,365120,073365120,210372000000,SESC,907,A1,"10,328","2,334",116,196,"12,662",312,"19,483"
20242025,073,MADISON,365,Madison County,130,White Hall Elementary School,365130,073365130,210372000000,SESC,907,A1,"10,467","2,784",161,207,"13,251",368,"19,916"
20242025,073,MADISON,365,Madison County,140,Foley Middle School,365140,073365140,210372000000,SESC,907,A1,"9,697","2,773",83,72,"12,470",155,"18,795"
20242025,073,MADISON,365,Madison County,145,Farristown Middle School,365145,073365145,210372000000,SESC,907,A1,"10,040","3,261",72,129,"13,301",201,"19,239"
20242025,073,MADISON,365,Madison County,150,Madison Southern High School,365150,073365150,210372000000,SESC,907,A1,"9,549","2,143",67,69,"11,692",136,"18,439"
20242025,074,MAGOFFIN,371,Magoffin County,172,North Magoffin Elementary,371172,074371172,210375000000,KVEC,904,A1,"8,454","2,922","2,859",837,"11,376","3,700","17,442"
20242025,074,MAGOFFIN,371,Magoffin County,173,South Magoffin Elementary,371173,074371173,210375000000,KVEC,904,A1,"9,036","3,614","2,256",738,"12,649","2,994","18,067"
20242025,074,MAGOFFIN,371,Magoffin County,175,Herald Whitaker Middle School,371175,074371175,210375001618,KVEC,904,A1,"9,976","3,699","1,243","1,452","13,675","2,694","18,718"
20242025,074,MAGOFFIN,371,Magoffin County,360,Salyersville Grade School,371360,074371360,210375000000,KVEC,904,A1,"9,417","3,021","2,596",765,"12,439","3,362","18,128"
20242025,074,MAGOFFIN,371,Magoffin County,370,Magoffin County High School,371370,074371370,210375000000,KVEC,904,A1,"10,467","2,949",869,"1,067","13,416","1,936","18,070"
20242025,075,MARION,375,Marion County,020,Calvary Elementary School,375020,075375020,210378000000,CKEC,901,A1,"10,692","2,329","1,461",927,"13,021","2,384","21,866"
20242025,075,MARION,375,Marion County,040,Glasscock Elementary School,375040,075375040,210378000000,CKEC,901,A1,"10,362","2,428","1,217","1,009","12,949","2,226","21,632"
20242025,075,MARION,375,Marion County,085,Lebanon Middle School,375085,075375085,210378000000,CKEC,901,A1,"9,797","2,224",548,859,"12,022","1,406","19,885"
20242025,075,MARION,375,Marion County,095,Marion County Middle School,375095,075375095,210378000000,CKEC,901,A1,"10,597","2,270","1,059",864,"13,000","1,923","21,379"
20242025,075,MARION,375,Marion County,100,West Marion Elementary School,375100,075375100,210378000000,CKEC,901,A1,"10,841","2,271","1,043","1,041","13,306","2,084","21,850"
20242025,075,MARION,375,Marion County,210,Lebanon Elementary School,375210,075375210,210378000000,CKEC,901,A1,"11,188","2,511","1,564",936,"13,872","2,500","22,828"
20242025,075,MARION,375,Marion County,515,Marion County High School,375515,075375515,210378000000,CKEC,901,A1,"10,549","4,302",723,896,"15,017","1,619","23,093"
20242025,076,MARSHALL,381,Marshall County,010,Central Elementary School,381010,076381010,210381000000,WKEC,908,A1,"11,793","2,947",661,209,"13,514",870,"17,343"
20242025,076,MARSHALL,381,Marshall County,011,Benton Elementary School,381011,076381011,210381000000,WKEC,908,A1,"12,240","2,760",790,192,"13,485",982,"17,390"
20242025,076,MARSHALL,381,Marshall County,040,Calvert City Elementary School,381040,076381040,210381000000,WKEC,908,A1,"14,002","3,662",979,250,"15,934","1,229","19,622"
20242025,076,MARSHALL,381,Marshall County,085,Jonathan Elementary School,381085,076381085,210381000000,WKEC,908,A1,"14,632","3,058","1,085",280,"15,637","1,365","22,642"
20242025,076,MARSHALL,381,Marshall County,088,Marshall County High School,381088,076381088,210381000000,WKEC,908,A1,"12,056","3,753",437,190,"14,221",627,"23,973"
20242025,076,MARSHALL,381,Marshall County,090,North Marshall Middle School,381090,076381090,210381000000,WKEC,908,A1,"10,719","3,272",920,556,"12,237","1,476","16,033"
20242025,076,MARSHALL,381,Marshall County,100,Sharpe Elementary School,381100,076381100,210381000000,WKEC,908,A1,"14,073","3,149",749,249,"15,590",998,"19,172"
20242025,076,MARSHALL,381,Marshall County,105,South Marshall Elementary School,381105,076381105,210381000000,WKEC,908,A1,"15,091","3,037",927,263,"16,321","1,190","20,109"
20242025,076,MARSHALL,381,Marshall County,111,South Marshall Middle,381111,076381111,210381000000,WKEC,908,A1,"11,700","3,319",570,554,"13,495","1,124","16,935"
20242025,077,MARTIN,385,Martin County,051,Eden Elementary School,385051,077385051,210384000000,KEDC,903,A1,"9,742","4,137","1,277",627,"13,879","1,903","16,260"
20242025,077,MARTIN,385,Martin County,120,Inez Elementary School,385120,077385120,210384000000,KEDC,903,A1,"12,150","5,298","2,377",825,"17,448","3,202","21,858"
20242025,077,MARTIN,385,Martin County,250,Martin County High School,385250,077385250,210384000000,KEDC,903,A1,"9,280","5,255","1,094",656,"14,535","1,750","17,660"
20242025,077,MARTIN,385,Martin County,300,Warfield Elementary School,385300,077385300,210384000000,KEDC,903,A1,"10,100","4,847","1,206","1,030","14,947","2,235","17,323"
20242025,077,MARTIN,385,Martin County,330,Martin County Middle School,385330,077385330,210384000000,KEDC,903,A1,"9,684","4,673","1,374",593,"14,357","1,967","16,776"
20242025,078,MASON,391,Mason County,011,Mason County Intermediate School,391011,078391011,210387000000,KEDC,903,A1,"20,155","4,907","1,274",997,"27,711","2,270","34,551"
20242025,078,MASON,391,Mason County,030,Mason County High School,391030,078391030,210387000000,KEDC,903,A1,"19,155","5,932",812,"1,026","27,467","1,838","38,671"
20242025,078,MASON,391,Mason County,050,Mason County Middle School,391050,078391050,210387000000,KEDC,903,A1,"20,450","5,087",938,"1,007","27,862","1,945","36,200"
20242025,078,MASON,391,Mason County,080,Charles Straub Elementary School,391080,078391080,210387000000,KEDC,903,A1,"23,251","5,014","1,746",998,"31,387","2,744","37,752"
20242025,042,GRAVES,392,Mayfield Independent,031,Mayfield Elementary School,392031,042392031,210390000000,WKEC,908,A1,"5,448","2,789","2,077",712,"25,876","21,391","17,820"
20242025,042,GRAVES,392,Mayfield Independent,060,Mayfield High School,392060,042392060,210390000000,WKEC,908,A1,"2,704","2,189","2,189",515,"25,074","20,655","17,018"
20242025,042,GRAVES,392,Mayfield Independent,065,Mayfield Middle School,392065,042392065,210390000000,WKEC,908,A1,"4,180","2,604","2,127",477,"23,053","18,873","14,996"
20242025,079,MCCRACKEN,395,McCracken County,010,Concord Elementary School,395010,079395010,210396000000,WKEC,908,A1,"10,678","2,421",566,245,"13,555",810,"16,183"
20242025,079,MCCRACKEN,395,McCracken County,015,McCracken County High School,395015,079395015,210396000000,WKEC,908,A1,"9,523","3,180",545,288,"12,704",832,"14,462"
20242025,079,MCCRACKEN,395,McCracken County,030,Reidland Intermediate School,395030,079395030,210396000000,WKEC,908,A1,"12,072","2,639","1,283",190,"14,712","1,473","17,545"
20242025,079,MCCRACKEN,395,McCracken County,055,Heath Middle School,395055,079395055,210396000000,WKEC,908,A1,"10,745","3,092",593,194,"13,837",786,"15,918"
20242025,079,MCCRACKEN,395,McCracken County,065,Hendron Lone Oak Elementary School,395065,079395065,210396000000,WKEC,908,A1,"11,697","2,298",821,273,"13,950","1,093","16,366"
20242025,079,MCCRACKEN,395,McCracken County,075,Lone Oak Intermediate School,395075,079395075,210396000000,WKEC,908,A1,"10,362","2,278",612,277,"12,641",888,"15,032"
20242025,079,MCCRACKEN,395,McCracken County,080,Lone Oak Elementary School,395080,079395080,210396000000,WKEC,908,A1,"11,277","2,327",794,252,"13,605","1,045","16,140"
20242025,079,MCCRACKEN,395,McCracken County,085,Lone Oak Middle School,395085,079395085,210396000000,WKEC,908,A1,"11,012","2,401",853,200,"13,414","1,052","15,765"
20242025,079,MCCRACKEN,395,McCracken County,100,Reidland Elementary School,395100,079395100,210396000000,WKEC,908,A1,"11,391","2,397","1,078",343,"13,788","1,421","16,794"
20242025,079,MCCRACKEN,395,McCracken County,115,Reidland Middle School,395115,079395115,210396000000,WKEC,908,A1,"10,652","4,375",947,255,"15,028","1,202","17,512"
20242025,079,MCCRACKEN,395,McCracken County,120,Heath Elementary School,395120,079395120,210396000000,WKEC,908,A1,"11,542","2,318","1,014",286,"13,861","1,299","18,113"
20242025,080,MCCREARY,401,McCreary County,005,Pine Knot Primary,401005,080401005,210399000000,SESC,907,A1,"11,042","2,437","1,913",599,"14,313","2,512","1,959"
20242025,080,MCCREARY,401,McCreary County,010,McCreary Central High School,401010,080401010,210399000000,SESC,907,A1,"10,541","3,005",848,643,"14,277","1,490","3,958"
20242025,080,MCCREARY,401,McCreary County,014,McCreary County Middle School,401014,080401014,210399000000,SESC,907,A1,"7,984","2,422","1,231",800,"11,173","2,031","6,958"
20242025,080,MCCREARY,401,McCreary County,020,Pine Knot Intermediate,401020,080401020,210399000000,SESC,907,A1,"9,392","2,353","1,586",503,"12,527","2,088","1,959"
20242025,080,MCCREARY,401,McCreary County,330,Whitley City Elementary School,401330,080401330,210399000000,SESC,907,A1,"9,369","2,494","1,422",439,"12,671","1,861","1,959"
20242025,081,MCLEAN,405,McLean County,020,Calhoun Elementary School,405020,081405020,210402000000,GRREC,902,A1,"10,462","2,347","1,015",823,"12,809","1,838","18,983"
20242025,081,MCLEAN,405,McLean County,050,Livermore Elementary School,405050,081405050,210402000000,GRREC,902,A1,"12,319","2,461","1,128",856,"14,780","1,984","21,102"
20242025,081,MCLEAN,405,McLean County,065,McLean County High School,405065,081405065,210402000000,GRREC,902,A1,"11,359","2,835",587,634,"14,194","1,221","19,744"
20242025,081,MCLEAN,405,McLean County,070,Marie Gatton Phillips Elementary,405070,081405070,210402000000,GRREC,902,A1,"11,321","3,724",752,879,"15,044","1,631","21,016"
20242025,081,MCLEAN,405,McLean County,075,McLean County Middle School,405075,081405075,210402000000,GRREC,902,A1,"11,297","2,282",364,561,"13,580",925,"18,835"
20242025,082,MEADE,411,Meade County,011,David T. Wilson Elementary,411011,082411011,210405000000,GRREC,902,A1,"7,993","1,925",593,89,"9,917",682,"12,350"
20242025,082,MEADE,411,Meade County,015,Stuart Pepper Middle School,411015,082411015,210405000000,GRREC,902,A1,"8,998","2,135",46,20,"11,133",66,"12,950"
20242025,082,MEADE,411,Meade County,030,Flaherty Primary School,411030,082411030,210405000000,GRREC,902,A1,"9,178","2,032",632,166,"11,210",798,"13,758"
20242025,082,MEADE,411,Meade County,040,Ekron Elementary School,411040,082411040,210405000000,GRREC,902,A1,"9,198","2,203",959,94,"11,401","1,053","14,205"
20242025,082,MEADE,411,Meade County,050,Flaherty Elementary School,411050,082411050,210405000000,GRREC,902,A1,"8,916","2,506",650,123,"11,421",773,"13,944"
20242025,082,MEADE,411,Meade County,060,Barry Hahn Primary School,411060,082411060,210405000000,GRREC,902,A1,"9,082","1,927",622,50,"11,009",673,"13,432"
20242025,082,MEADE,411,Meade County,070,Meade County High School,411070,082411070,210405000000,GRREC,902,A1,"8,731","2,750",371,37,"11,481",408,"13,640"
20242025,082,MEADE,411,Meade County,090,Payneville Elementary School,411090,082411090,210405000000,GRREC,902,A1,"10,416","2,282",652,112,"12,698",764,"15,212"
20242025,083,MENIFEE,415,Menifee County,010,Menifee Central School,415010,083415010,210408000000,KEDC,903,A1,"12,022","3,100","1,516",667,"15,122","2,183","22,963"
20242025,083,MENIFEE,415,Menifee County,090,Menifee County High School,415090,083415090,210408000000,KEDC,903,A1,"9,921","4,085",394,780,"14,007","1,174","18,174"
20242025,084,MERCER,421,Mercer County,015,Mercer County Senior High School,421015,084421015,210411000000,CKEC,901,A1,"11,073","3,616",443,413,"14,688",856,"15,545"
20242025,084,MERCER,421,Mercer County,035,Kenneth D. King Middle School,421035,084421035,210411000000,CKEC,901,A1,"11,420","2,549",629,477,"13,968","1,106","15,074"
20242025,084,MERCER,421,Mercer County,050,Mercer County Intermediate School,421050,084421050,210411000000,CKEC,901,A1,"9,927","2,429",675,550,"12,356","1,224","13,580"
20242025,084,MERCER,421,Mercer County,070,Mercer County Elementary School,421070,084421070,210411000000,CKEC,901,A1,"9,975","2,126",792,"1,419","12,101","2,211","14,312"
20242025,085,METCALFE,425,Metcalfe County,010,Metcalfe County Middle School,425010,085425010,210414000000,GRREC,902,A1,"9,854","3,548","1,856",320,"13,403","2,176","25,576"
20242025,085,METCALFE,425,Metcalfe County,050,Metcalfe County High School,425050,085425050,210414000000,GRREC,902,A1,"10,619","4,392","1,643",416,"15,014","2,061","27,073"
20242025,085,METCALFE,425,Metcalfe County,060,Metcalfe County Elementary School,425060,085425060,210414000000,GRREC,902,A1,"10,337","2,988","1,830",320,"13,325","2,150","25,473"
20242025,007,BELL,426,Middlesboro Independent,030,Middlesboro Elementary School,426030,007426030,210417000000,SESC,907,A1,"11,097","3,146","2,448","2,314","14,243","4,762","20,862"
20242025,007,BELL,426,Middlesboro Independent,040,Middlesboro Middle School,426040,007426040,210417000000,SESC,907,A1,"11,604","3,043","3,129","1,316","14,647","4,445","20,814"
20242025,007,BELL,426,Middlesboro Independent,080,Middlesboro High School,426080,007426080,210417000000,SESC,907,A1,"13,358","3,696","2,413","2,450","17,054","4,863","23,445"
20242025,086,MONROE,431,Monroe County,150,Gamaliel Elementary,431150,086431150,210420000000,GRREC,902,A1,"13,213","3,991","2,476",499,"17,205","2,975","20,180"
20242025,086,MONROE,431,Monroe County,160,Monroe Co Middle,431160,086431160,210420000000,GRREC,902,A1,"10,176","3,580","1,372",556,"13,756","1,928","15,684"
20242025,086,MONROE,431,Monroe County,212,Joe Harrison Carter,431212,086431212,210420000000,GRREC,902,A1,"11,503","3,651","1,827",499,"15,154","2,326","17,480"
20242025,086,MONROE,431,Monroe County,440,Tompkinsville Elem,431440,086431440,210420000000,GRREC,902,A1,"14,564","3,479","2,091",505,"18,043","2,596","20,639"
20242025,086,MONROE,431,Monroe County,450,Monroe Co High,431450,086431450,210420000000,GRREC,902,A1,"11,824","3,858",793,681,"15,682","1,474","17,156"
20242025,087,MONTGOMERY,435,Montgomery County,010,Camargo Elementary School,435010,087435010,210425000000,CKEC,901,A1,"10,088","2,694","1,209",241,"12,736","1,451","17,793"
20242025,087,MONTGOMERY,435,Montgomery County,025,Northview Elementary,435025,087435025,210425000000,CKEC,901,A1,"10,969","2,911",951,234,"13,807","1,185","17,060"
20242025,087,MONTGOMERY,435,Montgomery County,030,Mapleton Elementary School,435030,087435030,210425000000,CKEC,901,A1,"11,099","3,126","1,197",240,"14,127","1,440","17,647"
20242025,087,MONTGOMERY,435,Montgomery County,040,Montgomery County High School,435040,087435040,210425000000,CKEC,901,A1,"8,184","3,382",565,188,"11,542",753,"14,615"
20242025,087,MONTGOMERY,435,Montgomery County,050,Mount Sterling Elementary School,435050,087435050,210425000000,CKEC,901,A1,"9,726","3,009","1,088",220,"12,673","1,308","17,110"
20242025,087,MONTGOMERY,435,Montgomery County,070,McNabb Middle School,435070,087435070,210425000000,CKEC,901,A1,"9,261","2,668",507,192,"11,895",699,"14,624"
20242025,088,MORGAN,441,Morgan County,015,Morgan Central Elementary School,441015,088441015,210429000000,KEDC,903,A1,"19,042","5,446","2,385",303,"24,489","2,688","27,772"
20242025,088,MORGAN,441,Morgan County,018,Wrigley Elementary School,441018,088441018,210429000000,KEDC,903,A1,"19,997","5,156","1,908",316,"25,152","2,224","27,793"
20242025,088,MORGAN,441,Morgan County,050,East Valley Elementary School,441050,088441050,210429000000,KEDC,903,A1,"26,936","6,888","1,954",436,"33,824","2,390","36,810"
20242025,088,MORGAN,441,Morgan County,090,Ezel Elementary School,441090,088441090,210429000000,KEDC,903,A1,"22,760","6,492","2,823",399,"29,252","3,222","33,070"
20242025,088,MORGAN,441,Morgan County,140,Morgan County Middle School,441140,088441140,210429000000,KEDC,903,A1,"18,021","5,016","2,358",278,"23,038","2,636","26,269"
20242025,088,MORGAN,441,Morgan County,150,Morgan County High School,441150,088441150,210429000000,KEDC,903,A1,"18,110","6,422","1,144",351,"24,532","1,496","26,623"
20242025,089,MUHLENBERG,445,Muhlenberg County,010,Bremen Elementary School,445010,089445010,210008000000,WKEC,908,A1,"12,172","3,123","1,254",251,"15,295","1,505","16,801"
20242025,089,MUHLENBERG,445,Muhlenberg County,012,Muhlenberg South Elementary,445012,089445012,210008000000,WKEC,908,A1,"11,262","2,660","1,259",496,"13,922","1,756","15,677"
20242025,089,MUHLENBERG,445,Muhlenberg County,030,Central City Elementary,445030,089445030,210008000000,WKEC,908,A1,"11,058","2,976","1,518",389,"14,034","1,906","15,941"
20242025,089,MUHLENBERG,445,Muhlenberg County,040,Greenville Elementary School,445040,089445040,210008000000,WKEC,908,A1,"10,797","2,792","1,013",511,"13,589","1,525","15,113"
20242025,089,MUHLENBERG,445,Muhlenberg County,115,Longest Elementary,445115,089445115,210008000000,WKEC,908,A1,"11,543","5,142",973,339,"16,685","1,312","17,997"
20242025,089,MUHLENBERG,445,Muhlenberg County,150,Muhlenberg County Middle School,445150,089445150,210008000000,WKEC,908,A1,"10,677","5,303",416,176,"15,979",592,"16,571"
20242025,089,MUHLENBERG,445,Muhlenberg County,175,Muhlenberg County High School,445175,089445175,210008000000,WKEC,908,A1,"10,543","3,688",475,219,"14,231",694,"14,925"
20242025,018,CALLOWAY,446,Murray Independent,020,Murray Elementary School,446020,018446020,210438000000,WKEC,908,A1,"20,895","2,011","1,163",362,"24,039","1,526","29,316"
20242025,018,CALLOWAY,446,Murray Independent,030,Murray Middle School,446030,018446030,210438000000,WKEC,908,A1,"20,399","2,448","1,087",282,"23,894","1,369","31,006"
20242025,018,CALLOWAY,446,Murray Independent,050,Murray High School,446050,018446050,210438000000,WKEC,908,A1,"21,352","3,019",674,263,"25,444",937,"31,017"
20242025,090,NELSON,451,Nelson County,010,Bloomfield Middle School,451010,090451010,210441000000,CKEC,901,A1,"11,296","3,377",691,110,"14,673",801,"18,543"
20242025,090,NELSON,451,Nelson County,011,NEW HAVEN SCHOOL,451011,090451011,210441000000,CKEC,901,A1,"14,731","4,334","1,634",957,"19,065","2,591","24,724"
20242025,090,NELSON,451,Nelson County,013,Bloomfield Elementary School,451013,090451013,210441000000,CKEC,901,A1,"15,145","3,561","1,000",104,"18,706","1,104","22,883"
20242025,090,NELSON,451,Nelson County,030,Boston School,451030,090451030,210441000000,CKEC,901,A1,"14,342","3,622","1,928",126,"17,964","2,054","23,085"
20242025,090,NELSON,451,Nelson County,050,Coxs Creek Elementary School,451050,090451050,210441000000,CKEC,901,A1,"12,886","3,078",591,72,"15,964",663,"19,700"
20242025,090,NELSON,451,Nelson County,070,Foster Heights Elementary School,451070,090451070,210441000000,CKEC,901,A1,"12,256","3,037","1,293",442,"15,293","1,735","20,095"
20242025,090,NELSON,451,Nelson County,090,Old Kentucky Home Middle School,451090,090451090,210441000000,CKEC,901,A1,"10,529","3,279",653,106,"13,808",759,"17,634"
20242025,090,NELSON,451,Nelson County,100,Nelson County High School,451100,090451100,210441000000,CKEC,901,A1,"11,609","4,928",590,129,"16,537",719,"21,569"
20242025,090,NELSON,451,Nelson County,101,Thomas Nelson High School,451101,090451101,210441000000,CKEC,901,A1,"12,147","4,738",636,188,"16,885",824,"23,007"
20242025,019,CAMPBELL,452,Newport Independent,020,Newport Primary School,452020,019452020,210444000000,NKCES,905,A1,"18,394","5,064","1,494","1,038","24,732","2,298","26,753"
20242025,019,CAMPBELL,452,Newport Independent,040,Newport Intermediate School,452040,019452040,210444001100,NKCES,905,A1,"16,242","4,701","2,095",901,"21,814","2,763","24,101"
20242025,019,CAMPBELL,452,Newport Independent,070,Newport High School,452070,019452070,210444000000,NKCES,905,A1,"17,445","5,239","1,819",997,"23,333","2,583","25,589"
20242025,091,NICHOLAS,455,Nicholas County,020,Nicholas County Elementary School,455020,091455020,210447000000,CKEC,901,A1,"7,889","2,986","1,721",976,"10,875","2,697","16,352"
20242025,091,NICHOLAS,455,Nicholas County,030,Nicholas County High School,455030,091455030,210447001107,CKEC,901,A1,"8,480","2,499",572,920,"10,979","1,492","18,603"
20242025,092,OHIO,461,Ohio County,010,Beaver Dam Elementary School,461010,092461010,210450000000,GRREC,902,A1,"9,867","2,205",508,299,"12,072",806,"14,784"
20242025,092,OHIO,461,Ohio County,090,Fordsville Elementary School,461090,092461090,210450000000,GRREC,902,A1,"11,561","2,802",458,362,"14,363",820,"17,289"
20242025,092,OHIO,461,Ohio County,110,Ohio County Middle School,461110,092461110,210450000000,GRREC,902,A1,"8,675","2,226",905,238,"10,901","1,143","13,964"
20242025,092,OHIO,461,Ohio County,140,Horse Branch Elementary School,461140,092461140,210450000000,GRREC,902,A1,"12,646","2,924",710,398,"15,570","1,108","18,926"
20242025,092,OHIO,461,Ohio County,155,Ohio County High School,461155,092461155,210450000000,GRREC,902,A1,"8,755","2,953",814,290,"11,708","1,105","14,686"
20242025,092,OHIO,461,Ohio County,170,Southern Elementary School,461170,092461170,210450000000,GRREC,902,A1,"10,467","2,906",599,225,"13,373",824,"16,242"
20242025,092,OHIO,461,Ohio County,190,Wayland Alexander Elementary School,461190,092461190,210450000000,GRREC,902,A1,"10,103","2,545",566,283,"12,648",849,"15,377"
20242025,092,OHIO,461,Ohio County,200,Western Elementary School,461200,092461200,210450000000,GRREC,902,A1,"11,324","2,661",552,209,"13,985",761,"16,836"
20242025,093,OLDHAM,465,Oldham County,005,Camden Station Elementary School,465005,093465005,210453000000,OVEC,906,A1,"11,180","2,141",197,51,"13,577",248,"17,087"
20242025,093,OLDHAM,465,Oldham County,007,Buckner Elementary School,465007,093465007,210453000000,OVEC,906,A1,"10,798","2,207",197,50,"13,261",247,"16,557"
20242025,093,OLDHAM,465,Oldham County,010,Centerfield Elementary School,465010,093465010,210453000000,OVEC,906,A1,"11,165","2,161",654,82,"13,583",736,"17,703"
20242025,093,OLDHAM,465,Oldham County,012,North Oldham High School,465012,093465012,210453000000,OVEC,906,A1,"9,899","2,756",197,50,"12,911",247,"17,240"
20242025,093,OLDHAM,465,Oldham County,013,Kenwood Station Elementary School,465013,093465013,210453000000,OVEC,906,A1,"9,996","2,215",497,78,"12,467",575,"17,797"
20242025,093,OLDHAM,465,Oldham County,014,Harmony Elementary School,465014,093465014,210453000000,OVEC,906,A1,"9,676","2,267",197,50,"12,199",247,"15,663"
20242025,093,OLDHAM,465,Oldham County,015,East Oldham Middle School,465015,093465015,210453000000,OVEC,906,A1,"10,511","2,370",197,159,"13,138",356,"16,182"
20242025,093,OLDHAM,465,Oldham County,020,Crestwood Elementary School,465020,093465020,210453000000,OVEC,906,A1,"10,389","2,252",375,59,"12,897",434,"16,645"
20242025,093,OLDHAM,465,Oldham County,025,Goshen At Hillcrest Elementary School,465025,093465025,210453000000,OVEC,906,A1,"9,638","2,181",265,53,"12,076",317,"15,378"
20242025,093,OLDHAM,465,Oldham County,028,Locust Grove Elementary School,465028,093465028,210453000000,OVEC,906,A1,"9,751","2,095",487,69,"12,102",556,"15,883"
20242025,093,OLDHAM,465,Oldham County,030,LaGrange Elementary School,465030,093465030,210453000000,OVEC,906,A1,"12,568","2,710",517,57,"15,534",574,"19,289"
20242025,093,OLDHAM,465,Oldham County,060,Oldham County High School,465060,093465060,210453000000,OVEC,906,A1,"8,696","2,472",197,50,"11,425",247,"17,654"
20242025,093,OLDHAM,465,Oldham County,070,Oldham County Middle School,465070,093465070,210453000000,OVEC,906,A1,"9,935","2,251",197,50,"12,443",247,"16,048"
20242025,093,OLDHAM,465,Oldham County,090,South Oldham Middle School,465090,093465090,210453000000,OVEC,906,A1,"9,316","1,965",204,158,"11,538",363,"15,223"
20242025,093,OLDHAM,465,Oldham County,095,South Oldham High School,465095,093465095,210453000000,OVEC,906,A1,"8,916","2,400",197,50,"11,572",247,"17,856"
20242025,093,OLDHAM,465,Oldham County,350,North Oldham Middle School,465350,093465350,210453000000,OVEC,906,A1,"9,420","2,396",197,57,"12,073",254,"14,875"
20242025,094,OWEN,471,Owen County,075,Owen County Elementary/Primary School,471075,094471075,210456000000,OVEC,906,A1,"10,888","2,921",846,225,"13,810","1,071","15,042"
20242025,094,OWEN,471,Owen County,078,Maurice Bowling Middle School,471078,094471078,210456000000,OVEC,906,A1,"10,017","2,974","1,072",210,"12,991","1,282","14,278"
20242025,094,OWEN,471,Owen County,080,Owen County High School,471080,094471080,210456000000,OVEC,906,A1,"10,621","4,398",773,561,"14,879","1,334","16,449"
20242025,030,DAVIESS,472,Owensboro Independent,010,Cravens Elementary School,472010,030472010,210459000000,GRREC,902,A1,"11,677","1,923","1,020",332,"13,600","1,262","16,757"
20242025,030,DAVIESS,472,Owensboro Independent,030,Estes Elementary School,472030,030472030,210459000000,GRREC,902,A1,"11,638","2,550",959,292,"14,187","1,251","17,192"
20242025,030,DAVIESS,472,Owensboro Independent,060,Foust Elementary School,472060,030472060,210459000000,GRREC,902,A1,"12,871","3,155","1,095",421,"16,026","1,515","19,587"
20242025,030,DAVIESS,472,Owensboro Independent,100,Newton Parrish Elementary School,472100,030472100,210459000000,GRREC,902,A1,"10,785","2,322",627,213,"13,107",839,"15,735"
20242025,030,DAVIESS,472,Owensboro Independent,102,Owensboro Innovation Middle School,472102,030472102,210459000000,GRREC,902,A1,"11,620","2,582",386,132,"14,202",518,"16,559"
20242025,030,DAVIESS,472,Owensboro Independent,108,Owensboro Middle School,472108,030472108,210459000000,GRREC,902,A1,"11,576","2,805",821,244,"14,381","1,065","17,232"
20242025,030,DAVIESS,472,Owensboro Independent,110,Owensboro High School,472110,030472110,210459000000,GRREC,902,A1,"11,212","3,552",667,246,"14,764",913,"17,369"
20242025,030,DAVIESS,472,Owensboro Independent,140,Sutton Elementary School,472140,030472140,210459000000,GRREC,902,A1,"10,623","2,212",521,305,"12,835",826,"15,388"
20242025,095,OWSLEY,475,Owsley County,020,Owsley County Elementary School,475020,095475020,210462000000,KVEC,904,A1,"11,209","5,582","2,801",594,"16,791","3,395","24,536"
20242025,095,OWSLEY,475,Owsley County,080,Owsley County High School,475080,095475080,210462000000,KVEC,904,A1,"11,679","5,370","1,904","1,378","17,049","3,282","24,635"
20242025,079,MCCRACKEN,476,Paducah Independent,010,Paducah Middle School,476010,079476010,210465000000,WKEC,908,A1,"10,811","4,127","1,677",500,"14,937","2,178","17,114"
20242025,079,MCCRACKEN,476,Paducah Independent,020,Clark Elementary School,476020,079476020,210465000000,WKEC,908,A1,"10,098","3,300","1,899",581,"13,399","2,481","15,880"
20242025,079,MCCRACKEN,476,Paducah Independent,080,McNabb Elementary School,476080,079476080,210465000000,WKEC,908,A1,"12,332","3,634","2,665",639,"15,965","3,304","19,269"
20242025,079,MCCRACKEN,476,Paducah Independent,150,Morgan Elementary School,476150,079476150,210465000000,WKEC,908,A1,"13,336","3,460","3,161",728,"16,796","3,889","20,685"
20242025,079,MCCRACKEN,476,Paducah Independent,170,Paducah Tilghman High School,476170,079476170,210465000000,WKEC,908,A1,"13,262","4,423","1,553",540,"17,684","2,094","19,778"
20242025,058,JOHNSON,477,Paintsville Independent,010,Paintsville Elementary School,477010,058477010,210468000000,KEDC,903,A1,"11,446","2,750",866,77,"13,782",943,"21,736"
20242025,058,JOHNSON,477,Paintsville Independent,020,Paintsville High School,477020,058477020,210468000000,KEDC,903,A1,"11,924","3,880",692,275,"15,407",964,"23,455"
20242025,009,BOURBON,478,Paris Independent,010,Paris Elementary School,478010,009478010,210471000000,CKEC,901,A1,"9,186","2,857","1,191",68,"12,043","1,259","16,241"
20242025,009,BOURBON,478,Paris Independent,020,Paris High School,478020,009478020,210471000000,CKEC,901,A1,"10,513","4,470",868,115,"14,983",983,"28,449"
20242025,009,BOURBON,478,Paris Independent,030,Paris Middle School,478030,009478030,210471000000,CKEC,901,A1,"9,423","2,051",763,52,"11,474",816,"15,210"
20242025,096,PENDLETON,481,Pendleton County,060,Northern Elementary School,481060,096481060,210474000000,NKCES,905,A1,"11,264","2,377",534,489,"13,640","1,023","18,019"
20242025,096,PENDLETON,481,Pendleton County,061,Phillip Sharp Middle School,481061,096481061,210474000000,NKCES,905,A1,"10,639","2,751",386,423,"13,391",808,"17,752"
20242025,096,PENDLETON,481,Pendleton County,070,Pendleton County High School,481070,096481070,210474000000,NKCES,905,A1,"9,820","3,563",546,448,"13,384",994,"17,859"
20242025,096,PENDLETON,481,Pendleton County,080,Southern Elementary School,481080,096481080,210474000000,NKCES,905,A1,"12,232","2,361",666,575,"13,948","1,242","18,523"
20242025,097,PERRY,485,Perry County,130,Buckhorn School,485130,097485130,210477000000,KVEC,904,A1,"8,648","4,307","1,461","1,441","12,955","2,902","17,443"
20242025,097,PERRY,485,Perry County,200,East Perry County Elementary School,485200,097485200,210477000000,KVEC,904,A1,"9,054","2,012",614,"1,077","11,066","1,691","14,276"
20242025,097,PERRY,485,Perry County,250,Perry County Central High School,485250,097485250,210477000000,KVEC,904,A1,"8,236","3,058",522,983,"11,295","1,505","14,285"
20242025,097,PERRY,485,Perry County,635,Robert W Combs Elementary School,485635,097485635,210477000000,KVEC,904,A1,"10,358","1,680","1,174","1,088","12,038","2,262","15,865"
20242025,097,PERRY,485,Perry County,640,Robinson Elementary School,485640,097485640,210477000000,KVEC,904,A1,"7,218","2,201","1,533","1,345","9,419","2,878","13,849"
20242025,097,PERRY,485,Perry County,890,Viper Elementary School,485890,097485890,210477000000,KVEC,904,A1,"10,410","2,243",662,"1,286","12,653","1,948","16,153"
20242025,097,PERRY,485,Perry County,898,West Perry Elementary School,485898,097485898,210477000000,KVEC,904,A1,"7,363","1,955",939,"1,039","9,317","1,979","12,798"
20242025,098,PIKE,491,Pike County,051,Belfry Elementary,491051,098491051,210480000000,KVEC,904,A1,"10,094","3,462","1,868",908,"15,427","2,776","18,685"
20242025,098,PIKE,491,Pike County,054,East Ridge High School,491054,098491054,210480000000,KVEC,904,A1,"12,152","4,373",538,784,"16,525","1,322","19,822"
20242025,098,PIKE,491,Pike County,057,Feds Creek Elementary School,491057,098491057,210480000000,KVEC,904,A1,"17,965","4,590","2,441","1,046","22,555","3,487","26,190"
20242025,098,PIKE,491,Pike County,058,Belfry Middle School,491058,098491058,210480000000,KVEC,904,A1,"10,554","3,973",330,783,"14,527","1,113","17,840"
20242025,098,PIKE,491,Pike County,059,Millard School,491059,098491059,210480000000,KVEC,904,A1,"12,556","3,871","1,829",865,"16,427","2,694","19,683"
20242025,098,PIKE,491,Pike County,060,Valley Elementary School,491060,098491060,210480000000,KVEC,904,A1,"10,759","3,614","1,739",870,"14,373","2,609","17,600"
20242025,098,PIKE,491,Pike County,090,Belfry High School,491090,098491090,210480000000,KVEC,904,A1,"11,308","4,535",643,577,"15,843","1,220","19,108"
20242025,098,PIKE,491,Pike County,130,Bevins Elementary School,491130,098491130,210480000000,KVEC,904,A1,"14,640","4,064","2,446","1,063","18,704","3,509","22,150"
20242025,098,PIKE,491,Pike County,190,Pike County Central High School,491190,098491190,210480000000,KVEC,904,A1,"9,675","4,541",508,802,"14,215","1,309","17,457"
20242025,098,PIKE,491,Pike County,250,Dorton Elementary School,491250,098491250,210480000000,KVEC,904,A1,"13,304","4,074","1,458",765,"17,378","2,222","20,774"
20242025,098,PIKE,491,Pike County,300,Elkhorn City Elementary School,491300,098491300,210480000000,KVEC,904,A1,"13,869","4,143","2,194",916,"18,013","3,110","21,326"
20242025,098,PIKE,491,Pike County,620,Johns Creek Elementary School,491620,098491620,210480000000,KVEC,904,A1,"13,449","3,839","1,980",858,"17,288","2,838","20,562"
20242025,098,PIKE,491,Pike County,650,Kimper Elementary School,491650,098491650,210480000000,KVEC,904,A1,"18,244","4,943","2,147","1,155","23,186","3,302","26,923"
20242025,098,PIKE,491,Pike County,950,Mullins Elementary School,491950,098491950,210480000000,KVEC,904,A1,"10,044","3,471","1,439","1,024","13,514","2,463","16,737"
20242025,098,PIKE,491,Pike County,952,Phelps Elementary School,491952,098491952,210480000000,KVEC,904,A1,"16,978","4,187","2,618","1,107","21,165","3,725","24,494"
20242025,098,PIKE,491,Pike County,954,Phelps High School,491954,098491954,210480000000,KVEC,904,A1,"14,486","5,395",462,718,"19,881","1,180","23,267"
20242025,098,PIKE,491,Pike County,980,Shelby Valley High School,491980,098491980,210480000000,KVEC,904,A1,"10,315","4,354",482,635,"14,669","1,117","17,921"
20242025,098,PIKE,492,Pikeville Independent,020,Pikeville Elementary School,492020,098492020,210483000000,KVEC,904,A1,"20,401","3,856","2,343","1,216","24,257","3,559","27,816"
20242025,098,PIKE,492,Pikeville Independent,030,Pikeville High School,492030,098492030,210483000000,KVEC,904,A1,"21,902","5,520","1,721","1,128","27,422","2,849","30,271"
20242025,007,BELL,493,Pineville Independent,030,Pineville Independent School,493030,007493030,210486000000,SESC,907,A1,"10,195","3,431","2,465","2,928","13,626","5,393","25,487"
20242025,099,POWELL,495,Powell County,010,Bowen Elementary School,495010,099495010,210489000000,CKEC,901,A1,"12,626","2,754","1,306",280,"15,380","1,583","18,987"
20242025,099,POWELL,495,Powell County,015,Powell County Middle School,495015,099495015,210489000000,CKEC,901,A1,"9,575","2,607","1,173",220,"12,182","1,393","17,079"
20242025,099,POWELL,495,Powell County,020,Clay City Elementary School,495020,099495020,210489000000,CKEC,901,A1,"10,350","2,445","1,476",225,"12,802","1,697","16,437"
20242025,099,POWELL,495,Powell County,040,Powell County High School,495040,099495040,210489000000,CKEC,901,A1,"9,645","4,091","1,143",517,"13,736","1,660","17,153"
20242025,099,POWELL,495,Powell County,060,Stanton Elementary School,495060,099495060,210489000000,CKEC,901,A1,"9,460","2,359","1,191",208,"11,819","1,399","64,722"
20242025,100,PULASKI,501,Pulaski County,070,Burnside Elementary School,501070,100501070,210495000000,SESC,907,A1,"11,192","2,369","1,360",473,"13,560","1,833","15,393"
20242025,100,PULASKI,501,Pulaski County,180,Eubank Elementary School,501180,100501180,210495000000,SESC,907,A1,"10,081","2,402","1,292",409,"12,480","1,701","14,185"
20242025,100,PULASKI,501,Pulaski County,280,Nancy Elementary School,501280,100501280,210495000000,SESC,907,A1,"10,733","2,743","1,058",459,"13,476","1,516","14,993"
20242025,100,PULASKI,501,Pulaski County,380,Pulaski County High School,501380,100501380,210495000000,SESC,907,A1,"10,623","3,073",918,362,"13,697","1,280","14,977"
20242025,100,PULASKI,501,Pulaski County,385,Pulaski Elementary School,501385,100501385,210495000000,SESC,907,A1,"10,574","2,048",944,513,"12,622","1,460","14,082"
20242025,100,PULASKI,501,Pulaski County,390,Southern Middle School,501390,100501390,210495000000,SESC,907,A1,"8,566","2,019",616,276,"10,585",892,"11,477"
20242025,100,PULASKI,501,Pulaski County,395,Northern Middle School,501395,100501395,210495000000,SESC,907,A1,"9,370","2,143",513,276,"11,520",790,"12,310"
20242025,100,PULASKI,501,Pulaski County,400,Southwestern High School,501400,100501400,210495000000,SESC,907,A1,"9,779","2,714",968,318,"12,494","1,286","13,779"
20242025,100,PULASKI,501,Pulaski County,420,Oak Hill Elementary School,501420,100501420,210495000000,SESC,907,A1,"9,422","2,166","1,179",525,"11,591","1,704","13,295"
20242025,100,PULASKI,501,Pulaski County,440,Shopville Elementary School,501440,100501440,210495000000,SESC,907,A1,"9,666","2,061","1,020",475,"11,729","1,502","12,231"
20242025,100,PULASKI,501,Pulaski County,560,Northern Elementary School,501560,100501560,210495000000,SESC,907,A1,"11,802","2,188",927,411,"13,990","1,338","15,328"
20242025,100,PULASKI,501,Pulaski County,570,Southern Elementary School,501570,100501570,210495000000,SESC,907,A1,"10,167","2,123","1,445",645,"12,290","2,097","14,387"
20242025,045,GREENUP,502,Raceland-Worthington Independent,010,Campbell Elementary School,502010,045502010,210498000000,KEDC,903,A1,"9,506","2,680",649,207,"12,277",856,"15,285"
20242025,045,GREENUP,502,Raceland-Worthington Independent,020,Raceland-Worthington High School,502020,045502020,210498000000,KEDC,903,A1,"9,654","3,909",345,98,"13,654",442,"16,247"
20242025,045,GREENUP,502,Raceland-Worthington Independent,030,Raceland-Worthington Middle School,502030,045502030,210498000000,KEDC,903,A1,"9,091","2,645",574,202,"11,827",776,"14,755"
20242025,101,ROBERTSON,505,Robertson County,010,Robertson County School,505010,101505010,210504000000,KEDC,903,A1,"10,752","4,511","1,153",539,"15,263","1,692","16,693"
20242025,102,ROCKCASTLE,511,Rockcastle County,020,Brodhead Elementary School,511020,102511020,210507000000,SESC,907,A1,"9,210","2,550","1,097",659,"11,761","13,517","13,517"
20242025,102,ROCKCASTLE,511,Rockcastle County,100,Rockcastle County Middle School,511100,102511100,210507000000,SESC,907,A1,"10,453","2,637",634,587,"13,089","1,222","14,312"
20242025,102,ROCKCASTLE,511,Rockcastle County,170,Mt. Vernon Elementary,511170,102511170,210507000000,SESC,907,A1,"10,657","2,152","1,005",771,"12,809","1,777","14,586"
20242025,102,ROCKCASTLE,511,Rockcastle County,310,Rockcastle County High School,511310,102511310,210507000000,SESC,907,A1,"9,636","3,009","1,133",978,"12,645","2,111","14,757"
20242025,102,ROCKCASTLE,511,Rockcastle County,320,Roundstone Elementary School,511320,102511320,210507000000,SESC,907,A1,"12,817","2,464","1,040",556,"15,282","1,596","16,878"
20242025,103,ROWAN,515,Rowan County,040,Clearfield Elementary School,515040,103515040,210510000000,KEDC,903,A1,"11,706","3,014","17,071",381,"14,720","2,352","17,071"
20242025,103,ROWAN,515,Rowan County,043,McBrayer Elementary School,515043,103515043,210510000000,KEDC,903,A1,"9,129","2,955",966,369,"12,083","1,335","13,419"
20242025,103,ROWAN,515,Rowan County,180,Rowan County Senior High School,515180,103515180,210510000000,KEDC,903,A1,"9,865","3,845",407,353,"13,709",759,"14,469"
20242025,103,ROWAN,515,Rowan County,200,Tilden Hogge Elementary School,515200,103515200,210510000000,KEDC,903,A1,"12,052","3,178","1,941",363,"15,230","2,304","17,535"
20242025,103,ROWAN,515,Rowan County,210,Rowan County Middle School,515210,103515210,210510000000,KEDC,903,A1,"8,782","3,045",662,299,"11,827",961,"12,788"
20242025,103,ROWAN,515,Rowan County,250,Rodburn Elementary School,515250,103515250,210510000000,KEDC,903,A1,"11,367","3,277","1,350",463,"14,644","1,813","16,457"
20242025,104,RUSSELL,521,Russell County,140,Jamestown Elementary School,521140,104521140,210516000000,GRREC,902,A1,"9,178","2,282",991,263,"11,459","1,254","12,713"
20242025,104,RUSSELL,521,Russell County,230,Russell Springs Elementary School,521230,104521230,210516000000,GRREC,902,A1,"9,935","2,167",918,253,"12,102","1,171","13,273"
20242025,104,RUSSELL,521,Russell County,240,Russell County High School,521240,104521240,210516000000,GRREC,902,A1,"10,341","3,162",680,303,"13,503",983,"14,486"
20242025,104,RUSSELL,521,Russell County,250,Salem Elementary School,521250,104521250,210516000000,GRREC,902,A1,"10,055","2,131","1,357",292,"12,185","1,650","13,835"
20242025,104,RUSSELL,521,Russell County,260,Russell County Middle School,521260,104521260,210516000000,GRREC,902,A1,"9,931","2,380",639,267,"12,312",906,"13,218"
20242025,045,GREENUP,522,Russell Independent,011,Russell Primary School,522011,045522011,210513000000,KEDC,903,A1,"11,195","2,184","1,199",630,"13,379","1,829","16,277"
20242025,045,GREENUP,522,Russell Independent,030,Russell-McDowell Intermediate School,522030,045522030,210513000000,KEDC,903,A1,"9,228","2,119",731,481,"11,347","1,212","13,659"
20242025,045,GREENUP,522,Russell Independent,050,Russell High School,522050,045522050,210513000000,KEDC,903,A1,"11,473","2,680",574,468,"14,153","1,042","17,497"
20242025,045,GREENUP,522,Russell Independent,060,Russell Middle School,522060,045522060,210513000000,KEDC,903,A1,"9,933","2,263",563,491,"12,196","1,054","14,681"
20242025,071,LOGAN,523,Russellville Independent,025,R E Stevenson Elementary School,523025,071523025,210519000000,GRREC,902,A1,"11,012","3,378","2,214","1,793","14,390","4,007","21,438"
20242025,071,LOGAN,523,Russellville Independent,030,Russellville High School,523030,071523030,210519000000,GRREC,902,A1,"13,699","7,851","1,426","1,096","21,550","2,522","39,875"
20242025,071,LOGAN,523,Russellville Independent,050,Russellville Middle School,523050,071523050,210519000000,GRREC,902,A1,"10,963","2,520",946,844,"13,483","1,789","16,680"
20242025,100,PULASKI,524,Science Hill Independent,010,Science Hill Elementary School,524010,100524010,210522000000,SESC,907,A1,"9,857","2,220",603,273,"12,077",876,"24,603"
20242025,105,SCOTT,525,Scott County,010,Eastern Elementary School,525010,105525010,210526000000,CKEC,901,A1,"11,131","1,804",376,77,"12,559",453,"16,730"
20242025,105,SCOTT,525,Scott County,012,Anne Mason Elementary School,525012,105525012,210526000000,CKEC,901,A1,"14,646","2,161",866,92,"15,941",958,"20,742"
20242025,105,SCOTT,525,Scott County,013,Royal Spring Middle School,525013,105525013,210526000000,CKEC,901,A1,"11,505","2,116",393,74,"13,227",468,"17,469"
20242025,105,SCOTT,525,Scott County,014,Lemons Mill Elementary School,525014,105525014,210526000000,CKEC,901,A1,"12,768","2,158","1,046",89,"13,881","1,135","18,818"
20242025,105,SCOTT,525,Scott County,015,Garth Elementary School,525015,105525015,210526000000,CKEC,901,A1,"13,531","2,496",727,92,"15,299",819,"23,080"
20242025,105,SCOTT,525,Scott County,018,Georgetown Middle School,525018,105525018,210526000000,CKEC,901,A1,"11,989","2,535",624,94,"13,899",718,"18,425"
20242025,105,SCOTT,525,Scott County,025,Great Crossing High School,525025,105525025,210526000000,CKEC,901,A1,"9,485","2,322",344,90,"11,463",433,"15,641"
20242025,105,SCOTT,525,Scott County,029,Creekside Elementary,525029,105525029,210526000000,CKEC,901,A1,"12,355","2,030",864,99,"13,521",963,"18,205"
20242025,105,SCOTT,525,Scott County,035,Northern Elementary School,525035,105525035,210526000000,CKEC,901,A1,"13,091","2,159",472,89,"14,778",560,"19,067"
20242025,105,SCOTT,525,Scott County,040,Scott County High School,525040,105525040,210526000000,CKEC,901,A1,"9,895","2,543",280,85,"12,158",365,"16,302"
20242025,105,SCOTT,525,Scott County,050,Stamping Ground Elementary School,525050,105525050,210526000000,CKEC,901,A1,"12,415","2,211",355,86,"14,271",442,"18,450"
20242025,105,SCOTT,525,Scott County,060,Scott County Middle School,525060,105525060,210526000000,CKEC,901,A1,"11,081","2,070",244,87,"12,908",331,"22,485"
20242025,105,SCOTT,525,Scott County,070,Southern Elementary School,525070,105525070,210526000000,CKEC,901,A1,"12,990","2,171",875,106,"14,286",980,"19,270"
20242025,105,SCOTT,525,Scott County,080,Western Elementary School,525080,105525080,210526000000,CKEC,901,A1,"11,365","1,895",426,80,"12,835",506,"17,128"
20242025,106,SHELBY,531,Shelby County,014,Painted Stone Elementary,531014,106531014,210532000000,OVEC,906,A1,"11,540","2,592","1,345",235,"14,132","1,580","15,712"
20242025,106,SHELBY,531,Shelby County,015,Southside Elementary,531015,106531015,210532000000,OVEC,906,A1,"11,417","2,508","1,106",356,"13,925","1,461","15,386"
20242025,106,SHELBY,531,Shelby County,040,Martha Layne Collins High School,531040,106531040,210532000000,OVEC,906,A1,"9,893","3,127",399,153,"13,020",551,"13,571"
20242025,106,SHELBY,531,Shelby County,054,Marnel C. Moorman School,531054,106531054,210532000000,OVEC,906,A1,"10,232","2,203",586,259,"12,435",846,"13,280"
20242025,106,SHELBY,531,Shelby County,065,Heritage Elementary,531065,106531065,210532000000,OVEC,906,A1,"10,484","2,384",578,58,"12,867",636,"13,504"
20242025,106,SHELBY,531,Shelby County,080,Shelby County West Middle School,531080,106531080,210532000000,OVEC,906,A1,"10,582","2,489",642,177,"13,072",818,"13,890"
20242025,106,SHELBY,531,Shelby County,090,Shelby County High School,531090,106531090,210532000000,OVEC,906,A1,"10,005","2,852",498,366,"12,857",864,"13,721"
20242025,106,SHELBY,531,Shelby County,100,Simpsonville Elementary,531100,106531100,210532000000,OVEC,906,A1,"10,934","2,805",517,93,"13,739",609,"14,349"
20242025,106,SHELBY,531,Shelby County,110,Shelby County East Middle School,531110,106531110,210532000000,OVEC,906,A1,"10,810","2,339",461,269,"13,149",731,"13,880"
20242025,106,SHELBY,531,Shelby County,120,Clear Creek Elementary,531120,106531120,210532000000,OVEC,906,A1,"12,031","2,905",837,195,"14,936","1,032","15,968"
20242025,106,SHELBY,531,Shelby County,130,Wright Elementary,531130,106531130,210532000000,OVEC,906,A1,"11,390","2,533",959,117,"13,923","1,077","14,999"
20242025,107,SIMPSON,535,Simpson County,020,Franklin Elementary School,535020,107535020,210540000000,GRREC,902,A1,"12,836","2,300",965,542,"15,136","1,507","18,013"
20242025,107,SIMPSON,535,Simpson County,030,Franklin-Simpson Middle School,535030,107535030,210540000000,GRREC,902,A1,"9,002","2,557",854,99,"11,559",953,"14,011"
20242025,107,SIMPSON,535,Simpson County,040,Franklin-Simpson High School,535040,107535040,210540000000,GRREC,902,A1,"11,221","3,185",662,198,"14,406",860,"16,756"
20242025,107,SIMPSON,535,Simpson County,045,Lincoln Elementary School,535045,107535045,210540000000,GRREC,902,A1,"10,250","2,409","1,163",98,"12,659","1,261","15,497"
20242025,107,SIMPSON,535,Simpson County,100,Simpson Elementary School,535100,107535100,210540000000,GRREC,902,A1,"9,619","2,334",920,98,"11,953","1,018","14,469"
20242025,100,PULASKI,536,Somerset Independent,050,Hopkins Elementary School,536050,100536050,210543000000,SESC,907,A1,"8,263","2,023","1,561","1,357","10,289","2,920","13,209"
20242025,100,PULASKI,536,Somerset Independent,070,Somerset High School,536070,100536070,210543000000,SESC,907,A1,"12,318","2,947",454,"2,188","15,264","2,641","17,908"
20242025,100,PULASKI,536,Somerset Independent,090,Meece Middle School,536090,100536090,210543000000,SESC,907,A1,"10,056","2,014",547,"1,593","12,070","2,139","14,207"
20242025,019,CAMPBELL,537,Southgate Independent,010,Southgate Public School,537010,019537010,210546000000,NKCES,905,A1,"17,401","6,433","2,298",546,"23,830","2,844","27,809"
20242025,108,SPENCER,541,Spencer County,040,Spencer County Elementary School,541040,108541040,210549000000,OVEC,906,A1,"10,473","1,986",412,168,"11,879",581,"14,473"
20242025,108,SPENCER,541,Spencer County,041,Spencer County Middle School,541041,108541041,210549000000,OVEC,906,A1,"9,769","2,765",517,299,"11,717",816,"14,547"
20242025,108,SPENCER,541,Spencer County,044,Taylorsville Elementary School,541044,108541044,210549000000,OVEC,906,A1,"10,971","2,258",803,188,"12,238",991,"15,242"
20242025,108,SPENCER,541,Spencer County,050,Spencer County High School,541050,108541050,210549000000,OVEC,906,A1,"9,969","3,477",636,161,"12,649",797,"15,460"
20242025,109,TAYLOR,545,Taylor County,005,Taylor County Primary Center,545005,109545005,210552000000,GRREC,902,A1,"11,897","1,742","1,284",220,"13,639","1,503","20,182"
20242025,109,TAYLOR,545,Taylor County,020,Taylor County Elementary School,545020,109545020,210552000000,GRREC,902,A1,"11,214","3,231","1,067",189,"14,446","1,256","20,741"
20242025,109,TAYLOR,545,Taylor County,030,Taylor County High School,545030,109545030,210552000000,GRREC,902,A1,"11,231","3,690",441,123,"14,920",564,"20,523"
20242025,109,TAYLOR,545,Taylor County,040,Taylor County Middle School,545040,109545040,210552001319,GRREC,902,A1,"10,391","3,198",610,23,"13,589",633,"19,262"
20242025,110,TODD,551,Todd County,005,North Todd Elementary School,551005,110551005,210555000000,GRREC,902,A1,"10,806","2,522",888,232,"13,345","1,120","15,098"
20242025,110,TODD,551,Todd County,015,South Todd Elementary School,551015,110551015,210555000000,GRREC,902,A1,"11,082","2,561","1,011",236,"13,660","1,247","15,870"
20242025,110,TODD,551,Todd County,080,Todd County Middle School,551080,110551080,210555000000,GRREC,902,A1,"10,076","2,892",670,234,"12,984",904,"14,851"
20242025,110,TODD,551,Todd County,095,Todd County Central High School,551095,110551095,210555000000,GRREC,902,A1,"10,861","4,119",363,274,"14,838",636,"16,717"
20242025,111,TRIGG,555,Trigg County,013,Trigg County Primary School,555013,111555013,210558000000,WKEC,908,A1,"9,931","2,434","1,099","1,836","12,324","2,935","16,611"
20242025,111,TRIGG,555,Trigg County,014,Trigg County Intermediate School,555014,111555014,210558000000,WKEC,908,A1,"10,069","2,076",634,"1,383","12,103","2,017","15,471"
20242025,111,TRIGG,555,Trigg County,050,Trigg County Middle School,555050,111555050,210558000000,WKEC,908,A1,"9,665","2,558",814,"1,490","12,181","2,303","15,843"
20242025,111,TRIGG,555,Trigg County,070,Trigg County High School,555070,111555070,210558000000,WKEC,908,A1,"9,363","3,537",356,"1,437","12,858","1,792","16,004"
20242025,112,TRIMBLE,561,Trimble County,010,Bedford Elementary School,561010,112561010,210561000000,OVEC,906,A1,"10,359","3,614",515,118,"14,043",630,"15,416"
20242025,112,TRIMBLE,561,Trimble County,020,Milton Elementary School,561020,112561020,210561000000,OVEC,906,A1,"12,089","3,305",936,251,"15,463","1,184","16,836"
20242025,112,TRIMBLE,561,Trimble County,025,Trimble County JR/SR High School,561025,112561025,210561000000,OVEC,906,A1,"9,702","3,786",461,124,"13,557",581,"14,930"
20242025,113,UNION,565,Union County,020,Morganfield Elementary School,565020,113565020,210564000000,WKEC,908,A1,"13,070","2,932",893,350,"16,002","1,243","17,245"
20242025,113,UNION,565,Union County,050,Sturgis Elementary School,565050,113565050,210564000000,WKEC,908,A1,"12,641","2,718","1,008",384,"15,358","1,392","16,750"
20242025,113,UNION,565,Union County,055,Union County Middle School,565055,113565055,210564000000,WKEC,908,A1,"12,556","2,692","1,008",277,"15,250","1,282","16,535"
20242025,113,UNION,565,Union County,065,Union County High School,565065,113565065,210564000000,WKEC,908,A1,"11,986","2,727",182,240,"14,716",422,"15,138"
20242025,113,UNION,565,Union County,070,Uniontown Elementary School,565070,113565070,210564000000,WKEC,908,A1,"13,109","2,630",576,289,"15,739",865,"16,603"
20242025,008,BOONE,567,Walton-Verona Independent,010,Walton-Verona Elementary School,567010,008567010,210570000000,NKCES,905,A1,"12,363","3,138",777,71,"15,501",848,"23,827"
20242025,008,BOONE,567,Walton-Verona Independent,013,Walton-Verona Intermediate School,567013,008567013,210570000000,NKCES,905,A1,"7,578","3,050",490,21,"10,628",510,"18,826"
20242025,008,BOONE,567,Walton-Verona Independent,015,Walton-Verona Middle School,567015,008567015,210570000000,NKCES,905,A1,"13,394","3,208",305,14,"16,602",319,"25,005"
20242025,008,BOONE,567,Walton-Verona Independent,020,Walton-Verona High School,567020,008567020,210570000000,NKCES,905,A1,"12,100","3,657",195,20,"15,756",215,"23,971"
20242025,114,WARREN,571,Warren County,002,South Warren Middle School,571002,114571002,210573000000,GRREC,902,A1,"8,588","2,291",560,188,"10,879",748,"25,481"
20242025,114,WARREN,571,Warren County,003,South Warren High School,571003,114571003,210573000000,GRREC,902,A1,"8,697","3,399",314,187,"12,096",501,"26,427"
20242025,114,WARREN,571,Warren County,010,Alvaton Elementary,571010,114571010,210573000000,GRREC,902,A1,"9,618","1,917",564,236,"11,536",801,"26,213"
20242025,114,WARREN,571,Warren County,015,Briarwood Elementary School,571015,114571015,210573000000,GRREC,902,A1,"10,862","2,153",781,124,"13,015",906,"27,834"
20242025,114,WARREN,571,Warren County,018,Plano Elementary,571018,114571018,210573000000,GRREC,902,A1,"9,545","2,002",516,258,"11,548",774,"26,165"
20242025,114,WARREN,571,Warren County,025,Jennings Creek Elementary,571025,114571025,210573000000,GRREC,902,A1,"10,006","2,146","1,029",252,"12,152","1,281","27,501"
20242025,114,WARREN,571,Warren County,030,Jody Richards Elementary,571030,114571030,210573000000,GRREC,902,A1,"9,793","2,159",588,173,"11,952",761,"26,592"
20242025,114,WARREN,571,Warren County,040,Bristow Elementary,571040,114571040,210573000000,GRREC,902,A1,"10,382","2,223",632,166,"12,605",798,"27,312"
20242025,114,WARREN,571,Warren County,070,Cumberland Trace Elementary,571070,114571070,210573000000,GRREC,902,A1,"10,504","2,009",973,269,"12,513","1,242","27,627"
20242025,114,WARREN,571,Warren County,075,Drakes Creek Middle School,571075,114571075,210573000000,GRREC,902,A1,"9,358","2,448",668,186,"11,806",854,"26,557"
20242025,114,WARREN,571,Warren County,080,Lost River Elementary,571080,114571080,210573000000,GRREC,902,A1,"8,718","3,044",595,301,"11,762",896,"26,551"
20242025,114,WARREN,571,Warren County,100,William H. Natcher Elementary,571100,114571100,210573000000,GRREC,902,A1,"10,914","2,560",686,213,"13,474",899,"28,285"
20242025,114,WARREN,571,Warren County,110,North Warren Elementary,571110,114571110,210573000000,GRREC,902,A1,"10,806","2,350",730,343,"13,156","1,072","28,157"
20242025,114,WARREN,571,Warren County,130,Oakland Elementary,571130,114571130,210573000000,GRREC,902,A1,"10,014","2,157",672,259,"12,171",931,"27,035"
20242025,114,WARREN,571,Warren County,140,Rich Pond Elementary,571140,114571140,210573000000,GRREC,902,A1,"8,824","1,893",492,245,"10,717",737,"25,306"
20242025,114,WARREN,571,Warren County,150,Richardsville Elementary,571150,114571150,210573000000,GRREC,902,A1,"10,560","2,465",785,190,"13,025",975,"27,936"
20242025,114,WARREN,571,Warren County,170,Rockfield Elementary,571170,114571170,210573000000,GRREC,902,A1,"9,949","2,985",759,199,"12,934",958,"27,787"
20242025,114,WARREN,571,Warren County,175,Henry F. Moss Middle School,571175,114571175,210573000000,GRREC,902,A1,"10,518","2,918",793,399,"13,436","1,192","28,649"
20242025,114,WARREN,571,Warren County,200,Warren Elementary,571200,114571200,210573000000,GRREC,902,A1,"9,665","3,076","1,279",292,"12,741","1,571","28,224"
20242025,114,WARREN,571,Warren County,205,Warren East Middle School,571205,114571205,210573000000,GRREC,902,A1,"9,984","2,925",502,482,"12,910",985,"27,792"
20242025,114,WARREN,571,Warren County,210,Warren Central High School,571210,114571210,210573000000,GRREC,902,A1,"9,887","3,425",659,383,"13,313","1,041","28,210"
20242025,114,WARREN,571,Warren County,220,Warren East High School,571220,114571220,210573000000,GRREC,902,A1,"10,022","3,558",451,296,"13,580",747,"28,234"
20242025,114,WARREN,571,Warren County,230,Greenwood High School,571230,114571230,210573000000,GRREC,902,A1,"9,558","3,192",408,196,"12,750",604,"27,494"
20242025,115,WASHINGTON,575,Washington County,031,North Washington Elementary School,575031,115575031,210576000000,CKEC,901,A1,"12,877","2,430","1,555",341,"15,307","1,896","19,422"
20242025,115,WASHINGTON,575,Washington County,034,Washington County Middle School,575034,115575034,210576000000,CKEC,901,A1,"12,533","2,365",616,226,"14,897",842,"18,719"
20242025,115,WASHINGTON,575,Washington County,074,Washington County High School,575074,115575074,210576000000,CKEC,901,A1,"11,520","2,677",669,152,"14,198",822,"18,923"
20242025,115,WASHINGTON,575,Washington County,080,Washington County Elementary School,575080,115575080,210576000000,CKEC,901,A1,"12,060","2,460","1,376",283,"14,520","1,659","18,678"
20242025,116,WAYNE,581,Wayne County,051,Wayne County Middle School,581051,116581051,210579000000,SESC,907,A1,"9,376","2,515","1,095",443,"11,892","1,538","14,715"
20242025,116,WAYNE,581,Wayne County,190,Monticello Elementary School,581190,116581190,210579000000,SESC,907,A1,"9,300","2,534","1,495",577,"11,834","2,071","15,221"
20242025,116,WAYNE,581,Wayne County,200,Wayne County High School,581200,116581200,210579000000,SESC,907,A1,"8,745","3,133",852,412,"11,878","1,264","14,391"
20242025,116,WAYNE,581,Wayne County,430,Walker Early Learning Center,581430,116581430,210579000000,SESC,907,A1,"10,143","2,582",938,552,"12,725","1,490","15,541"
20242025,116,WAYNE,581,Wayne County,437,Bell Elementary School,581437,116581437,210579000000,SESC,907,A1,"11,788","2,662","1,235",544,"14,450","1,780","25,703"
20242025,117,WEBSTER,585,Webster County,020,Clay Elementary School,585020,117585020,210582000000,WKEC,908,A1,"13,585","3,963",954,"1,380","17,548","2,334","19,882"
20242025,117,WEBSTER,585,Webster County,050,Dixon Elementary School,585050,117585050,210582000000,WKEC,908,A1,"11,770","2,800",910,"1,129","14,570","2,039","16,609"
20242025,117,WEBSTER,585,Webster County,060,Providence Elementary School,585060,117585060,210582000000,WKEC,908,A1,"12,180","3,749",833,"1,539","15,929","2,372","18,301"
20242025,117,WEBSTER,585,Webster County,090,Sebree Elementary School,585090,117585090,210582000000,WKEC,908,A1,"10,053","3,575",825,"1,250","13,628","2,075","15,703"
20242025,117,WEBSTER,585,Webster County,125,Webster County Middle School,585125,117585125,210582000000,WKEC,908,A1,"10,187","2,805",908,"1,277","12,992","2,185","15,177"
20242025,117,WEBSTER,585,Webster County,130,Webster County High School,585130,117585130,210582000000,WKEC,908,A1,"10,353","3,831",647,"1,313","14,184","1,960","16,144"
20242025,118,WHITLEY,591,Whitley County,060,Boston Elementary School,591060,118591060,210588000000,SESC,907,A1,"12,514","3,574","2,204","1,109","16,089","3,313","20,039"
20242025,118,WHITLEY,591,Whitley County,061,Whitley Central Intermediate School,591061,118591061,210588000000,SESC,907,A1,"10,205","2,220","1,375",849,"12,425","2,224","15,432"
20242025,118,WHITLEY,591,Whitley County,062,Whitley County East Elementary School,591062,118591062,210588000000,SESC,907,A1,"12,609","2,987","2,722","1,229","15,596","3,952","20,412"
20242025,118,WHITLEY,591,Whitley County,290,Oak Grove Elementary School,591290,118591290,210588000000,SESC,907,A1,"9,936","2,309","1,741","1,083","12,245","2,824","15,875"
20242025,118,WHITLEY,591,Whitley County,320,Pleasant View Elementary School,591320,118591320,210588000000,SESC,907,A1,"13,544","2,948","2,767",702,"16,492","3,469","20,992"
20242025,118,WHITLEY,591,Whitley County,350,Whitley County North Elementary School,591350,118591350,210588000000,SESC,907,A1,"13,003","2,597","1,825","1,006","15,600","2,831","20,735"
20242025,118,WHITLEY,591,Whitley County,365,Whitley County Central Primary School,591365,118591365,210588000000,SESC,907,A1,"14,112","2,636","1,897",877,"16,749","2,774","20,392"
20242025,118,WHITLEY,591,Whitley County,430,Whitley County High School,591430,118591430,210588000000,SESC,907,A1,"9,380","2,570","1,116",755,"11,950","1,871","16,770"
20242025,118,WHITLEY,591,Whitley County,435,Whitley County Middle School,591435,118591435,210588000000,SESC,907,A1,"9,833","2,441","1,523",928,"12,274","2,451","15,531"
20242025,118,WHITLEY,592,Williamsburg Independent,012,Williamsburg City School,592012,118592012,210591000000,SESC,907,A1,"23,310","8,277","1,809","2,059","31,587","3,906","32,167"
20242025,041,GRANT,593,Williamstown Independent,010,Williamstown Elementary,593010,41593010,211000000000,NKCES,905,A1,"10,409","2,206",996,264,"12,615","1,260","17,200"
20242025,041,GRANT,593,Williamstown Independent,020,Williamstown Jr. High,593020,41593020,211000000000,NKCES,905,A1,"10,662","2,096",866,496,"12,759","1,362","17,167"
20242025,041,GRANT,593,Williamstown Independent,030,Williamstown Sr. High,593030,41593030,211000000000,NKCES,905,A1,"12,594","3,783",775,648,"16,378","1,422","20,846"
20242025,119,WOLFE,595,Wolfe County,205,Red River Valley Elementary School,595205,119595205,210597000000,KVEC,904,A1,"13,938","2,884","1,692","1,220","17,517","2,913","27,248"
20242025,119,WOLFE,595,Wolfe County,220,Rogers Elementary School,595220,119595220,210597000000,KVEC,904,A1,"13,117","3,047","2,200","1,099","16,859","3,299","27,763"
20242025,119,WOLFE,595,Wolfe County,310,Campton Elementary School,595310,119595310,210597000000,KVEC,904,A1,"12,520","2,685","1,644",620,"15,900","2,263","24,566"
20242025,119,WOLFE,595,Wolfe County,315,Wolfe County Middle School,595315,119595315,210597000000,KVEC,904,A1,"13,382","3,297","1,459",659,"17,374","2,118","25,466"
20242025,119,WOLFE,595,Wolfe County,320,Wolfe County High School,595320,119595320,210597000000,KVEC,904,A1,"11,281","3,080","1,992","1,092","15,056","3,085","38,189"
20242025,120,WOODFORD,601,Woodford County,050,Southside Elementary School,601050,120601050,210600000000,CKEC,901,A1,"11,787","2,300",418,223,"14,087",641,"14,728"
20242025,120,WOODFORD,601,Woodford County,075,Simmons Elementary School,601075,120601075,210600000000,CKEC,901,A1,"11,653","2,832","1,118",221,"14,487","1,277","15,764"
20242025,120,WOODFORD,601,Woodford County,084,Woodford County High School,601084,120601084,210600000000,CKEC,901,A1,"11,061","3,099",285,200,"14,166",485,"14,651"
20242025,120,WOODFORD,601,Woodford County,085,Woodford County Middle School,601085,120601085,210600000000,CKEC,901,A1,"10,484","2,733",292,273,"13,227",565,"13,792"
20242025,120,WOODFORD,601,Woodford County,090,Huntertown Elementary School,601090,120601090,210600000000,CKEC,901,A1,"12,317","2,257",522,147,15,669,"15,244"
20242025,120,WOODFORD,601,Woodford County,120,Northside Elementary School,601120,120601120,210600000000,CKEC,901,A1,"12,556","2,503",551,233,"15,060",781,"15,844"
