SCHOOL YEAR,COUNTY NUMBER,COUNTY NAME,DISTRICT NUMBER,DISTRICT NAME,SCHOOL NUMBER,SCHOOL NAME,SCHOOL CODE,STATE SCHOOL ID,NCES ID,CO-OP,CO-OP CODE,SCHOOL TYPE,MEMBERSHIP,Personnel Spending per Student - Federal Funds,Non-Personnel Spending per Student - Federal Funds,Total Spending per Student - Federal Funds,Personnel Spending per Student - State/Local Funds,Non-Personnel Spending per Student - State/Local Funds,Total Spending per Student - State/Local Funds,Total Spending per Student - All Fund Sources
20222023,001,ADAIR,001,Adair County,"",---District Total---,001,"","",GRREC,902,"",2563,1271,82,1353,10387,2448,12835,15946
20222023,001,ADAIR,001,Adair County,010,Adair County High School,001010,001001010,210003000001,GRREC,902,A1,791,537,55,591,8318,1292,9610,10657
20222023,001,ADAIR,001,Adair County,012,Adair Learning Academy,001012,001001012,210003001913,GRREC,902,A6,67,,,,,,,
20222023,001,ADAIR,001,Adair County,014,Adair County Middle School,001014,001001014,210003001919,GRREC,902,A1,597,963,63,1026,7864,909,8773,11671
20222023,001,ADAIR,001,Adair County,016,Adair County Elementary School,001016,001001016,210003002021,GRREC,902,A1,553,1216,45,1261,8271,854,9125,9420
20222023,001,ADAIR,001,Adair County,020,Adair County Primary Center,001020,001001020,210003002345,GRREC,902,A1,555,1638,93,1731,10704,904,11608,12120
20222023,002,ALLEN,005,Allen County,"",---District Total---,005,"","",GRREC,902,"",3020,1104,1015,2118,8990,2101,11090,15196
20222023,002,ALLEN,005,Allen County,010,Allen County Primary Center,005010,002005010,210007000008,GRREC,902,A1,892,1075,1074,2150,10615,2895,13510,15542
20222023,002,ALLEN,005,Allen County,015,James E Bazzell Middle School,005015,002005015,210007000009,GRREC,902,A1,452,1811,958,2769,10172,2724,12896,14747
20222023,002,ALLEN,005,Allen County,020,Allen County-Scottsville High School,005020,002005020,210007000010,GRREC,902,A1,842,996,1083,2079,11358,4054,15412,17454
20222023,002,ALLEN,005,Allen County,025,Patriot Academy,005025,002005025,"",GRREC,902,A5,150,,,,,,,
20222023,002,ALLEN,005,Allen County,060,Allen County Intermediate Center,005060,002005060,210007000013,GRREC,902,A1,684,979,931,1910,9071,2756,11826,13808
20222023,002,ALLEN,005,Allen County,901,Allen County Career and Technical Center,005901,002005901,210007002061,GRREC,902,A2,,,,,,,,
20222023,056,JEFFERSON,006,Anchorage Independent,"",---District Total---,006,"","",OVEC,906,"",404,106,312,418,20555,6011,26566,27107
20222023,056,JEFFERSON,006,Anchorage Independent,010,Anchorage Independent Public School,006010,056006010,210009000014,OVEC,906,A1,404,106,312,418,20555,6011,26566,27107
20222023,003,ANDERSON,011,Anderson County,"",---District Total---,011,"","",CKEC,901,"",3548,998,309,1307,9772,2136,11908,14642
20222023,003,ANDERSON,011,Anderson County,020,Anderson County High School,011020,003011020,210012000016,CKEC,901,A1,1155,406,240,645,8338,2033,10370,12849
20222023,003,ANDERSON,011,Anderson County,022,Robert B. Turner Elementary School,011022,003011022,210012001955,CKEC,901,A1,547,1207,299,1506,9040,1455,10495,13605
20222023,003,ANDERSON,011,Anderson County,025,Anderson County Middle School,011025,003011025,210012000017,CKEC,901,A1,806,408,295,703,7911,1366,9278,11712
20222023,003,ANDERSON,011,Anderson County,050,Saffell Street Elementary School,011050,003011050,210012000018,CKEC,901,A1,401,1249,239,1488,10814,1781,12594,15957
20222023,003,ANDERSON,011,Anderson County,110,Emma B. Ward Elementary School,011110,003011110,210012000021,CKEC,901,A1,466,1908,260,2168,10990,1498,12488,16408
20222023,003,ANDERSON,011,Anderson County,120,Ezra Sparrow Early Childhood Center,011120,003011120,210012001298,CKEC,901,A1,173,1915,502,2417,11447,1613,13060,17077
20222023,010,BOYD,012,Ashland Independent,"",---District Total---,012,"","",KEDC,903,"",2998,2297,1101,3398,10435,2416,12851,17357
20222023,010,BOYD,012,Ashland Independent,005,Ashland Alternative School,012005,010012005,210015002487,KEDC,903,A5,18,,,,,,,
20222023,010,BOYD,012,Ashland Independent,010,Paul G. Blazer High School,012010,010012010,210015000022,KEDC,903,A1,841,1632,1177,2809,11352,3178,14445,18321
20222023,010,BOYD,012,Ashland Independent,012,Ashland Head Start,012012,010012012,210015002023,KEDC,903,A4,0,,,,,,,
20222023,010,BOYD,012,Ashland Independent,050,Ashland Middle School,012050,010012050,210015000023,KEDC,903,A1,650,1667,1044,2711,10002,2270,12192,15995
20222023,010,BOYD,012,Ashland Independent,070,Crabbe Elementary School,012070,010012070,210015000025,KEDC,903,A1,332,2660,1228,3888,8524,2094,10509,15571
20222023,010,BOYD,012,Ashland Independent,080,Hager Elementary School,012080,010012080,210015000026,KEDC,903,A1,350,2473,907,3380,8252,2324,10529,14867
20222023,010,BOYD,012,Ashland Independent,100,Oakview Elementary School,012100,010012100,210015000028,KEDC,903,A1,291,3339,1188,4527,11800,2187,13938,19423
20222023,010,BOYD,012,Ashland Independent,110,Poage Elementary School,012110,010012110,210015000029,KEDC,903,A1,300,2780,1053,3833,11587,2172,13711,18709
20222023,010,BOYD,012,Ashland Independent,130,Charles Russell Elementary School,012130,010012130,210015000031,KEDC,903,A1,216,3949,1076,5024,12183,2342,14422,20790
20222023,012,BRACKEN,013,Augusta Independent,"",---District Total---,013,"","",KEDC,903,"",294,1592,405,1998,10971,3258,14229,17776
20222023,012,BRACKEN,013,Augusta Independent,011,Augusta Independent School,013011,012013011,210018001968,KEDC,903,A1,294,1592,405,1998,10971,3258,14229,17776
20222023,004,BALLARD,015,Ballard County,"",---District Total---,015,"","",WKEC,908,"",917,1785,1235,3021,11679,3547,15226,21089
20222023,004,BALLARD,015,Ballard County,005,Ballard County Middle School,015005,004015005,210021000035,WKEC,908,A1,206,2421,776,3197,11469,2597,14066,18833
20222023,004,BALLARD,015,Ballard County,010,Ballard Memorial High School,015010,004015010,210021000036,WKEC,908,A1,246,677,1745,2421,14644,5391,20035,27856
20222023,004,BALLARD,015,Ballard County,050,Ballard County Elementary School,015050,004015050,210021000356,WKEC,908,A1,465,2090,1170,3260,10204,2992,13195,18508
20222023,004,BALLARD,015,Ballard County,070,Ballard Co. Preschool/Headstart Center,015070,004015070,210021000040,WKEC,908,A4,0,,,,,,,
20222023,004,BALLARD,015,Ballard County,905,Ballard County Career and Technology Ctr,015905,004015905,210021002404,WKEC,908,A2,,,,,,,,
20222023,061,KNOX,016,Barbourville Independent,"",---District Total---,016,"","",SESC,907,"",664,1031,670,1701,8495,2471,10966,13547
20222023,061,KNOX,016,Barbourville Independent,011,Barbourville City School,016011,061016011,210024001969,SESC,907,A1,656,1031,670,1701,8495,2471,10966,13547
20222023,061,KNOX,016,Barbourville Independent,015,Barbourville Learning Center,016015,061016015,"",SESC,907,A5,8,,,,,,,
20222023,090,NELSON,017,Bardstown Independent,"",---District Total---,017,"","",CKEC,901,"",2459,1392,210,1602,13534,2630,16164,24663
20222023,090,NELSON,017,Bardstown Independent,005,Bardstown Alternative School,017005,090017005,210027002359,CKEC,901,A5,50,,,,,,,
20222023,090,NELSON,017,Bardstown Independent,009,Bardstown Early Childhood Center,017009,090017009,210027002222,CKEC,901,A4,0,,,,,,,
20222023,090,NELSON,017,Bardstown Independent,010,Bardstown Elementary School,017010,090017010,210027000044,CKEC,901,A1,796,1117,186,1303,11913,2008,13921,21440
20222023,090,NELSON,017,Bardstown Independent,012,Bardstown Primary School,017012,090017012,210027002050,CKEC,901,A1,390,1825,186,2011,14787,2011,16798,24903
20222023,090,NELSON,017,Bardstown Independent,020,Bardstown High School,017020,090017020,210027000045,CKEC,901,A1,653,322,191,514,12427,3347,15776,22537
20222023,090,NELSON,017,Bardstown Independent,030,Bardstown Middle School,017030,090017030,210027000046,CKEC,901,A1,570,478,155,633,11771,2200,13973,20700
20222023,005,BARREN,021,Barren County,"",---District Total---,021,"","",GRREC,902,"",4803,1612,669,2281,10028,2721,12749,17042
20222023,005,BARREN,021,Barren County,010,Austin Tracy Elementary School,021010,005021010,210030000047,GRREC,902,A1,296,1702,881,2703,11188,2350,11426,16784
20222023,005,BARREN,021,Barren County,011,College Street Campus,021011,005021011,210030001303,GRREC,902,A5,43,,,,,,,
20222023,005,BARREN,021,Barren County,012,BAVEL,021012,005021012,210030001970,GRREC,902,A5,237,,,,,,,
20222023,005,BARREN,021,Barren County,014,North Jackson Elementary,021014,005021014,210030002232,GRREC,902,A1,492,1771,735,2632,14733,2760,15307,20372
20222023,005,BARREN,021,Barren County,027,Barren County High School,021027,005021027,210030000048,GRREC,902,A1,1351,1122,748,1996,11320,2587,12371,16921
20222023,005,BARREN,021,Barren County,035,Eastern Elementary School,021035,005021035,210030000049,GRREC,902,A1,304,2240,870,3236,12685,2816,12847,18805
20222023,005,BARREN,021,Barren County,050,Barren County Middle School,021050,005021050,210030000607,GRREC,902,A1,644,1330,473,1928,11231,2368,11853,16215
20222023,005,BARREN,021,Barren County,080,Hiseville Elementary School,021080,005021080,210030000050,GRREC,902,A1,257,1543,577,2242,7833,1804,7684,12458
20222023,005,BARREN,021,Barren County,130,Park City Elementary School,021130,005021130,210030000051,GRREC,902,A1,340,1945,740,2810,10989,2384,11013,16437
20222023,005,BARREN,021,Barren County,150,Red Cross Elementary School,021150,005021150,210030000052,GRREC,902,A1,592,1663,680,1822,11283,2325,11529,16431
20222023,005,BARREN,021,Barren County,180,Temple Hill Elementary School,021180,005021180,210030000053,GRREC,902,A1,247,1856,784,2766,12236,2662,12556,17755
20222023,006,BATH,025,Bath County,"",---District Total---,025,"","",KEDC,903,"",1919,1753,665,2418,8926,2448,11373,16309
20222023,006,BATH,025,Bath County,012,Second Chance Academy,025012,006025012,210033002335,KEDC,903,A5,20,,,,,,,
20222023,006,BATH,025,Bath County,014,Crossroads Elementary School,025014,006025014,210033002223,KEDC,903,A1,355,1834,662,2497,9089,2161,11250,15140
20222023,006,BATH,025,Bath County,020,Bath County Middle School,025020,006025020,210033001606,KEDC,903,A1,428,1437,505,1943,8400,2231,10631,13992
20222023,006,BATH,025,Bath County,030,Owingsville Elementary School,025030,006025030,210033000056,KEDC,903,A1,511,2409,890,3300,8504,2111,10616,15324
20222023,006,BATH,025,Bath County,040,Bath County High School,025040,006025040,210033000057,KEDC,903,A1,605,1155,502,1656,8365,2810,11175,17581
20222023,059,KENTON,026,Beechwood Independent,"",---District Total---,026,"","",NKCES,905,"",1508,432,74,506,9060,2898,11958,20891
20222023,059,KENTON,026,Beechwood Independent,010,Beechwood Elementary School,026010,059026010,210036000059,NKCES,905,A1,750,366,72,438,9098,2511,11609,20036
20222023,059,KENTON,026,Beechwood Independent,020,Beechwood High School,026020,059026020,210036000060,NKCES,905,A1,725,517,78,595,9594,3386,12980,21407
20222023,059,KENTON,026,Beechwood Independent,420,Guardian Angel,026420,059026420,210036002409,NKCES,905,A6,33,,,,,,,
20222023,007,BELL,031,Bell County,"",---District Total---,031,"","",SESC,907,"",2322,2507,409,2915,9661,4490,14151,18783
20222023,007,BELL,031,Bell County,012,Bell Central School Center,031012,007031012,210039001881,SESC,907,A1,448,4944,685,5629,18851,8541,27392,32943
20222023,007,BELL,031,Bell County,013,Page School Center,031013,007031013,210039001882,SESC,907,A1,254,6006,691,6697,19626,9022,28648,36513
20222023,007,BELL,031,Bell County,040,Bell County High School,031040,007031040,210039000062,SESC,907,A1,679,4536,827,5183,18833,8827,27660,32928
20222023,007,BELL,031,Bell County,180,Frakes School Center,031180,007031180,210039000067,SESC,907,A1,92,5549,663,6212,26138,10713,36851,47067
20222023,007,BELL,031,Bell County,250,Lone Jack School Center,031250,007031250,210039000068,SESC,907,A1,182,6311,658,6969,20190,8757,28947,35928
20222023,007,BELL,031,Bell County,345,Right Fork School Center,031345,007031345,210039000072,SESC,907,A1,134,6221,670,6891,24828,10815,35643,42615
20222023,007,BELL,031,Bell County,390,Yellow Creek School Center,031390,007031390,210039000074,SESC,907,A1,533,4536,1163,5699,18430,8579,27009,32266
20222023,019,CAMPBELL,032,Bellevue Independent,"",---District Total---,032,"","",NKCES,905,"",583,1011,945,1956,13295,3284,16580,22055
20222023,019,CAMPBELL,032,Bellevue Independent,010,Bellevue High School,032010,019032010,210042000075,NKCES,905,A1,355,1974,902,2876,24655,5897,30553,37119
20222023,019,CAMPBELL,032,Bellevue Independent,020,Grandview Elementary School,032020,019032020,210042000076,NKCES,905,A1,228,2047,1530,3577,27212,6271,33484,39037
20222023,073,MADISON,034,Berea Independent,"",---District Total---,034,"","",SESC,907,"",1017,1742,1172,2914,12165,3768,15933,19982
20222023,073,MADISON,034,Berea Independent,010,Berea Community Elementary School,034010,073034010,210048000077,SESC,907,A1,440,1564,1150,2714,13294,3401,16694,19408
20222023,073,MADISON,034,Berea Independent,015,Berea Community Middle School,034015,073034015,210048001658,SESC,907,A1,229,1578,1233,2809,14328,3618,17945,20756
20222023,073,MADISON,034,Berea Independent,020,Berea Community High School,034020,073034020,210048000078,SESC,907,A1,348,2076,1159,3236,9311,4331,13645,16881
20222023,008,BOONE,035,Boone County,"",---District Total---,035,"","",NKCES,905,"",19851,478,234,712,11687,1900,13587,16472
20222023,008,BOONE,035,Boone County,005,A M Yealey Elementary School,035005,008035005,210051000079,NKCES,905,A1,574,674,794,1468,10010,793,10804,12271
20222023,008,BOONE,035,Boone County,006,Erpenbeck Elementary School,035006,008035006,210051001710,NKCES,905,A1,667,452,258,709,10485,1029,11515,12224
20222023,008,BOONE,035,Boone County,008,North Pointe Elementary School,035008,008035008,210051001883,NKCES,905,A1,411,563,300,863,12500,1203,13702,14566
20222023,008,BOONE,035,Boone County,010,Camp Ernst Middle School,035010,008035010,210051001971,NKCES,905,A1,720,747,417,1164,9862,1014,10876,12040
20222023,008,BOONE,035,Boone County,011,Shirley Mann Elementary School,035011,008035011,210051002022,NKCES,905,A1,722,325,250,575,11664,1068,12732,13307
20222023,008,BOONE,035,Boone County,012,Thornwilde Elementary School,035012,008035012,210051002290,NKCES,905,A1,606,333,356,689,8570,890,9460,10149
20222023,008,BOONE,035,Boone County,015,Randall K. Cooper High School,035015,008035015,210051002206,NKCES,905,A1,1436,417,278,695,8499,1795,10294,10989
20222023,008,BOONE,035,Boone County,017,Longbranch Elementary School,035017,008035017,210051002245,NKCES,905,A1,891,349,297,646,9159,807,9966,10612
20222023,008,BOONE,035,Boone County,018,Steeplechase Elementary School,035018,008035018,210051002522,NKCES,905,A1,545,770,1039,1809,10038,664,10702,12511
20222023,008,BOONE,035,Boone County,020,Rector A. Jones Middle School,035020,008035020,210051000080,NKCES,905,A1,700,1322,905,2227,9430,731,10161,12388
20222023,008,BOONE,035,Boone County,025,Ballyshannon Middle School,035025,008035025,210051002460,NKCES,905,A1,622,668,371,1039,9311,1112,10423,11462
20222023,008,BOONE,035,Boone County,030,Boone County High School,035030,008035030,210051000081,NKCES,905,A1,1214,653,446,1099,9982,1606,11588,12687
20222023,008,BOONE,035,Boone County,040,Burlington Elementary School,035040,008035040,210051000082,NKCES,905,A1,658,967,656,1623,10516,684,11200,12823
20222023,008,BOONE,035,Boone County,041,Charles H. Kelly Elementary School,035041,008035041,210051001519,NKCES,905,A1,242,581,777,1358,13096,1049,14145,15503
20222023,008,BOONE,035,Boone County,043,Conner Middle School,035043,008035043,210051000083,NKCES,905,A1,884,580,294,874,9500,1089,10589,11463
20222023,008,BOONE,035,Boone County,045,Conner High School,035045,008035045,210051000084,NKCES,905,A1,1400,320,301,620,8973,1330,10303,10924
20222023,008,BOONE,035,Boone County,050,Florence Elementary School,035050,008035050,210051000085,NKCES,905,A1,516,1064,964,2028,10362,764,11126,13154
20222023,008,BOONE,035,Boone County,055,Chester Goodridge Elementary School,035055,008035055,210051000086,NKCES,905,A1,623,788,854,1642,10048,877,10925,12567
20222023,008,BOONE,035,Boone County,065,Hillard Collins Elementary School,035065,008035065,210051001608,NKCES,905,A1,457,1163,705,1868,12244,1004,13248,15116
20222023,008,BOONE,035,Boone County,071,Larry A. Ryle High School,035071,008035071,210051000011,NKCES,905,A1,1971,337,279,616,8663,1644,10307,10923
20222023,008,BOONE,035,Boone County,075,Gray Middle School,035075,008035075,210051000638,NKCES,905,A1,1015,462,243,705,9072,1060,10132,10837
20222023,008,BOONE,035,Boone County,080,New Haven Elementary School,035080,008035080,210051000088,NKCES,905,A1,636,414,354,768,10322,1039,11361,12129
20222023,008,BOONE,035,Boone County,081,Ockerman Elementary School,035081,008035081,210051000089,NKCES,905,A1,732,911,844,1755,9380,612,9992,11747
20222023,008,BOONE,035,Boone County,083,Stephens Elementary School,035083,008035083,210051001695,NKCES,905,A1,510,780,732,1512,11389,856,12245,13757
20222023,008,BOONE,035,Boone County,085,Ockerman Middle School,035085,008035085,210051000090,NKCES,905,A1,658,558,380,937,9678,1089,10768,11705
20222023,008,BOONE,035,Boone County,135,ACCEL Academy,035135,008035135,210051002523,NKCES,905,A5,320,,,,,,,
20222023,008,BOONE,035,Boone County,160,Ignite Institute,035160,008035160,"",NKCES,905,A2,,,,,,,,
20222023,008,BOONE,035,Boone County,170,RISE Academy,035170,008035170,210051002266,NKCES,905,A5,121,,,,,,,
20222023,009,BOURBON,041,Bourbon County,"",---District Total---,041,"","",CKEC,901,"",2454,1856,729,2585,10395,2762,13157,16840
20222023,009,BOURBON,041,Bourbon County,010,Bourbon Central Elementary School,041010,009041010,210054001576,CKEC,901,A1,481,2319,474,2794,10724,2252,12976,17410
20222023,009,BOURBON,041,Bourbon County,011,Bourbon County Preschool Headstart,041011,009041011,210054002054,CKEC,901,A4,0,,,,,,,
20222023,009,BOURBON,041,Bourbon County,030,Cane Ridge Elementary School,041030,009041030,210054000024,CKEC,901,A1,473,2573,474,3047,10580,2214,12794,17403
20222023,009,BOURBON,041,Bourbon County,090,North Middletown Elementary School,041090,009041090,210054000096,CKEC,901,A1,144,2871,513,3383,11161,2625,13786,19003
20222023,009,BOURBON,041,Bourbon County,110,Bourbon County High School,041110,009041110,210054000098,CKEC,901,A1,766,1360,525,1885,9891,2465,12356,16170
20222023,009,BOURBON,041,Bourbon County,120,Bourbon County Middle School,041120,009041120,210054000099,CKEC,901,A1,590,1298,533,1831,10463,2131,12594,16267
20222023,114,WARREN,042,Bowling Green Independent,"",---District Total---,042,"","",GRREC,902,"",4295,1379,673,2051,10134,2584,12718,21274
20222023,114,WARREN,042,Bowling Green Independent,010,Dishman McGinnis Elementary School,042010,114042010,210057000100,GRREC,902,A1,431,1404,731,2135,10686,1489,12175,20813
20222023,114,WARREN,042,Bowling Green Independent,011,Childrens Crisis Stabilization Unit,042011,114042011,210057001830,GRREC,902,A6,,,,,,,,
20222023,114,WARREN,042,Bowling Green Independent,013,Warren Regional Juvenile Detention Ctr,042013,114042013,210057001911,GRREC,902,A6,38,,,,,,,
20222023,114,WARREN,042,Bowling Green Independent,057,Parker-Bennett-Curry School,042057,114042057,210057000102,GRREC,902,A1,379,1755,628,2382,9867,2632,12499,21419
20222023,114,WARREN,042,Bowling Green Independent,060,Potter Gray Elementary,042060,114042060,210057000103,GRREC,902,A1,421,827,548,1375,8995,2636,11632,19031
20222023,114,WARREN,042,Bowling Green Independent,065,Bowling Green Junior High,042065,114042065,210057000104,GRREC,902,A1,952,1050,621,1671,9142,2856,11998,19601
20222023,114,WARREN,042,Bowling Green Independent,070,Bowling Green High School,042070,114042070,210057000105,GRREC,902,A1,1264,767,713,1480,9332,2462,11794,19090
20222023,114,WARREN,042,Bowling Green Independent,080,T C Cherry Elementary School,042080,114042080,210057000106,GRREC,902,A1,300,2788,561,3349,10097,2024,12121,22222
20222023,114,WARREN,042,Bowling Green Independent,090,W R McNeill Elementary School,042090,114042090,210057000107,GRREC,902,A1,449,1480,526,2005,9231,2123,11354,18973
20222023,114,WARREN,042,Bowling Green Independent,098,Bowling Green Learning Center,042098,114042098,210057001696,GRREC,902,A5,61,,,,,,,
20222023,010,BOYD,045,Boyd County,"",---District Total---,045,"","",KEDC,903,"",2803,2664,694,3359,12385,3110,15496,21503
20222023,010,BOYD,045,Boyd County,010,Boyd County High School,045010,010045010,210062000108,KEDC,903,A1,880,892,361,1253,11447,3030,14477,15730
20222023,010,BOYD,045,Boyd County,020,Cannonsburg Elementary School,045020,010045020,210062000109,KEDC,903,A1,276,2960,624,3584,14127,2806,16933,20517
20222023,010,BOYD,045,Boyd County,035,Boyd County Middle School,045035,010045035,210062000112,KEDC,903,A1,622,1956,388,2344,10446,2560,13006,15350
20222023,010,BOYD,045,Boyd County,045,Boyd County Central School,045045,010045045,210062002466,KEDC,903,A5,17,,,,,,,
20222023,010,BOYD,045,Boyd County,080,Summit Elementary School,045080,010045080,210062000117,KEDC,903,A1,474,2561,476,3037,11006,2644,13650,16687
20222023,010,BOYD,045,Boyd County,085,Ramey-Estep High School,045085,010045085,210062000640,KEDC,903,A6,,,,,,,,
20222023,010,BOYD,045,Boyd County,095,Catlettsburg Elementary School,045095,010045095,210062000118,KEDC,903,A1,209,2873,539,3412,14301,4546,18847,22259
20222023,010,BOYD,045,Boyd County,097,Ponderosa Elementary School,045097,010045097,210062000030,KEDC,903,A1,325,2293,452,2745,11220,2452,13672,16417
20222023,010,BOYD,045,Boyd County,120,Boyd Co Career & Tech Educ Ctr Voc Sch,045120,010045120,210062001479,KEDC,903,A2,,,,,,,,
20222023,010,BOYD,045,Boyd County,198,Boyd Co Early Childhood Academy,045198,010045198,210062001923,KEDC,903,A4,0,,,,,,,
20222023,011,BOYLE,051,Boyle County,"",---District Total---,051,"","",CKEC,901,"",2817,914,332,1246,10847,2582,13429,17421
20222023,011,BOYLE,051,Boyle County,003,Boyle County Middle School,051003,011051003,210063000119,CKEC,901,A1,677,746,162,908,11760,2231,13994,14902
20222023,011,BOYLE,051,Boyle County,004,Boyle County Day Treatment,051004,011051004,210063001713,CKEC,901,A6,12,,,,,,,
20222023,011,BOYLE,051,Boyle County,005,Boyle County High School,051005,011051005,210063000120,CKEC,901,A1,879,397,232,629,10563,3302,13864,14493
20222023,011,BOYLE,051,Boyle County,040,Junction City Elementary School,051040,011051040,210063000121,CKEC,901,A1,379,1747,678,2426,10254,2346,12601,15027
20222023,011,BOYLE,051,Boyle County,050,Woodlawn Elementary School,051050,011051050,210063000122,CKEC,901,A1,606,984,173,1157,10494,2187,12681,13838
20222023,011,BOYLE,051,Boyle County,080,Perryville Elementary School,051080,011051080,210063000124,CKEC,901,A1,264,1653,951,2604,11228,2351,13579,16184
20222023,012,BRACKEN,055,Bracken County,"",---District Total---,055,"","",NKCES,905,"",1095,750,1149,1898,10872,2654,13526,16638
20222023,012,BRACKEN,055,Bracken County,010,Bracken County High School,055010,012055010,210066000125,NKCES,905,A1,361,505,995,1500,10193,3528,13722,16072
20222023,012,BRACKEN,055,Bracken County,050,Taylor Elementary School,055050,012055050,210066000128,NKCES,905,A1,467,913,1225,2139,11878,2083,13961,16971
20222023,012,BRACKEN,055,Bracken County,060,Bracken County Middle School,055060,012055060,210066001560,NKCES,905,A1,267,833,1221,2054,9993,2470,12463,16226
20022023,013,BREATHITT,061,Breathitt County,"",---District Total---,061,"","",KVEC,904,"",1602,2269,1475,3745,10049,3503,13552,25449
20222023,013,BREATHITT,061,Breathitt County,030,Highland-Turner Elementary School,061030,013061030,210069001659,KVEC,904,A1,172,2571,1312,3883,12130,3743,13738,19756
20222023,013,BREATHITT,061,Breathitt County,031,Breathitt Regional School,061031,013061031,210069001623,KVEC,904,A6,21,,,,,,,
20222023,013,BREATHITT,061,Breathitt County,033,Breathitt County Day Treatment,061033,013061033,210069001842,KVEC,904,A6,8,,,,,,,
20222023,013,BREATHITT,061,Breathitt County,060,Breathitt County High School,061060,013061060,210069000129,KVEC,904,A1,752,2239,1677,3917,8746,4032,10643,16695
20222023,013,BREATHITT,061,Breathitt County,150,Sebastian Elementary School,061150,013061150,210069000132,KVEC,904,A1,460,2094,1358,3452,9610,2862,10337,15924
20222023,013,BREATHITT,061,Breathitt County,185,Marie Roberts-Caney Elementary School,061185,013061185,210069000133,KVEC,904,A1,189,2293,1159,3452,13978,3025,14868,20455
20222023,014,BRECKINRIDGE,065,Breckinridge County,"",---District Total---,065,"","",GRREC,902,"",2602,2118,424,2542,9343,2350,11693,16255
20222023,014,BRECKINRIDGE,065,Breckinridge County,010,Breckinridge County High School,065010,014065010,210072000137,GRREC,902,A1,922,1250,435,1685,8621,2941,11563,13247
20222023,014,BRECKINRIDGE,065,Breckinridge County,020,Hardinsburg Elementary School,065020,014065020,210072000138,GRREC,902,A1,444,2807,418,3224,11174,2542,13717,16941
20222023,014,BRECKINRIDGE,065,Breckinridge County,030,Ben Johnson Elementary School,065030,014065030,210072000139,GRREC,902,A1,213,2862,422,3284,10894,2609,13503,16787
20222023,014,BRECKINRIDGE,065,Breckinridge County,040,Custer Elementary School,065040,014065040,210072000140,GRREC,902,A1,155,3479,495,3974,11838,2922,14760,18734
20222023,014,BRECKINRIDGE,065,Breckinridge County,050,Irvington Elementary School,065050,014065050,210072000141,GRREC,902,A1,320,2763,418,3181,10206,2767,12973,16154
20222023,014,BRECKINRIDGE,065,Breckinridge County,100,Breckinridge County Middle School,065100,014065100,210072001304,GRREC,902,A1,548,1971,393,2363,9940,2470,12410,14774
20222023,015,BULLITT,071,Bullitt County,"",---District Total---,071,"","",OVEC,906,"",12779,673,200,873,9564,1817,11381,15203
20222023,015,BULLITT,071,Bullitt County,005,Bernheim Middle School,071005,015071005,210075000414,OVEC,906,A1,432,475,306,782,8679,1666,10345,14027
20222023,015,BULLITT,071,Bullitt County,006,Freedom Elementary School,071006,015071006,210075001958,OVEC,906,A1,569,669,195,863,8820,1606,10427,14167
20222023,015,BULLITT,071,Bullitt County,007,Zoneton Middle School,071007,015071007,210075001973,OVEC,906,A1,361,799,164,963,9390,1875,11264,15146
20222023,015,BULLITT,071,Bullitt County,008,Shepherdsville Elementary,071008,015071008,210075001974,OVEC,906,A1,500,805,300,1105,9891,1682,11573,15627
20222023,015,BULLITT,071,Bullitt County,009,Eastside Middle School,071009,015071009,210075001975,OVEC,906,A1,682,429,159,589,9099,1563,10662,14093
20222023,015,BULLITT,071,Bullitt County,010,Brooks Elementary School,071010,015071010,210075000144,OVEC,906,A1,425,778,262,1040,11019,1775,12794,16741
20222023,015,BULLITT,071,Bullitt County,015,Bullitt Central High School,071015,015071015,210075000145,OVEC,906,A1,1315,484,196,680,9616,1970,11587,15138
20222023,015,BULLITT,071,Bullitt County,016,Bullitt East High School,071016,015071016,210075001409,OVEC,906,A1,1530,466,172,638,8693,2122,10817,14293
20222023,015,BULLITT,071,Bullitt County,018,Bullitt Lick Middle School,071018,015071018,210075001410,OVEC,906,A1,459,641,162,803,9627,1731,11358,15055
20222023,015,BULLITT,071,Bullitt County,020,Cedar Grove Elementary,071020,015071020,210075000146,OVEC,906,A1,372,739,157,896,11156,1737,12894,16708
20222023,015,BULLITT,071,Bullitt County,025,Hebron Middle School,071025,015071025,210075000147,OVEC,906,A1,529,370,188,558,8980,1694,10674,14110
20222023,015,BULLITT,071,Bullitt County,030,Lebanon Junction Elementary,071030,015071030,210075000148,OVEC,906,A1,341,891,161,1051,12321,1844,14165,18147
20222023,015,BULLITT,071,Bullitt County,032,Spring Meadows,071032,015071032,210075002169,OVEC,906,A6,17,,,,,,,
20222023,015,BULLITT,071,Bullitt County,045,Maryville Elementary School,071045,015071045,210075000149,OVEC,906,A1,331,794,232,1026,10382,1682,12064,16031
20222023,015,BULLITT,071,Bullitt County,050,MT. Washington Middle School,071050,015071050,210075000150,OVEC,906,A1,486,630,174,804,9332,1651,10983,14651
20222023,015,BULLITT,071,Bullitt County,055,MT. Washington Elementary,071055,015071055,210075000151,OVEC,906,A1,596,427,156,583,9211,1466,10677,14104
20222023,015,BULLITT,071,Bullitt County,060,Crossroads Elementary,071060,015071060,210075002286,OVEC,906,A1,441,1212,286,1498,10079,1767,11846,16235
20222023,015,BULLITT,071,Bullitt County,065,Pleasant Grove Elementary School,071065,015071065,210075001305,OVEC,906,A1,591,494,154,648,9326,1480,10806,14298
20222023,015,BULLITT,071,Bullitt County,070,Nichols Elementary,071070,015071070,210075000153,OVEC,906,A1,107,1166,388,1554,16827,1911,18738,23431
20222023,015,BULLITT,071,Bullitt County,075,North Bullitt High School,071075,015071075,210075000154,OVEC,906,A1,1104,463,198,661,9028,2287,11315,15668
20222023,015,BULLITT,071,Bullitt County,078,Old Mill Elementary School,071078,015071078,210075001578,OVEC,906,A1,511,567,178,745,9176,1446,10622,14244
20222023,015,BULLITT,071,Bullitt County,080,Overdale Elementary School,071080,015071080,210075000155,OVEC,906,A1,329,775,216,991,9584,1789,11373,15306
20222023,015,BULLITT,071,Bullitt County,090,Roby Elementary School,071090,015071090,210075000156,OVEC,906,A1,398,877,182,1059,10346,1708,12053,15997
20222023,015,BULLITT,071,Bullitt County,110,Riverview Opportunity Center,071110,015071110,210075000157,OVEC,906,A5,294,,,,,,,
20222023,015,BULLITT,071,Bullitt County,120,Bullitt Alternative Center,071120,015071120,210075000929,OVEC,906,A6,59,,,,,,,
20222023,084,MERCER,072,Burgin Independent,"",---District Total---,072,"","",CKEC,901,"",463,940,586,1526,11915,2484,14399,17327
20222023,084,MERCER,072,Burgin Independent,030,Burgin Independent School,072030,084072030,210078002407,CKEC,901,A1,463,940,469,1526,12855,3130,15989,16133
20222023,016,BUTLER,075,Butler County,"",---District Total---,075,"","",GRREC,902,"",2069,1246,912,2158,9578,3204,12782,17264
20222023,016,BUTLER,075,Butler County,030,Butler County High School,075030,016075030,210081000160,GRREC,902,A1,624,947,962,1909,9804,3931,13711,17794
20222023,016,BUTLER,075,Butler County,031,North Butler Elementary,075031,016075031,210081001976,GRREC,902,A1,367,1546,806,2352,9123,2436,11535,16064
20222023,016,BUTLER,075,Butler County,032,Butler County Learning Center,075032,016075032,210081001977,GRREC,902,A5,19,,,,,,,
20222023,016,BUTLER,075,Butler County,035,Butler County Middle School,075035,016075035,210081001697,GRREC,902,A1,450,1100,789,1888,9465,2919,12362,16426
20222023,016,BUTLER,075,Butler County,120,Morgantown Elementary School,075120,016075120,210081000164,GRREC,902,A1,609,1209,833,2042,7887,2593,10456,14674
20222023,017,CALDWELL,081,Caldwell County,"",---District Total---,081,"","",WKEC,908,"",1778,1581,547,2128,8987,2788,11775,18555
20222023,017,CALDWELL,081,Caldwell County,010,Caldwell County High School,081010,017081010,210084000166,WKEC,908,A1,535,959,520,1479,9930,3508,13437,16192
20222023,017,CALDWELL,081,Caldwell County,020,Caldwell County Middle School,081020,017081020,210084000167,WKEC,908,A1,426,1488,475,1963,8970,2575,11545,14783
20222023,017,CALDWELL,081,Caldwell County,030,Caldwell County Primary School,081030,017081030,210084001660,WKEC,908,A1,415,1889,605,2493,9170,2395,11564,15876
20222023,017,CALDWELL,081,Caldwell County,070,Caldwell County Elementary School,081070,017081070,210084000170,WKEC,908,A1,402,2187,602,2789,7561,2462,10024,27928
20222023,018,CALLOWAY,085,Calloway County,"",---District Total---,085,"","",WKEC,908,"",2996,1381,924,2304,9426,2361,11787,16289
20222023,018,CALLOWAY,085,Calloway County,020,Calloway County High School,085020,018085020,210087000171,WKEC,908,A1,815,655,975,1630,9727,2796,12523,16361
20222023,018,CALLOWAY,085,Calloway County,025,East Calloway Elementary School,085025,018085025,210087000172,WKEC,908,A1,324,1076,802,1877,10765,2326,13092,17356
20222023,018,CALLOWAY,085,Calloway County,035,North Calloway Elementary School,085035,018085035,210087000173,WKEC,908,A1,593,1716,848,2564,8795,2026,10822,15480
20222023,018,CALLOWAY,085,Calloway County,045,Southwest Calloway Elementary School,085045,018085045,210087000174,WKEC,908,A1,458,1343,914,2257,9301,2054,11355,15706
20222023,018,CALLOWAY,085,Calloway County,055,Calloway County Middle School,085055,018085055,210087001411,WKEC,908,A1,679,1313,976,2289,8463,2279,10743,15234
20222023,018,CALLOWAY,085,Calloway County,075,Calloway County Preschool Center,085075,018085075,210087000931,WKEC,908,A4,0,,,,,,,
20222023,018,CALLOWAY,085,Calloway County,095,Calloway County Day Treatment,085095,018085095,210087002366,WKEC,908,A6,16,,,,,,,
20222023,018,CALLOWAY,085,Calloway County,096,Calloway County Alternative Program,085096,018085096,210087002370,WKEC,908,A5,111,,,,,,,
20222023,019,CAMPBELL,091,Campbell County,"",---District Total---,091,"","",NKCES,905,"",4976,699,325,1024,11489,2503,13991,17104
20222023,019,CAMPBELL,091,Campbell County,011,Campbell County Middle School,091011,019091011,210090001306,NKCES,905,A1,1162,519,252,772,10941,2888,13829,14601
20222023,019,CAMPBELL,091,Campbell County,012,John W. Reiley Elementary School,091012,019091012,210090001320,NKCES,905,A1,466,927,309,1236,13103,2798,15902,17138
20222023,019,CAMPBELL,091,Campbell County,013,Donald E. Cline Elementary School,091013,019091013,210090001335,NKCES,905,A1,337,942,421,1363,14358,3207,17565,18928
20222023,019,CAMPBELL,091,Campbell County,016,Alexandria Educational Center,091016,019091016,210090001398,NKCES,905,A6,55,,,,,,,
20222023,019,CAMPBELL,091,Campbell County,019,Campbell Ridge Elementary,091019,019091019,210090001978,NKCES,905,A1,585,942,308,1250,13116,2824,15940,17190
20222023,019,CAMPBELL,091,Campbell County,035,Crossroads Elementary School,091035,019091035,210090002198,NKCES,905,A1,556,1113,518,1631,14012,3156,17168,18798
20222023,019,CAMPBELL,091,Campbell County,050,Grant's Lick Elementary School,091050,019091050,210090000180,NKCES,905,A1,335,740,324,1064,13312,2971,16283,17347
20222023,019,CAMPBELL,091,Campbell County,100,Campbell County High School,091100,019091100,210090000941,NKCES,905,A1,1480,417,284,701,10868,3221,14089,14790
20222023,109,TAYLOR,092,Campbellsville Independent,"",---District Total---,092,"","",GRREC,902,"",1281,1626,329,1955,9688,2671,12359,16353
20222023,109,TAYLOR,092,Campbellsville Independent,010,Campbellsville Elementary School,092010,109092010,210093000182,GRREC,902,A1,588,1477,343,1821,9074,2205,11279,14890
20222023,109,TAYLOR,092,Campbellsville Independent,011,Campbellsville Eagle Academy,092011,109092011,210093001653,GRREC,902,A5,13,,,,,,,
20222023,109,TAYLOR,092,Campbellsville Independent,020,Campbellsville High School,092020,109092020,210093000183,GRREC,902,A1,378,1661,284,1945,8920,2903,11824,15559
20222023,109,TAYLOR,092,Campbellsville Independent,025,Campbellsville Middle School,092025,109092025,210093000184,GRREC,902,A1,302,1512,283,1794,9309,2586,11895,15480
20222023,020,CARLISLE,095,Carlisle County,"",---District Total---,095,"","",WKEC,908,"",676,1228,441,1670,10455,3380,13834,19067
20222023,020,CARLISLE,095,Carlisle County,020,Carlisle County Middle School,095020,020095020,210096000185,WKEC,908,A1,143,913,393,1303,10904,3246,14182,18922
20222023,020,CARLISLE,095,Carlisle County,040,Carlisle County High School,095040,020095040,210096000186,WKEC,908,A1,194,472,445,917,10532,4563,15128,19479
20222023,020,CARLISLE,095,Carlisle County,060,Carlisle County Elementary School,095060,020095060,210096000187,WKEC,908,A1,339,1794,459,2254,10413,2759,13204,18892
20222023,021,CARROLL,101,Carroll County,"",---District Total---,101,"","",OVEC,906,"",1808,2365,638,3004,11322,3424,14747,21220
20222023,021,CARROLL,101,Carroll County,005,Cartmell Elementary,101005,021101005,210099000188,OVEC,906,A1,409,1139,375,1513,11963,2732,14695,16208
20222023,021,CARROLL,101,Carroll County,007,Carroll Co Childhood Development Center,101007,021101007,210099002293,OVEC,906,A4,0,,,,,,,
20222023,021,CARROLL,101,Carroll County,010,Kathryn Winn Primary,101010,021101010,210099000189,OVEC,906,A1,283,360,1200,1561,11026,3242,14268,15829
20222023,021,CARROLL,101,Carroll County,018,Carroll County High School,101018,021101018,210099000190,OVEC,906,A1,545,400,400,799,9618,3395,13013,13812
20222023,021,CARROLL,101,Carroll County,019,Carroll County Middle School,101019,021101019,210099000191,OVEC,906,A1,571,1402,529,1931,8791,2642,11433,13364
20222023,021,CARROLL,101,Carroll County,159,iLead Academy School,101159,021101159,"",OVEC,906,A2,,,,,,,,
20222023,022,CARTER,105,Carter County,"",---District Total---,105,"","",KEDC,903,"",3860,921,619,1540,9969,2289,12258,14899
20222023,022,CARTER,105,Carter County,040,Carter Virtual Academy,105040,022105040,210102002294,KEDC,903,A5,52,,,,,,,
20222023,022,CARTER,105,Carter County,052,Heritage Elementary School,105052,022105052,210102001884,KEDC,903,A1,299,1013,523,1536,9349,2174,11523,14163
20222023,022,CARTER,105,Carter County,053,Tygart Creek Elementary School,105053,022105053,210102002340,KEDC,903,A1,327,1047,644,1691,9328,1948,11276,14073
20222023,022,CARTER,105,Carter County,060,Carter City Elementary School,105060,022105060,210102002356,KEDC,903,A1,115,800,449,1249,10280,2842,13122,15399
20222023,022,CARTER,105,Carter County,120,East Carter County High School,105120,022105120,210102000194,KEDC,903,A1,692,719,793,1512,9338,2471,11809,14152
20222023,022,CARTER,105,Carter County,130,East Carter Middle School,105130,022105130,210102001698,KEDC,903,A1,478,849,479,1328,8877,2021,10898,13189
20222023,022,CARTER,105,Carter County,250,Olive Hill Elementary School,105250,022105250,210102000198,KEDC,903,A1,354,1096,550,1645,10825,2091,12916,15727
20222023,022,CARTER,105,Carter County,340,Prichard Elementary School,105340,022105340,210102000199,KEDC,903,A1,568,862,488,1350,8880,1500,10380,12793
20222023,022,CARTER,105,Carter County,450,Star Elementary School,105450,022105450,210102000200,KEDC,903,A1,113,668,505,1173,10578,1697,12275,14483
20222023,022,CARTER,105,Carter County,500,West Carter County High School,105500,022105500,210102000202,KEDC,903,A1,500,844,797,1641,10407,3333,13740,16709
20222023,022,CARTER,105,Carter County,505,West Carter Middle School,105505,022105505,210102001661,KEDC,903,A1,362,986,434,1420,9842,1969,11811,14227
20222023,022,CARTER,105,Carter County,905,Carter County Career and Technical Center,105905,022105905,210102001439,KEDC,903,A2,,,,,,,,
20222023,023,CASEY,111,Casey County,"",---District Total---,111,"","",SESC,907,"",2107,2118,1214,3332,9417,3050,12466,17723
20222023,023,CASEY,111,Casey County,015,Walnut Hill Elementary School,111015,023111015,210105002211,SESC,907,A1,373,2472,1132,3604,11551,3587,15091,32531
20222023,023,CASEY,111,Casey County,026,Jones Park Elementary,111026,023111026,210105001981,SESC,907,A1,261,2111,1387,3498,13966,4409,18290,39229
20222023,023,CASEY,111,Casey County,045,Casey County High School,111045,023111045,210105000204,SESC,907,A1,586,1801,1230,3031,12156,5513,17633,37214
20222023,023,CASEY,111,Casey County,070,Casey County Middle School,111070,023111070,210105001579,SESC,907,A1,507,2099,1161,3260,10156,3821,13941,29803
20222023,023,CASEY,111,Casey County,190,Liberty Elementary School,111190,023111190,210105000208,SESC,907,A1,380,2291,1221,3512,10731,3737,14432,30787
20222023,005,BARREN,113,Caverna Independent,"",---District Total---,113,"","",GRREC,902,"",595,2823,3947,6770,13613,3515,17127,26111
20222023,005,BARREN,113,Caverna Independent,025,Caverna Elementary School,113025,005113025,210111000213,GRREC,902,A1,258,3205,2663,5868,14855,2730,17585,26520
20222023,005,BARREN,113,Caverna Independent,026,Caverna Middle School,113026,005113026,210111001914,GRREC,902,A1,128,2040,2602,4643,8887,2481,11368,16516
20222023,005,BARREN,113,Caverna Independent,030,Caverna High School,113030,005113030,210111000214,GRREC,902,A1,209,3330,8730,12061,18826,6783,25610,40955
20222023,024,CHRISTIAN,115,Christian County,"",---District Total---,115,"","",WKEC,908,"",8970,1527,653,2179,7952,2031,9984,13075
20222023,024,CHRISTIAN,115,Christian County,012,Christian County Public Schools VLA,115012,024115012,210115002524,WKEC,908,A5,201,,,,,,,
20222023,024,CHRISTIAN,115,Christian County,017,Martin Luther King Jr. Elementary School,115017,024115017,210115002024,WKEC,908,A1,541,1560,723,2283,8625,2045,10671,13116
20222023,024,CHRISTIAN,115,Christian County,023,Cumberland Hall School,115023,024115023,210115001912,WKEC,908,A6,20,,,,,,,
20222023,024,CHRISTIAN,115,Christian County,026,Freedom Elementary School,115026,024115026,210115002415,WKEC,908,A1,533,1894,814,2708,8622,2170,10792,13660
20222023,024,CHRISTIAN,115,Christian County,030,Christian County High School,115030,024115030,210115000220,WKEC,908,A1,1136,1016,593,1609,8401,2298,10699,12391
20222023,024,CHRISTIAN,115,Christian County,035,Christian County Middle School,115035,024115035,210115000221,WKEC,908,A1,607,1070,670,1740,8316,2099,10415,12312
20222023,024,CHRISTIAN,115,Christian County,040,Crofton Elementary School,115040,024115040,210115000222,WKEC,908,A1,375,1449,654,2103,8738,1969,10707,12957
20222023,024,CHRISTIAN,115,Christian County,050,Hopkinsville High School,115050,024115050,210115000223,WKEC,908,A1,880,1458,646,2104,9175,2531,11706,13917
20222023,024,CHRISTIAN,115,Christian County,055,Indian Hills Elementary School,115055,024115055,210115000224,WKEC,908,A1,519,2041,726,2767,8238,1995,10234,13142
20222023,024,CHRISTIAN,115,Christian County,058,Hopkinsville Middle School,115058,024115058,210115000225,WKEC,908,A1,517,1596,560,2156,8145,2152,10297,12595
20222023,024,CHRISTIAN,115,Christian County,100,Bluegrass Learning Academy,115100,024115100,210115001402,WKEC,908,A5,265,,,,,,,
20222023,024,CHRISTIAN,115,Christian County,125,Millbrooke Elementary School,115125,024115125,210115000229,WKEC,908,A1,686,1810,759,2569,7909,1945,9854,12547
20222023,024,CHRISTIAN,115,Christian County,130,Pembroke Elementary School,115130,024115130,210115000231,WKEC,908,A1,603,1586,729,2316,8024,1866,9890,12345
20222023,024,CHRISTIAN,115,Christian County,150,Sinking Fork Elementary School,115150,024115150,210115000232,WKEC,908,A1,396,1770,569,2339,7909,1975,9884,12376
20222023,024,CHRISTIAN,115,Christian County,170,South Christian Elementary School,115170,024115170,210115000233,WKEC,908,A1,572,1193,585,1777,8478,2045,10523,12434
20222023,024,CHRISTIAN,115,Christian County,180,Christian County Day Treatment,115180,024115180,210115000234,WKEC,908,A6,23,,,,,,,
20222023,024,CHRISTIAN,115,Christian County,975,Gateway Academy to Innovation & Tech.,115975,024115975,210115001938,WKEC,908,A2,1095,,,,,,,
20222023,025,CLARK,121,Clark County,"",---District Total---,121,"","",CKEC,901,"",4937,1202,406,1607,10607,2543,13150,17461
20222023,025,CLARK,121,Clark County,002,Willis H. Justice Elementary School,121002,025121002,210120002405,CKEC,901,A1,431,1174,330,1504,10953,2268,13221,16354
20222023,025,CLARK,121,Clark County,004,Strode Station Elementary School,121004,025121004,210120002395,CKEC,901,A1,504,1182,311,1493,10757,2183,12941,16083
20222023,025,CLARK,121,Clark County,006,Shearer Elementary School,121006,025121006,210120002397,CKEC,901,A1,394,1114,345,1460,11337,2352,13689,21438
20222023,025,CLARK,121,Clark County,008,William G. Conkwright Elementary,121008,025121008,210120002391,CKEC,901,A1,499,1339,324,1663,10261,2171,12431,15710
20222023,025,CLARK,121,Clark County,013,Phoenix Academy,121013,025121013,210120001624,CKEC,901,A6,53,,,,,,,
20222023,025,CLARK,121,Clark County,017,Clark County Preschool,121017,025121017,210120002120,CKEC,901,A4,0,,,,,,,
20222023,025,CLARK,121,Clark County,023,Robert D. Campbell Jr. High,121023,025121023,210120002402,CKEC,901,A1,807,789,379,1167,9478,2680,12158,14978
20222023,025,CLARK,121,Clark County,026,Rev. Henry E. Baker Sr. Interm. School,121026,025121026,210120002389,CKEC,901,A1,733,835,540,1374,10012,2052,12067,15139
20222023,025,CLARK,121,Clark County,030,George Rogers Clark High School,121030,025121030,210120000237,CKEC,901,A1,1516,1385,351,1736,8733,2860,11593,14932
20222023,026,CLAY,125,Clay County,"",---District Total---,125,"","",SESC,907,"",2769,2360,375,2734,9991,2257,12248,19242
20222023,026,CLAY,125,Clay County,040,Big Creek Elementary,125040,026125040,210123000247,SESC,907,A1,114,3458,248,3706,15438,2754,18192,22368
20222023,026,CLAY,125,Clay County,041,Horse Creek Learning Center,125041,026125041,210123001846,SESC,907,A5,98,,,,,,,
20222023,026,CLAY,125,Clay County,070,Burning Springs Elementary,125070,026125070,210123000248,SESC,907,A1,275,2428,606,3035,8878,2172,11050,14303
20222023,026,CLAY,125,Clay County,095,Clay County Middle School,125095,026125095,210123001699,SESC,907,A1,386,2717,281,2998,10838,2144,12982,16229
20222023,026,CLAY,125,Clay County,100,Clay County High School,125100,026125100,210123000249,SESC,907,A1,710,1892,538,2430,9708,2477,12185,14785
20222023,026,CLAY,125,Clay County,200,Goose Rock Elementary,125200,026125200,210123000251,SESC,907,A1,195,3299,246,3545,11787,2287,14075,17860
20222023,026,CLAY,125,Clay County,220,Hacker Elementary School,125220,026125220,210123000252,SESC,907,A1,246,2700,281,2982,9548,2212,11759,14776
20222023,026,CLAY,125,Clay County,500,Manchester Elementary School,125500,026125500,210123000255,SESC,907,A1,362,2082,285,2367,9755,1987,11743,14403
20222023,026,CLAY,125,Clay County,570,Oneida Elementary School,125570,026125570,210123000256,SESC,907,A1,98,2995,339,3334,10384,2380,12763,16133
20222023,026,CLAY,125,Clay County,580,Paces Creek Elementary,125580,026125580,210123001413,SESC,907,A1,285,2343,280,2623,9007,2520,11527,14534
20222023,027,CLINTON,131,Clinton County,"",---District Total---,131,"","",GRREC,902,"",1474,2205,557,2762,9541,2783,12325,16457
20222023,027,CLINTON,131,Clinton County,015,Albany Elementary School,131015,027131015,210126000257,GRREC,902,A1,459,2007,473,2479,8805,2019,10963,14822
20222023,027,CLINTON,131,Clinton County,016,Foothills Academy,131016,027131016,210126002162,GRREC,902,A6,20,,,,,,,
20222023,027,CLINTON,131,Clinton County,020,Clinton County Early Childhood Center,131020,027131020,210126002228,GRREC,902,A1,130,5279,556,5834,10606,3503,14228,21598
20222023,027,CLINTON,131,Clinton County,045,Clinton County Middle School,131045,027131045,210126000444,GRREC,902,A1,440,1799,711,2509,9055,2103,11417,15269
20222023,027,CLINTON,131,Clinton County,050,Clinton County High School,131050,027131050,210126000259,GRREC,902,A1,425,1759,478,2238,9838,2603,13477,17062
20222023,014,BRECKINRIDGE,132,Cloverport Independent,"",---District Total---,132,"","",GRREC,902,"",276,1746,737,2483,10856,3612,14468,19170
20222023,014,BRECKINRIDGE,132,Cloverport Independent,030,Cloverport Independent School,132030,014132030,210129002502,GRREC,902,A1,276,1679,709,2388,10440,3474,13914,16302
20222023,118,WHITLEY,133,Corbin Independent,"",---District Total---,133,"","",SESC,907,"",2884,1282,668,1950,9017,2100,11117,18122
20222023,118,WHITLEY,133,Corbin Independent,012,Corbin Educational Center,133012,118133012,210132001622,SESC,907,A6,30,,,,,,,
20222023,118,WHITLEY,133,Corbin Independent,016,Corbin Preschool,133016,118133016,210132001982,SESC,907,A4,0,,,,,,,
20222023,118,WHITLEY,133,Corbin Independent,019,CORBIN ELEMENTARY SCHOOL,133019,118133019,210132002489,SESC,907,A1,388,1591,608,2199,8997,1775,10772,16148
20222023,118,WHITLEY,133,Corbin Independent,040,Corbin High School,133040,118133040,210132000266,SESC,907,A1,807,861,594,1455,10159,3064,13223,18504
20222023,118,WHITLEY,133,Corbin Independent,050,Corbin Middle School,133050,118133050,210132001414,SESC,907,A1,635,1049,301,1350,9074,2463,11537,16220
20222023,118,WHITLEY,133,Corbin Independent,070,Corbin Primary,133070,118133070,210132002218,SESC,907,A1,783,1571,498,2069,8487,1728,10215,15368
20222023,118,WHITLEY,133,Corbin Independent,100,Corbin School of Innovation,133100,118133100,210132002367,SESC,907,A5,181,,,,,,,
20222023,059,KENTON,134,Covington Independent,"",---District Total---,134,"","",NKCES,905,"",3300,1778,1182,2960,14144,2739,16883,22586
20222023,059,KENTON,134,Covington Independent,010,Biggs Early Childhood Education Ctr,134010,059134010,210135001664,NKCES,905,A4,0,,,,,,,
20222023,059,KENTON,134,Covington Independent,011,Covington Adult High School,134011,059134011,210135001495,NKCES,905,A5,13,,,,,,,
20222023,059,KENTON,134,Covington Independent,013,Transformational Learning Center,134013,059134013,210135001783,NKCES,905,A5,64,,,,,,,
20222023,059,KENTON,134,Covington Independent,017,Holmes Middle School,134017,059134017,210135001944,NKCES,905,A1,634,1865,1260,3125,13232,1489,14721,20155
20222023,059,KENTON,134,Covington Independent,019,Holmes High School,134019,059134019,210135002049,NKCES,905,A1,864,1192,1559,2751,13100,3699,16799,22000
20222023,059,KENTON,134,Covington Independent,110,John G Carlisle Elementary,134110,059134110,210135000270,NKCES,905,A1,302,1879,560,2439,12537,1872,14409,19759
20222023,059,KENTON,134,Covington Independent,115,Latonia Elementary School,134115,059134115,210135000271,NKCES,905,A1,260,2182,708,2890,14102,2650,16752,22826
20222023,059,KENTON,134,Covington Independent,150,Ninth District Elementary,134150,059134150,210135000274,NKCES,905,A1,306,1978,745,2723,13818,2484,16302,21485
20222023,059,KENTON,134,Covington Independent,160,Glenn O Swing Elementary,134160,059134160,210135000275,NKCES,905,A1,414,1866,637,2503,11997,2098,14095,19194
20222023,059,KENTON,134,Covington Independent,170,Sixth District Elementary School,134170,059134170,210135000276,NKCES,905,A1,443,1745,616,2361,11842,2338,14180,18951
20222023,059,KENTON,134,Covington Independent,906,Chapman Vocational Education Center,134906,059134906,210135002338,NKCES,905,A2,,,,,,,,
20222023,028,CRITTENDEN,135,Crittenden County,"",---District Total---,135,"","",WKEC,908,"",1312,1345,577,1921,9661,2401,12062,14955
20222023,028,CRITTENDEN,135,Crittenden County,020,Crittenden County High School,135020,028135020,210138000279,WKEC,908,A1,430,130,621,1482,10574,2853,12684,12115
20222023,028,CRITTENDEN,135,Crittenden County,022,Pathway Academy High School,135022,028135022,210138002225,WKEC,908,A5,1,,,,,,,
20222023,028,CRITTENDEN,135,Crittenden County,025,Crittenden County Middle School,135025,028135025,210138000280,WKEC,908,A1,285,400,761,2246,10434,2108,11444,11640
20222023,028,CRITTENDEN,135,Crittenden County,100,Crittenden County Elementary School,135100,028135100,210138001441,WKEC,908,A1,596,632,456,2084,10674,2240,11907,11941
20222023,029,CUMBERLAND,141,Cumberland County,"",---District Total---,141,"","",GRREC,902,"",936,2882,628,3510,9056,3301,12357,18070
20222023,029,CUMBERLAND,141,Cumberland County,070,Cumberland County Elementary School,141070,029141070,210141000286,GRREC,902,A1,444,4446,941,5387,20232,5920,10088,26152
20222023,029,CUMBERLAND,141,Cumberland County,075,Cumberland County Middle School,141075,029141075,210141001561,GRREC,902,A1,199,6514,1028,7542,22695,6855,13531,29551
20222023,029,CUMBERLAND,141,Cumberland County,080,Cumberland County High School,141080,029141080,210141000287,GRREC,902,A1,293,4331,1380,5711,20307,7001,11263,27308
20222023,011,BOYLE,143,Danville Independent,"",---District Total---,143,"","",CKEC,901,"",1688,1809,639,2447,12956,2410,15366,19675
20222023,011,BOYLE,143,Danville Independent,003,Mary G. Hogsett Primary School,143003,011143003,210144002477,CKEC,901,A1,235,2778,647,3426,17242,2294,19536,24861
20222023,011,BOYLE,143,Danville Independent,005,John W. Bate Middle School,143005,011143005,210144000290,CKEC,901,A1,386,2020,676,2696,11400,2388,13788,18340
20222023,011,BOYLE,143,Danville Independent,010,Edna L. Toliver Intermediate School,143010,011143010,210144002476,CKEC,901,A1,512,2090,550,2639,11847,2014,13862,18358
20222023,011,BOYLE,143,Danville Independent,015,Anchor Academy,143015,011143015,210144002500,CKEC,901,A5,65,,,,,,,
20222023,011,BOYLE,143,Danville Independent,030,Danville High School,143030,011143030,210144000291,CKEC,901,A1,463,1114,729,1844,13726,3181,16906,20606
20222023,011,BOYLE,143,Danville Independent,350,Sunrise Academy,143350,011143350,210144000646,CKEC,901,A6,27,,,,,,,
20222023,030,DAVIESS,145,Daviess County,"",---District Total---,145,"","",GRREC,902,"",10808,1121,490,1611,10859,1980,12838,17280
20222023,030,DAVIESS,145,Daviess County,005,Apollo High School,145005,030145005,210147000295,GRREC,902,A1,1463,775,257,1032,10292,1970,12262,21273
20222023,030,DAVIESS,145,Daviess County,006,Meadow Lands Elementary School,145006,030145006,210147001949,GRREC,902,A1,431,1445,314,1760,11327,1800,13127,17886
20222023,030,DAVIESS,145,Daviess County,007,East View Elementary School,145007,030145007,210147001625,GRREC,902,A1,434,1709,355,2063,10933,1804,12737,16253
20222023,030,DAVIESS,145,Daviess County,008,F T Burns Middle School,145008,030145008,210147000296,GRREC,902,A1,700,1124,244,1368,11480,1849,13329,16437
20222023,030,DAVIESS,145,Daviess County,010,Daviess County High School,145010,030145010,210147000297,GRREC,902,A1,1673,839,239,1077,9849,2067,11916,14876
20222023,030,DAVIESS,145,Daviess County,011,Southern Oaks Elementary School,145011,030145011,210147002230,GRREC,902,A1,440,1285,273,1558,11121,1773,12894,15968
20222023,030,DAVIESS,145,Daviess County,015,The Center for Academic Improvement,145015,030145015,210147002470,GRREC,902,A5,22,,,,,,,
20222023,030,DAVIESS,145,Daviess County,020,Daviess County Middle School,145020,030145020,210147000298,GRREC,902,A1,797,980,228,1208,11399,1766,13165,23664
20222023,030,DAVIESS,145,Daviess County,025,Highland Elementary School,145025,030145025,210147000299,GRREC,902,A1,473,1234,325,1559,10835,1695,12530,15550
20222023,030,DAVIESS,145,Daviess County,035,Virtual Academy,145035,030145035,"",GRREC,902,A5,110,,,,,,,
20222023,030,DAVIESS,145,Daviess County,040,Deer Park Elementary School,145040,030145040,210147000301,GRREC,902,A1,449,1288,445,1733,10803,1805,12609,15735
20222023,030,DAVIESS,145,Daviess County,070,Sorgho Elementary School,145070,030145070,210147000303,GRREC,902,A1,335,1344,342,1687,12329,1866,14194,17383
20222023,030,DAVIESS,145,Daviess County,085,Audubon Elementary School,145085,030145085,210147000054,GRREC,902,A1,353,1798,456,2254,12588,2119,14707,18451
20222023,030,DAVIESS,145,Daviess County,095,Tamarack Elementary School,145095,030145095,210147000306,GRREC,902,A1,508,1522,248,1770,10466,1499,11965,15267
20222023,030,DAVIESS,145,Daviess County,130,West Louisville Elementary School,145130,030145130,210147000309,GRREC,902,A1,319,1339,338,1677,12395,1859,14253,17210
20222023,030,DAVIESS,145,Daviess County,140,Whitesville Elementary School,145140,030145140,210147000310,GRREC,902,A1,357,1131,411,1542,10938,1787,12725,15623
20222023,030,DAVIESS,145,Daviess County,145,F T Burns Elementary School,145145,030145145,210147000311,GRREC,902,A1,442,1569,327,1896,10339,1881,12220,15505
20222023,030,DAVIESS,145,Daviess County,150,Country Heights Elementary School,145150,030145150,210147001581,GRREC,902,A1,442,1100,245,1345,10951,1535,12487,15153
20222023,030,DAVIESS,145,Daviess County,155,College View Middle School,145155,030145155,210147000961,GRREC,902,A1,854,718,265,984,10488,1638,12126,16342
20222023,030,DAVIESS,145,Daviess County,160,Owensboro Day Treatment,145160,030145160,210147000312,GRREC,902,A6,18,,,,,,,
20222023,030,DAVIESS,145,Daviess County,170,Valley High School,145170,030145170,210147001700,GRREC,902,A6,9,,,,,,,
20222023,030,DAVIESS,145,Daviess County,175,Valley Elementary School,145175,030145175,210147000964,GRREC,902,A6,28,,,,,,,
20222023,030,DAVIESS,145,Daviess County,180,Heritage Park High School,145180,030145180,210147000969,GRREC,902,A5,151,,,,,,,
20222023,054,HOPKINS,146,Dawson Springs Independent,"",---District Total---,146,"","",WKEC,908,"",499,788,708,1497,11618,3241,14859,21905
20222023,054,HOPKINS,146,Dawson Springs Independent,017,Dawson Springs Elementary,146017,054146017,210150002200,WKEC,908,A1,230,848,646,1494,11083,3286,14369,19323
20222023,054,HOPKINS,146,Dawson Springs Independent,018,Dawson Springs Jr/Sr High School,146018,054146018,210150002203,WKEC,908,A1,269,548,617,1165,11065,3784,14849,19803
20222023,054,HOPKINS,146,Dawson Springs Independent,035,DSISD Virtual Academy,146035,054146035,210150002527,WKEC,908,A5,,,,,,,,
20222023,019,CAMPBELL,147,Dayton Independent,"",---District Total---,147,"","",NKCES,905,"",827,1984,974,2958,12034,2727,14761,21495
20222023,019,CAMPBELL,147,Dayton Independent,010,Dayton High School,147010,019147010,210153000316,NKCES,905,A1,363,1743,1277,3434,12192,1928,15353,22441
20222023,019,CAMPBELL,147,Dayton Independent,030,Lincoln Elementary School,147030,019147030,210153000317,NKCES,905,A1,404,1743,695,2438,11471,1262,13481,19569
20222023,019,CAMPBELL,147,Dayton Independent,120,Regional School Programs,147120,019147120,210153002413,NKCES,905,A5,60,,,,,,,
20222023,063,LAUREL,149,East Bernstadt Independent,"",---District Total---,149,"","",SESC,907,"",464,1296,370,1667,9960,2044,12004,16667
20222023,063,LAUREL,149,East Bernstadt Independent,010,East Bernstadt Elementary School,149010,063149010,210159000318,SESC,907,A1,464,1296,372,1668,11381,2441,13822,15490
20222023,031,EDMONSON,151,Edmonson County,"",---District Total---,151,"","",GRREC,902,"",1743,1061,264,1325,10372,2063,12436,16380
20222023,031,EDMONSON,151,Edmonson County,020,South Edmonson Elementary School,151020,031151020,210162000319,GRREC,902,A1,383,1189.00,270.00,1459.00,10627.00,1953.00,12580.00,14039.00
20222023,031,EDMONSON,151,Edmonson County,022,Edmonson County 5/6 Center,151022,031151022,210162001985,GRREC,902,A1,251,735.00,254.00,989.00,10552.00,1694.00,12246.00,13235.00
20222023,031,EDMONSON,151,Edmonson County,050,Edmonson County Middle School,151050,031151050,210162000321,GRREC,902,A1,275,1009.00,107.00,1116.00,9392.00,2010.00,11402.00,12518.00
20222023,031,EDMONSON,151,Edmonson County,060,Edmonson County High School,151060,031151060,210162001442,GRREC,902,A1,581,510.00,236.00,745.00,9773.00,2278.00,12051.00,12796.00
20222023,031,EDMONSON,151,Edmonson County,080,Kyrock Elementary School,151080,031151080,210162000322,GRREC,902,A1,253,1994.00,298.00,2292.00,11928.00,2032.00,13960.00,16252.00
20222023,047,HARDIN,152,Elizabethtown Independent,"",---District Total---,152,"","",GRREC,902,"",2423,847,548,1396,9969,2174,12143,14661
20222023,047,HARDIN,152,Elizabethtown Independent,010,Elizabethtown High School,152010,047152010,210165000323,GRREC,902,A1,817,670,537,1207,9175,2467,11644,12851
20222023,047,HARDIN,152,Elizabethtown Independent,015,Helmwood Heights Elementary School,152015,047152015,210165000324,GRREC,902,A1,427,956,533,1487,8975,1834,10809,12296
20222023,047,HARDIN,152,Elizabethtown Independent,020,Morningside Elementary School,152020,047152020,210165000325,GRREC,902,A1,456,966,562,1528,10618,2311,12929,14457
20222023,047,HARDIN,152,Elizabethtown Independent,025,Panther Academy,152025,047152025,210165002319,GRREC,902,A1,158,1119,738,1856,15819,3053,18871,20727
20222023,047,HARDIN,152,Elizabethtown Independent,035,Talton K Stone Middle School,152035,047152035,210165000326,GRREC,902,A1,525,790,512,1302,9182,1589,10771,12073
20222023,047,HARDIN,152,Elizabethtown Independent,041,Valley View Education Center,152041,047152041,210165002355,GRREC,902,A5,30,,,,,,,
20222023,047,HARDIN,152,Elizabethtown Independent,045,Glen Dale Center,152045,047152045,210165002246,GRREC,902,A6,10,,,,,,,
20222023,032,ELLIOTT,155,Elliott County,"",---District Total---,155,"","",KEDC,903,"",902,1504,751,2255,10966,2860,13827,19905
20222023,032,ELLIOTT,155,Elliott County,100,Elliott County Primary School,155100,032155100,210168002505,KEDC,903,A1,190,2530,844,3423,10775,2511,13670,20834
20222023,032,ELLIOTT,155,Elliott County,270,Elliott County Intermediate School,155270,032155270,210168000330,KEDC,903,A1,188,2944,816,3808,12251,3306,15941,23491
20222023,032,ELLIOTT,155,Elliott County,275,Elliott County Middle School,155275,032155275,210168002504,KEDC,903,A1,230,509,633,1190,8855,1517,10756,15687
20222023,032,ELLIOTT,155,Elliott County,280,Elliott County High School,155280,032155280,210168000331,KEDC,903,A1,294,602,690,1341,12033,2562,14978,20310
20222023,052,HENRY,156,Eminence Independent,"",---District Total---,156,"","",OVEC,906,"",920,605,715,1321,9866,2358,12223,21277
20222023,052,HENRY,156,Eminence Independent,010,Eminence High School,156010,052156010,210171000332,OVEC,906,A1,496,403,638,1041,10471,2739,13210,21908
20222023,052,HENRY,156,Eminence Independent,020,Eminence Elementary School,156020,052156020,210171000333,OVEC,906,A1,389,825,789,1613,8967,1872,10839,20112
20222023,052,HENRY,156,Eminence Independent,025,Bluegrass Challenge Academy,156025,052156025,210171002455,OVEC,906,A5,,,,,,,,
20222023,059,KENTON,157,Erlanger-Elsmere Independent,"",---District Total---,157,"","",NKCES,905,"",2317,1104,581,1685,11309,2293,13602,19363
20222023,059,KENTON,157,Erlanger-Elsmere Independent,003,Lindeman Elementary School,157003,059157003,210174000334,NKCES,905,A1,296,1472.00,402.00,1874.00,12876.00,2561.00,15437.00,17311.00
20222023,059,KENTON,157,Erlanger-Elsmere Independent,005,Arnett Elementary School,157005,059157005,210174000335,NKCES,905,A1,210,1875.00,485.00,2361.00,14396.00,2638.00,17034.00,19394.00
20222023,059,KENTON,157,Erlanger-Elsmere Independent,010,Howell Elementary School,157010,059157010,210174000336,NKCES,905,A1,284,1552.00,448.00,2000.00,12488.00,2749.00,15237.00,17237.00
20222023,059,KENTON,157,Erlanger-Elsmere Independent,015,Early Learning Center,157015,059157015,210174002498,NKCES,905,A4,0,,,,,,,
20222023,059,KENTON,157,Erlanger-Elsmere Independent,030,Lloyd High School,157030,059157030,210174000337,NKCES,905,A1,677,702.00,494.00,1196.00,11009.00,3052,14062.00,15258.00
20222023,059,KENTON,157,Erlanger-Elsmere Independent,050,Miles Elementary School,157050,059157050,210174000338,NKCES,905,A1,247,1566.00,225.00,1791.00,11008,2432.00,14820.00,16611.00
20222023,059,KENTON,157,Erlanger-Elsmere Independent,060,Tichenor Middle School,157060,059157060,210174000339,NKCES,905,A1,543,431.00,518.00,947,10760.00,2785,14820.00,14495.00
20222023,059,KENTON,157,Erlanger-Elsmere Independent,061,Bartlett Educational Center,157061,059157061,210174002313,NKCES,905,A5,60,,,,,,,
20222023,033,ESTILL,161,Estill County,"",---District Total---,161,"","",SESC,907,"",2024,1544,1118,2662,10265,2750,13015,23740
20222023,033,ESTILL,161,Estill County,011,Estill Springs Elementary,161011,033161011,210176001746,SESC,907,A1,463,1684,927,2370,10489,2787,12947,13157
20222023,033,ESTILL,161,Estill County,014,Estill County Success Academy,161014,033161014,210176002406,SESC,907,A5,15,,,,,,,
20222023,033,ESTILL,161,Estill County,085,Estill County Middle School,161085,033161085,210176000341,SESC,907,A1,453,1441,946,2146,9506,3115,12253,12239
20222023,033,ESTILL,161,Estill County,090,Estill County High School,161090,033161090,210176000342,SESC,907,A1,624,1877,1204,2950,9697,4724,13815,14604
20222023,033,ESTILL,161,Estill County,220,South Irvine Early Learning Center,161220,033161220,210176000345,SESC,907,A4,0,,,,,,,
20222023,033,ESTILL,161,Estill County,280,West Irvine Elementary,161280,033161280,210176000346,SESC,907,A1,469,1473,1058,2290,9351,2992,11883,12239
20222023,010,BOYD,162,Fairview Independent,"",---District Total---,162,"","",KEDC,903,"",530,2642,1627,4270,11483,2778,14261,20856
20222023,010,BOYD,162,Fairview Independent,011,Fairview Elementary School,162011,010162011,210180001889,KEDC,903,A1,203,3056,1816,4872,13234,2602,15836,23033
20222023,010,BOYD,162,Fairview Independent,020,Fairview High School,162020,010162020,210180000348,KEDC,903,A1,327,2386,1510,3896,10397,2887,13283,19504
20222023,034,FAYETTE,165,Fayette County,"",---District Total---,165,"","",CKEC,901,"",40494,981,754,1735,14436,2794,17231,22007
20222023,034,FAYETTE,165,Fayette County,005,Arlington Elementary School,165005,034165005,210186000350,CKEC,901,A1,284,1658.00,733.00,2391.00,17710.00,2921.00,20631.00,25883.00
20222023,034,FAYETTE,165,Fayette County,007,Ashland Elementary School,165007,034165007,210186000351,CKEC,901,A1,264,1503.00,689.00,2192.00,18445.00,3080.00,21525.00,26898.00
20222023,034,FAYETTE,165,Fayette County,009,UK Early Childhood Lab,165009,034165009,210186002385,CKEC,901,A4,0,,,,,,,
20222023,034,FAYETTE,165,Fayette County,012,Veterans Park Elementary School,165012,034165012,210186001421,CKEC,901,A1,697,1336.00,606.00,1942.00,14526.00,2675.00,17201.00,21896.00
20222023,034,FAYETTE,165,Fayette County,015,Beaumont Middle School,165015,034165015,210186000353,CKEC,901,A1,842,474.00,951.00,1425.0,14560.00,2734.00,17294.00,21508.00
20222023,034,FAYETTE,165,Fayette County,018,Scapa At Bluegrass,165018,034165018,210186000354,CKEC,901,A1,276,486.00,606.00,1092.00,19545.00,2906.00,22451.00,26193.00
20222023,034,FAYETTE,165,Fayette County,021,Martin L King Acad for Excellence Alt,165021,034165021,210186001848,CKEC,901,A5,258,,,,,,,
20222023,034,FAYETTE,165,Fayette County,025,Crawford Middle School,165025,034165025,210186000357,CKEC,901,A1,764,1134.00,939.00,2072.00,14886.00,2719.00,17606.00,22452.00
20222023,034,FAYETTE,165,Fayette County,030,Bryan Station Middle School,165030,034165030,210186000358,CKEC,901,A1,807,1250.00,893.00,2143.00,14315.00,2851.00,17166.00,22111.00
20222023,034,FAYETTE,165,Fayette County,032,Cassidy Elementary School,165032,034165032,210186000359,CKEC,901,A1,664,1192.00,635.00,1826.00,14196.00,2792.00,16988.00,23189.00
20222023,034,FAYETTE,165,Fayette County,034,Edythe Jones Hayes Middle School,165034,034165034,210186001957,CKEC,901,A1,1084,484.00,747.00,1231.00,14119.00,2767.00,16886.00,20844.00
20222023,034,FAYETTE,165,Fayette County,035,Deep Springs Elementary School,165035,034165035,210186000360,CKEC,901,A1,496,951.00,680.00,1631.00,15459.00,2812.00,18272.00,23375.00
20222023,034,FAYETTE,165,Fayette County,036,Dixie Elementary Magnet School,165036,034165036,210186000361,CKEC,901,A1,505,1389.00,897.00,2286.00,15430.00,2871.00,18302.00,23375.00
20222023,034,FAYETTE,165,Fayette County,037,Garden Springs Elementary School,165037,034165037,210186000362,CKEC,901,A1,418,954.00,695.00,1648.00,17524.00,2830.00,20354.00,24797.00
20222023,034,FAYETTE,165,Fayette County,038,Harrison Elementary School,165038,034165038,210186000363,CKEC,901,A1,178,2225.00,1153.00,3377.00,26864.00,3244.00,30108.00,37073.00
20222023,034,FAYETTE,165,Fayette County,039,Henry Clay High School,165039,034165039,210186000364,CKEC,901,A1,1998,514.00,628.00,1142.00,13484.00,2784.00,1629.00,20156.00
20222023,034,FAYETTE,165,Fayette County,045,Athens-Chilesburg Elementary,165045,034165045,210186001987,CKEC,901,A1,534,1150.00,796.00,1946.00,15227.00,2878.00,18104.00,22733.00
20222023,034,FAYETTE,165,Fayette County,052,Rosa Parks Elementary School,165052,034165052,210186001422,CKEC,901,A1,707,1687.00,641.00,2328.00,13882.00,2819.00,16700.00,21678.00
20222023,034,FAYETTE,165,Fayette County,054,The Stables,165054,034165054,210186002320,CKEC,901,A5,47,,,,,,,
20222023,034,FAYETTE,165,Fayette County,055,Booker T Washington Elementary School,165055,034165055,210186002426,CKEC,901,A1,286,1441.00,876.00,2317.00,17016.00,2905.00,19921.00,25126.00
20222023,034,FAYETTE,165,Fayette County,056,William Wells Brown Elementary,165056,034165056,210186002199,CKEC,901,A1,296,1845.00,1232.00,3077.00,21469.00,3368.00,24838.00,30798.00
20222023,034,FAYETTE,165,Fayette County,057,Liberty Elementary,165057,034165057,210186002207,CKEC,901,A1,740,795.00,650.00,1444.00,14393.00,2707.00,17099.00,21395.00
20222023,034,FAYETTE,165,Fayette County,058,Sandersville Elementary,165058,034165058,210186002189,CKEC,901,A1,722,514.00,852.00,1365.00,14883.00,2754.00,17637.00,21844.00
20222023,034,FAYETTE,165,Fayette County,059,Wellington Elementary,165059,034165059,210186002247,CKEC,901,A1,582,1965.00,909.00,2873.00,14204.00,2730.00,16933.00,22626.00
20222023,034,FAYETTE,165,Fayette County,060,Lafayette High School,165060,034165060,210186000367,CKEC,901,A1,2302,509.00,657.00,1166.00,12706.00,2899.00,15605.00,20413.00
20222023,034,FAYETTE,165,Fayette County,062,Lansdowne Elementary School,165062,034165062,210186000368,CKEC,901,A1,522,2146.00,784.00,2930.00,15637.00,2919.00,18556.00,24243.00
20222023,034,FAYETTE,165,Fayette County,065,Leestown Middle School,165065,034165065,210186000369,CKEC,901,A1,975,893.00,793.00,1686.00,14445.00,2866.00,17310,22246.00
20222023,034,FAYETTE,165,Fayette County,066,Family Care Center,165066,034165066,210186002325,CKEC,901,A5,31,,,,,,,
20222023,034,FAYETTE,165,Fayette County,067,Lexington Trad Magnet School,165067,034165067,210186000370,CKEC,901,A1,286,1954.00,721.00,2675.00,22531.00,3117.00,25648.00,31514.00
20222023,034,FAYETTE,165,Fayette County,068,Locust Trace AgriScience Center,165068,034165068,210186002362,CKEC,901,A2,,,,,,,,
20222023,034,FAYETTE,165,Fayette County,072,Madeline M Breckinridge Elem School,165072,034165072,210186000372,CKEC,901,A1,498,1410.00,907.00,2317.00,15402.00,2857.00,18259.00,23352.00
20222023,034,FAYETTE,165,Fayette County,074,Maxwell Spanish Immersion Elem School,165074,034165074,210186000373,CKEC,901,A1,551,840.00,851.00,1691.00,14573.00,2694.00,17267.00,21608.00
20222023,034,FAYETTE,165,Fayette County,076,Morton Middle School,165076,034165076,210186000374,CKEC,901,A1,708,783.00,610.00,1393.00,14888.00,2807.00,17695.00,22006.00
20222023,034,FAYETTE,165,Fayette County,077,Northern Elementary School,165077,034165077,210186000375,CKEC,901,A1,409,1822.00,761.00,2583.00,16805.00,2968.00,19772.00,25347.00
20222023,034,FAYETTE,165,Fayette County,079,Fayette County Preschool Center,165079,034165079,210186002337,CKEC,901,A4,0,,,,,,,
20222023,034,FAYETTE,165,Fayette County,080,Picadome Elementary School,165080,034165080,210186000376,CKEC,901,A1,414,1168.00,700.00,1867.00,15832.00,2913.00,18745.00,23577.00
20222023,034,FAYETTE,165,Fayette County,081,Southern Elementary School,165081,034165081,210186000377,CKEC,901,A1,500,1437.00,655.00,2092.00,15395.00,2843.00,18238.00,23141.00
20222023,034,FAYETTE,165,Fayette County,082,Squires Elementary School,165082,034165082,210186001584,CKEC,901,A1,413,1254.00,721.00,1975.00,17402.00,2832.00,20234.00,25032.00
20222023,034,FAYETTE,165,Fayette County,085,Stonewall Elementary School,165085,034165085,210186000378,CKEC,901,A1,642,667.00,606.00,1273.00,14355.00,2706.00,17061.00,20984.00
20222023,034,FAYETTE,165,Fayette County,090,Russell Cave Elementary School,165090,034165090,210186000380,CKEC,901,A1,216,1284.00,921.00,2205.00,19954.00,3135.00,23089.00,28204.00
20222023,034,FAYETTE,165,Fayette County,095,Tates Creek Elementary School,165095,034165095,210186000381,CKEC,901,A1,624,1388.00,898.00,2286.00,15136.00,2887.00,18023.00,23204.00
20222023,034,FAYETTE,165,Fayette County,098,Coventry Oak Elementary,165098,034165098,210186002433,CKEC,901,A1,657,1286.00,822.00,2108.00,14364.00,2804.00,17167.00,22718.00
20222023,034,FAYETTE,165,Fayette County,099,Garrett Morgan Elementary,165099,034165099,210186002435,CKEC,901,A1,774,491.00,850.00,1340.00,13555.00,2659.00,16213.00,20363.00
20222023,034,FAYETTE,165,Fayette County,100,Tates Creek Middle School,165100,034165100,210186000382,CKEC,901,A1,753,1024.00,860.00,1885.00,14652.00,2810.00,17462.00,22110.00
20222023,034,FAYETTE,165,Fayette County,105,Tates Creek High School,165105,034165105,210186000383,CKEC,901,A1,1695,964.00,704.00,1668.00,13136.00,2917.00,16054.00,26924.00
20222023,034,FAYETTE,165,Fayette County,106,Rise STEM Academy for Girls,165106,034165106,210186002513,CKEC,901,A5,218,,,,,,,
20222023,034,FAYETTE,165,Fayette County,120,Clays Mill Elementary School,165120,034165120,210186000384,CKEC,901,A1,531,1565.00,714.00,2278.00,15408.00,2725.00,18134.00,22137.00
20222023,034,FAYETTE,165,Fayette County,125,Frederick Douglass High School,165125,034165125,210186002459,CKEC,901,A1,1639,549.00,678.00,1227.00,13119.00,2959.00,16078.00,20004.00
20222023,034,FAYETTE,165,Fayette County,130,STEAM Academy,165130,034165130,210186002341,CKEC,901,A5,386,,,,,,,
20222023,034,FAYETTE,165,Fayette County,133,Success Academy,165133,034165133,210186002463,CKEC,901,A5,321,,,,,,,
20222023,034,FAYETTE,165,Fayette County,140,Yates Elementary School,165140,034165140,210186000385,CKEC,901,A1,300,1823.00,1089.00,2912.00,17197.00,2882.00,20080.00,25873.00
20222023,034,FAYETTE,165,Fayette County,150,Glendover Elementary School,165150,034165150,210186000386,CKEC,901,A1,429,977.00,731.00,1708.00,17453.00,2807.00,20261.00,24830.00
20222023,034,FAYETTE,165,Fayette County,160,Meadowthorpe Elementary School,165160,034165160,210186000387,CKEC,901,A1,453,807.00,734.00,1541.00,15150.00,2784.00,17934.00,22124.00
20222023,034,FAYETTE,165,Fayette County,170,Bryan Station High School,165170,034165170,210186000388,CKEC,901,A1,1826,1038.00,794.00,1832.00,13309.00,3010.00,16319.00,20851.00
20222023,034,FAYETTE,165,Fayette County,180,Mary Todd Elementary School,165180,034165180,210186000389,CKEC,901,A1,365,1849.00,997.00,2846.00,17955.00,2883.00,20838.00,26615.00
20222023,034,FAYETTE,165,Fayette County,190,James Lane Allen Elementary School,165190,034165190,210186000390,CKEC,901,A1,393,1912.00,776.00,2688.00,17891.00,2896.00,20787.00,26292.00
20222023,034,FAYETTE,165,Fayette County,200,Paul Laurence Dunbar High School,165200,034165200,210186001669,CKEC,901,A1,1893,533.00,706.00,1239.00,13084.00,3041.00,16126.00,20068.00
20222023,034,FAYETTE,165,Fayette County,225,Jessie M Clark Middle School,165225,034165225,210186000391,CKEC,901,A1,1055,519.00,717.00,1237.00,13987.00,2708.00,16695.00,20713.00
20222023,034,FAYETTE,165,Fayette County,240,Cardinal Valley Elementary School,165240,034165240,210186000392,CKEC,901,A1,564,1856.00,1017.00,2873.00,15365.00,2933.00,18298.00,23999.00
20222023,034,FAYETTE,165,Fayette County,245,Winburn Middle School,165245,034165245,210186000393,CKEC,901,A1,811,979.00,767.00,1746.00,14789.00,2709.00,17498.00,22003.00
20222023,034,FAYETTE,165,Fayette County,255,Millcreek Elementary School,165255,034165255,210186001419,CKEC,901,A1,485,1022.00,1134.00,2155.00,15295.00,2920.00,18215.00,23213.00
20222023,034,FAYETTE,165,Fayette County,270,George Washington Carver STEM Academy,165270,034165270,210186002525,CKEC,901,A5,94,,,,,,,
20222023,034,FAYETTE,165,Fayette County,275,Carter G. Woodson Academy,165275,034165275,210186002323,CKEC,901,A5,283,,,,,,,
20222023,034,FAYETTE,165,Fayette County,525,Southern Middle School,165525,034165525,210186000394,CKEC,901,A1,771,670.00,919.00,1590.00,14497.00,2932.00,17429.00,21779.00
20222023,034,FAYETTE,165,Fayette County,531,Brenda Cowan Elementary,165531,034165531,210186002486,CKEC,901,A1,506,1019.00,672.00,1692.00,15402.00,2860.00,18262.00,22603.00
20222023,034,FAYETTE,165,Fayette County,620,Julius Marks Elementary School,165620,034165620,210186000395,CKEC,901,A1,449,1164.00,951.00,2116.00,16210.00,2995.00,19205.00,23970.00
20222023,034,FAYETTE,165,Fayette County,645,FCPS Virtual Academy,165645,034165645,210186002506,CKEC,901,A5,,,,,,,,
20222023,034,FAYETTE,165,Fayette County,651,Audrey Grevious Center,165651,034165651,210186001480,CKEC,901,A6,17,,,,,,,
20222023,034,FAYETTE,165,Fayette County,887,Fayette Pre-School,165887,034165887,210186002263,CKEC,901,A4,0,,,,,,,
20222023,034,FAYETTE,165,Fayette County,898,Fayette County Learning Center,165898,034165898,210186002251,CKEC,901,A5,182,,,,,,,
20222023,034,FAYETTE,165,Fayette County,899,Opportunity Middle College,165899,034165899,210186002242,CKEC,901,A5,76,,,,,,,
20222023,034,FAYETTE,165,Fayette County,904,Southside Technical Center,165904,034165904,210186001563,CKEC,901,A2,,,,,,,,
20222023,034,FAYETTE,165,Fayette County,905,Eastside Technical Center,165905,034165905,210186001564,CKEC,901,A2,,,,,,,,
20222023,035,FLEMING,171,Fleming County,"",---District Total---,171,"","",KEDC,903,"",2118,1914,1186,3101,8786,2714,11500,16157
20222023,035,FLEMING,171,Fleming County,020,Ewing Elementary School,171020,035171020,210192000396,KEDC,903,A1,325,2745,1039,3784,7168,2774,9942,13726
20222023,035,FLEMING,171,Fleming County,030,Simons Middle School,171030,035171030,210192000397,KEDC,903,A1,325,2840,1030,3870,9425,3329,12754,16624
20222023,035,FLEMING,171,Fleming County,035,Fleming County High School,171035,035171035,210192000398,KEDC,903,A1,646,3342,1425,4767,6460,3318,9777,14544
20222023,035,FLEMING,171,Fleming County,040,Flemingsburg Elementary School,171040,035171040,210192000399,KEDC,903,A1,513,3354,1166,4520,8450,2562,11011,15532
20222023,035,FLEMING,171,Fleming County,050,E P Ward Elementary School,171050,035171050,210192000400,KEDC,903,A1,165,2802,1013,3815,10427,2879,13305,17121
20222023,035,FLEMING,171,Fleming County,060,Hillsboro Elementary School,171060,035171060,210192000401,KEDC,903,A1,144,3927,1448,5375,7640,3042,10682,16057
20222023,036,FLOYD,175,Floyd County,"",---District Total---,175,"","",KVEC,904,"",5249,2871,1343,4214,9554,2446,12000,18044
20222023,036,FLOYD,175,Floyd County,010,Duff-Allen Central Elementary,175010,036175010,210195002452,KVEC,904,A1,414,3165,1732,4897,10691,2450,13141,18038
20222023,036,FLOYD,175,Floyd County,019,Prestonsburg Elementary School,175019,036175019,210195002210,KVEC,904,A1,608,2627,1162,3789,8038,1853,9891,13680
20222023,036,FLOYD,175,Floyd County,020,Allen Elementary School,175020,036175020,210195000403,KVEC,904,A1,456,2579,1549,4128,9049,2059,11108,15236
20222023,036,FLOYD,175,Floyd County,021,May Valley Elementary School,175021,036175021,210195001426,KVEC,904,A1,400,2836,1277,4113,9020,2420,11440,15553
20222023,036,FLOYD,175,Floyd County,030,South Floyd Elementary School,175030,036175030,210195002446,KVEC,904,A1,583,2816,1222,4038,8835,2250,11085,15123
20222023,036,FLOYD,175,Floyd County,050,Renaissance Learning Center,175050,036175050,210195001004,KVEC,904,A5,,,,,,,,
20222023,036,FLOYD,175,Floyd County,110,Betsy Layne High School,175110,036175110,210195000406,KVEC,904,A1,437,2660,1064,3724,8773,2914,11687,15411
20222023,036,FLOYD,175,Floyd County,115,Floyd Central High School,175115,036175115,210195002450,KVEC,904,A1,632,2590,1210,3800,8642,2544,11186,14986
20222023,036,FLOYD,175,Floyd County,120,Betsy Layne Elementary School,175120,036175120,210195000407,KVEC,904,A1,579,2922,986,3908,8913,2310,11223,15131
20222023,036,FLOYD,175,Floyd County,440,James D. Adams Middle School,175440,036175440,210195001670,KVEC,904,A1,317,2152,1441,3593,8773,2293,11066,14659
20222023,036,FLOYD,175,Floyd County,485,John M. Stumbo Elementary School,175485,036175485,210195000415,KVEC,904,A1,254,3483,1382,4865,10274,2212,12486,17351
20222023,036,FLOYD,175,Floyd County,850,Prestonsburg High School,175850,036175850,210195000423,KVEC,904,A1,560,2287,1059,3346,8181,2281,10462,13808
20222023,019,CAMPBELL,176,Fort Thomas Independent,"",---District Total---,176,"","",NKCES,905,"",3077,273,243,516,10824,2278,13102,16695
20222023,019,CAMPBELL,176,Fort Thomas Independent,010,Highlands High School,176010,019176010,210204000428,NKCES,905,A1,1008,197,253,450,10349,3371,13720,14219
20222023,019,CAMPBELL,176,Fort Thomas Independent,011,Highlands Middle School,176011,019176011,210204001400,NKCES,905,A1,730,179,236,414,10364,1710,12074,12489
20222023,019,CAMPBELL,176,Fort Thomas Independent,020,Johnson Elementary School,176020,019176020,210204000429,NKCES,905,A1,429,249,236,485,10952,1817,12769,13254
20222023,019,CAMPBELL,176,Fort Thomas Independent,030,Moyer Elementary School,176030,019176030,210204000430,NKCES,905,A1,500,261,236,497,11348,1799,13147,13643
20222023,019,CAMPBELL,176,Fort Thomas Independent,040,Woodfill Elementary School,176040,019176040,210204000431,NKCES,905,A1,410,669,236,905,11913,1670,13583,14488
20222023,037,FRANKLIN,177,Frankfort Independent,"",---District Total---,177,"","",CKEC,901,"",892,1794,307,2100,10485,2775,13260,16760
20222023,037,FRANKLIN,177,Frankfort Independent,040,Frankfort Early Learning Academy,177040,037177040,210198002334,CKEC,901,A4,0,,,,,,,
20222023,037,FRANKLIN,177,Frankfort Independent,050,Second Street School,177050,037177050,210198000432,CKEC,901,A1,570,1153,257,1410,10284,2400,12506,15221
20222023,037,FRANKLIN,177,Frankfort Independent,070,Frankfort High School,177070,037177070,210198000433,CKEC,901,A1,304,3022,389,3411,10847,3892,14561,19278
20222023,037,FRANKLIN,177,Frankfort Independent,080,Panther Transition Academy,177080,037177080,210198001524,CKEC,901,A5,18,,,,,,,
20222023,037,FRANKLIN,181,Franklin County,"",---District Total---,181,"","",OVEC,906,"",5847,1352,444,1796,11705,2356,14060,17862
20222023,037,FRANKLIN,181,Franklin County,011,The Academy,181011,037181011,210201001917,OVEC,906,A6,50,,,,,,,
20222023,037,FRANKLIN,181,Franklin County,012,Franklin County Career and Technical Ctr,181012,037181012,210201002055,OVEC,906,A2,,,,,,,,
20222023,037,FRANKLIN,181,Franklin County,013,Westridge Elementary,181013,037181013,210201001989,OVEC,906,A1,334,1944,608,2552,13905,2517,16423,18976
20222023,037,FRANKLIN,181,Franklin County,014,Bridgeport Elementary School,181014,037181014,210201001990,OVEC,906,A1,376,2132,706,2838,12756,2254,15011,17850
20222023,037,FRANKLIN,181,Franklin County,015,Bondurant Middle School,181015,037181015,210201000435,OVEC,906,A1,641,850,300,1150,11319,2243,13562,14713
20222023,037,FRANKLIN,181,Franklin County,016,Early Learning Village,181016,037181016,210201002219,OVEC,906,A1,253,1834,473,2307,12814,2187,15001,17309
20222023,037,FRANKLIN,181,Franklin County,025,Collins Lane,181025,037181025,210201000437,OVEC,906,A1,484,1560,585,2146,11500,2158,13659,15805
20222023,037,FRANKLIN,181,Franklin County,030,Elkhorn Middle School,181030,037181030,210201000438,OVEC,906,A1,729,974,301,1276,11202,2152,13354,14613
20222023,037,FRANKLIN,181,Franklin County,035,Elkhorn Elementary School,181035,037181035,210201000439,OVEC,906,A1,399,1932,578,2510,11077,2399,13477,15987
20222023,037,FRANKLIN,181,Franklin County,040,Franklin County High School,181040,037181040,210201000440,OVEC,906,A1,911,858,331,1190,11976,2455,14432,15619
20222023,037,FRANKLIN,181,Franklin County,045,Hearn Elementary,181045,037181045,210201000441,OVEC,906,A1,399,2061,659,2721,12584,2418,15003,17725
20222023,037,FRANKLIN,181,Franklin County,050,Peaks Mill Elementary,181050,037181050,210201000442,OVEC,906,A1,408,2134,598,2732,12254,2484,14739,17472
20222023,037,FRANKLIN,181,Franklin County,070,Western Hills High School,181070,037181070,210201001420,OVEC,906,A1,800,803,252,1056,11170,2386,13557,14613
20222023,037,FRANKLIN,181,Franklin County,072,William Cofield High School,181072,037181072,210201002471,OVEC,906,A5,35,,,,,,,
20222023,037,FRANKLIN,181,Franklin County,075,Future Forward Education & Career Center,181075,037181075,210201002518,OVEC,906,A6,28,,,,,,,
20222023,038,FULTON,185,Fulton County,"",---District Total---,185,"","",WKEC,908,"",581,2628,942,3569,9397,3741,13138,21172
20222023,038,FULTON,185,Fulton County,015,Fulton County Middle School,185015,038185015,210210002480,WKEC,908,A1,132,5136,581,5717,9417,3193,12610,18327
20222023,038,FULTON,185,Fulton County,020,Fulton County Elementary,185020,038185020,210210002113,WKEC,908,A1,272,4332,862,5194,10937,4272,15209,20403
20222023,038,FULTON,185,Fulton County,030,Fulton County High School,185030,038185030,210210000445,WKEC,908,A1,177,4970,1032,6002,11193,4928,16121,22123
20222023,038,FULTON,186,Fulton Independent,"",---District Total---,186,"","",WKEC,908,"",284,4908,2249,7157,15643,4755,20399,31714
20222023,038,FULTON,186,Fulton Independent,018,Fulton Independent School,186018,038186018,210207002205,WKEC,908,A1,284,3082,2074,5156,11371,3120,14491,20324
20222023,039,GALLATIN,191,Gallatin County,"",---District Total---,191,"","",OVEC,906,"",1412,1186,256,1441,10329,2813,13143,18693
20222023,039,GALLATIN,191,Gallatin County,005,Gallatin County Middle School,191005,039191005,210213001609,OVEC,906,A1,318,1021,213,1234,10073,3206,11831,18402
20222023,039,GALLATIN,191,Gallatin County,006,Gallatin County Upper Elementary,191006,039191006,210213001850,OVEC,906,A1,295,1352,270,1621,10126,1915,13653,17551
20222023,039,GALLATIN,191,Gallatin County,010,Gallatin County Lower Elementary,191010,039191010,210213000450,OVEC,906,A1,302,1218,278,1495,12275,3031,15330,20690
20222023,039,GALLATIN,191,Gallatin County,020,Gallatin County High School,191020,039191020,210213000451,OVEC,906,A1,497,1173,262,1435,9431,2895,12351,17650
20222023,040,GARRARD,195,Garrard County,"",---District Total---,195,"","",SESC,907,"",2466,1119,994,2113,9944,2814,12758,17064
20222023,040,GARRARD,195,Garrard County,050,Camp Dick Robinson Elementary School,195050,040195050,210216000454,SESC,907,A1,442,1611,1518,3129,9267,2390,11657,16021
20222023,040,GARRARD,195,Garrard County,060,Garrard County High School,195060,040195060,210216000455,SESC,907,A1,776,1431,639,2071,8497,3231,11728,17941
20222023,040,GARRARD,195,Garrard County,070,Garrard Middle School,195070,040195070,210216001672,SESC,907,A1,560,751,510,1260,10429,2453,12881,15463
20222023,040,GARRARD,195,Garrard County,090,Paint Lick Elementary School,195090,040195090,210216000456,SESC,907,A1,278,2351,2251,4602,10720,2428,13148,19079
20222023,040,GARRARD,195,Garrard County,220,Lancaster Elementary School,195220,040195220,210216000457,SESC,907,A1,410,2522,1558,4081,9367,2587,11953,17350
20222023,005,BARREN,197,Glasgow Independent,"",---District Total---,197,"","",GRREC,902,"",2283,1510,535,2046,10089,2942,13031,23002
20222023,005,BARREN,197,Glasgow Independent,002,Success Academy,197002,005197002,210222002215,GRREC,902,A5,106,,,,,,,
20222023,005,BARREN,197,Glasgow Independent,013,Highland Elementary School,197013,005197013,210222001991,GRREC,902,A1,636,1574,438,2012,10300,2684,12984,20270
20222023,005,BARREN,197,Glasgow Independent,015,Happy Valley Learning Center,197015,005197015,210222002101,GRREC,902,A5,17,,,,,,,
20222023,005,BARREN,197,Glasgow Independent,030,Glasgow High School,197030,005197030,210222000461,GRREC,902,A1,540,1202,447,1648,11052,4207,15259,22516
20222023,005,BARREN,197,Glasgow Independent,035,Glasgow Middle School,197035,005197035,210222000402,GRREC,902,A1,521,1326,513,1839,10477,3171,13648,20935
20222023,005,BARREN,197,Glasgow Independent,065,South Green Elementary School,197065,005197065,210222001565,GRREC,902,A1,463,1358,600,1958,10843,2692,13535,20835
20222023,041,GRANT,201,Grant County,"",---District Total---,201,"","",OVEC,906,"",3297,1541,634,2175,9609,2515,12124,16278
20222023,041,GRANT,201,Grant County,016,Sherman Elementary,201016,041201016,210225002201,OVEC,906,A1,397,1529,484,1921,10794,3586,14380,16304
20222023,041,GRANT,201,Grant County,020,Crittenden-Mt. Zion Elementary,201020,041201020,210225000465,OVEC,906,A1,405,1829,611,2349,11205,2561,13765,16115
20222023,041,GRANT,201,Grant County,030,Dry Ridge Elementary,201030,041201030,210225000466,OVEC,906,A1,393,2107,589,2605,11661,2874,14535,17139
20222023,041,GRANT,201,Grant County,040,Grant County High School,201040,041201040,210225000467,OVEC,906,A1,1049,944,695,1547,10463,2999,13462,15009
20222023,041,GRANT,201,Grant County,050,Mason-Corinth Elementary,201050,041201050,210225001701,OVEC,906,A1,272,2029,836,2774,12073,3023,15096,17870
20222023,041,GRANT,201,Grant County,080,Grant County Middle School,201080,041201080,210225000469,OVEC,906,A1,781,1745,454,2107,9700,2236,12036,14143
20222023,042,GRAVES,205,Graves County,"",---District Total---,205,"","",WKEC,908,"",3745,968,1098,2066,10245,1747,11992,16611
20222023,042,GRAVES,205,Graves County,011,Mayfield Youth Development Center,205011,042205011,210228001754,WKEC,908,A6,13,,,,,,,
20222023,042,GRAVES,205,Graves County,012,Gateway Academy High School,205012,042205012,210228001924,WKEC,908,A5,32,,,,,,,
20222023,042,GRAVES,205,Graves County,013,Graves County Central Elementary,205013,042205013,210228001992,WKEC,908,A1,431,1030,1148,2178,11305,2307,13612,15790
20222023,042,GRAVES,205,Graves County,040,Fancy Farm Elementary School,205040,042205040,210228000471,WKEC,908,A1,285,1149,1104,2252,11837,2316,14153,16405
20222023,042,GRAVES,205,Graves County,060,Farmington Elementary School,205060,042205060,210228000473,WKEC,908,A1,249,1088,1017,2105,12076,2230,14306,16411
20222023,042,GRAVES,205,Graves County,100,Graves County Middle School,205100,042205100,210228001436,WKEC,908,A1,623,767,1098,1864,9208,2476,11685,13549
20222023,042,GRAVES,205,Graves County,150,Sedalia Elementary School,205150,042205150,210228000477,WKEC,908,A1,339,1303,1072,2375,9899,2089,11988,14363
20222023,042,GRAVES,205,Graves County,170,Symsonia Elementary School,205170,042205170,210228000479,WKEC,908,A1,345,983,1053,2036,10560,2103,12663,14700
20222023,042,GRAVES,205,Graves County,200,Wingo Elementary School,205200,042205200,210228000481,WKEC,908,A1,374,1263,1125,2388,10923,2209,13132,15520
20222023,042,GRAVES,205,Graves County,215,Graves County High School,205215,042205215,210228001490,WKEC,908,A1,1054,559,1361,1920,10988,3533,14521,16442
20222023,043,GRAYSON,211,Grayson County,"",---District Total---,211,"","",GRREC,902,"",3869,1491,659,2150,9364,2048,11412,17196
20222023,043,GRAYSON,211,Grayson County,005,Grayson County Schools Preschool Center,211005,043211005,210230002526,GRREC,902,A4,0,,,,,,,
20222023,043,GRAYSON,211,Grayson County,010,H W Wilkey Elementary School,211010,043211010,210230000483,GRREC,902,A1,450,2388,1033,3421,19481,2892,22373,25794
20222023,043,GRAYSON,211,Grayson County,030,Caneyville Elementary School,211030,043211030,210230000484,GRREC,902,A1,353,2212,1359,3571,20221,3130,23351,26922
20222023,043,GRAYSON,211,Grayson County,050,Oran P Lawler Elementary School,211050,043211050,210230001702,GRREC,902,A1,404,2335,935,3270,19202,2882,22084,25354
20222023,043,GRAYSON,211,Grayson County,080,Clarkson Elementary School,211080,043211080,210230000485,GRREC,902,A1,549,2449,1012,3461,19877,2928,22805,26266
20222023,043,GRAYSON,211,Grayson County,085,Grayson County High School,211085,043211085,210230000486,GRREC,902,A1,1272,2289,821,3110,18368,3673,22041,25151
20222023,043,GRAYSON,211,Grayson County,095,Grayson County Middle School,211095,043211095,210230000487,GRREC,902,A1,841,3478,887,4365,19121,2919,22040,26405
20222023,043,GRAYSON,211,Grayson County,220,Grayson Co. Alternative Education,211220,043211220,210230001852,GRREC,902,A5,,,,,,,,
20222023,043,GRAYSON,211,Grayson County,908,Grayson County Area Vocational Ed Center,211908,043211908,210230002381,GRREC,902,A2,,,,,,,,
20222023,044,GREEN,215,Green County,"",---District Total---,215,"","",GRREC,902,"",1591,1197,488,1685,11062,2698,13760,23148
20222023,044,GREEN,215,Green County,030,Green County Primary School,215030,044215030,210234002244,GRREC,902,A1,386,1243,338,1581,10074,2588,12662,14243
20222023,044,GREEN,215,Green County,040,Green County Intermediate School,215040,044215040,210234002257,GRREC,902,A1,347,1429,491,1920,10014,2595,12609,14529
20222023,044,GREEN,215,Green County,055,Green County Middle School,215055,044215055,210234001526,GRREC,902,A1,395,1085,439,1524,9492,2457,11949,13473
20222023,044,GREEN,215,Green County,065,Green County High School,215065,044215065,210234000490,GRREC,902,A1,463,885,598,1483,12424,2664,15088,16571
20222023,044,GREEN,215,Green County,119,Green County ATC,215119,044215119,"",GRREC,902,A2,,,,,,,,
20222023,045,GREENUP,221,Greenup County,"",---District Total---,221,"","",KEDC,903,"",2516,1165,701,1866,10847,2276,13122,17008
20222023,045,GREENUP,221,Greenup County,010,Argillite Elementary School,221010,045221010,210240000493,KEDC,903,A1,186,2297,730,2252,17627,3131,19807,20758
20222023,045,GREENUP,221,Greenup County,024,Wurtland Middle School,221024,045221024,210240001610,KEDC,903,A1,242,2923,915,3066,18446,3570,21037,22017
20222023,045,GREENUP,221,Greenup County,027,Greenup County High School,221027,045221027,210240000496,KEDC,903,A1,851,1536,711,1543,14053,2779,15734,16832
20222023,045,GREENUP,221,Greenup County,040,Greysbranch Elementary School,221040,045221040,210240000497,KEDC,903,A1,284,2297,797,2547,16560,3108,15070,19669
20222023,045,GREENUP,221,Greenup County,060,Mckell Elementary School,221060,045221060,210240000499,KEDC,903,A1,420,2302,873,2502,16061,2871,17849,18967
20222023,045,GREENUP,221,Greenup County,105,Mckell Middle School,221105,045221105,210240001611,KEDC,903,A1,360,1994,807,2029,14164,2982,17147,17849
20222023,045,GREENUP,221,Greenup County,110,Wurtland Elementary School,221110,045221110,210240000504,KEDC,903,A1,173,2408,790,2485,18799,3195,20815,21994
20222023,046,HANCOCK,225,Hancock County,"",---District Total---,225,"","",GRREC,902,"",1470,1019,598,1617,12105,4195,16300,19665
20222023,046,HANCOCK,225,Hancock County,005,Hancock County High School,225005,046225005,210246000507,GRREC,902,A1,468,725,339,1064,12651,5141,17792,16046
20222023,046,HANCOCK,225,Hancock County,006,North Hancock Elementary School,225006,046225006,210246001993,GRREC,902,A1,432,1081,1000,2080,13117,4994,18111,17351
20222023,046,HANCOCK,225,Hancock County,007,Hancock County Middle School,225007,046225007,210246000508,GRREC,902,A1,333,865,293,1156,13121,4088,17209,16421
20222023,046,HANCOCK,225,Hancock County,015,Hancock County Alternative Program,225015,046225015,"",GRREC,902,A5,23,,,,,,,
20222023,046,HANCOCK,225,Hancock County,070,South Hancock Elementary School,225070,046225070,210246000511,GRREC,902,A1,214,1869,877,2746,14571,4933,19504,18854
20222023,047,HARDIN,231,Hardin County,"",---District Total---,231,"","",GRREC,902,"",13964,1085,1171,2257,10484,1797,12280,17454
20222023,047,HARDIN,231,Hardin County,005,East Hardin Middle School,231005,047231005,210249000512,GRREC,902,A1,771,1832,1399,3231,18986,4285,23271,26502
20222023,047,HARDIN,231,Hardin County,008,Woodland Elementary School,231008,047231008,210249001471,GRREC,902,A1,534,2182,2383,4565,19808,5013,24821,29386
20222023,047,HARDIN,231,Hardin County,013,John Hardin High School,231013,047231013,210249001910,GRREC,902,A1,739,2311,1531,3842,23019,5781,28800,32643
20222023,047,HARDIN,231,Hardin County,014,Lakewood Elementary School,231014,047231014,210249001963,GRREC,902,A1,422,2204,1516,3720,21454,5040,26494,30214
20222023,047,HARDIN,231,Hardin County,015,Bluegrass Middle School,231015,047231015,210249001673,GRREC,902,A1,572,2196,1757,4198,23715,5123,26999,36785
20222023,047,HARDIN,231,Hardin County,017,Creekside Elementary School,231017,047231017,210249001994,GRREC,902,A1,374,2396,1802,4198,22231,4768,26999,31197
20222023,047,HARDIN,231,Hardin County,018,Heartland Elementary School,231018,047231018,210249002209,GRREC,902,A1,513,2090,1557,3647,20777,4271,25047,28694
20222023,047,HARDIN,231,Hardin County,020,G C Burkhead Elementary School,231020,047231020,210249000513,GRREC,902,A1,766,1849,1387,3236,20098,3886,23984,27220
20222023,047,HARDIN,231,Hardin County,021,North Park Elementary School,231021,047231021,210249002297,GRREC,902,A1,371,3114,1461,4575,25724,4483,30207,34782
20222023,047,HARDIN,231,Hardin County,025,College View Campus,231025,047231025,210249002439,GRREC,902,A5,403,,,,,,,
20222023,047,HARDIN,231,Hardin County,030,Cecilia Valley Elementary School,231030,047231030,210249000514,GRREC,902,A1,360,3441,1578,5019,23182,4334,27516,32535
20222023,047,HARDIN,231,Hardin County,040,New Highland Elementary School,231040,047231040,210249001446,GRREC,902,A1,480,2685,1470,4155,21109,4127,25236,29391
20222023,047,HARDIN,231,Hardin County,050,Lincoln Trail Elementary School,231050,047231050,210249000515,GRREC,902,A1,514,2343,1549,3893,20898,4295,25192,29085
20222023,047,HARDIN,231,Hardin County,070,Early College and Career Center,231070,047231070,210249002373,GRREC,902,A2,,,,,,,,
20222023,047,HARDIN,231,Hardin County,075,North Hardin High School,231075,047231075,210249000517,GRREC,902,A1,1589,1529,1451,2979,18999,4800,23799,26778
20222023,047,HARDIN,231,Hardin County,077,James T Alton Middle School,231077,047231077,210249000518,GRREC,902,A1,660,1805,1468,3273,19256,4238,23494,26767
20222023,047,HARDIN,231,Hardin County,079,Radcliff Elementary School,231079,047231079,210249000519,GRREC,902,A1,413,2629,1521,4150,20927,4452,25379,29529
20222023,047,HARDIN,231,Hardin County,080,North Middle School,231080,047231080,210249000520,GRREC,902,A1,562,2181,1535,3717,19958,4152,24110,27826
20222023,047,HARDIN,231,Hardin County,090,Rineyville Elementary School,231090,047231090,210249000521,GRREC,902,A1,496,2004,1464,3468,21654,5240,26894,30362
20222023,047,HARDIN,231,Hardin County,165,Vine Grove Elementary School,231165,047231165,210249000524,GRREC,902,A1,500,1979,1425,3404,19297,4085,23381,26786
20222023,047,HARDIN,231,Hardin County,168,West Hardin Middle School,231168,047231168,210249000525,GRREC,902,A1,515,1522,1464,2986,20075,4203,24278,27264
20222023,047,HARDIN,231,Hardin County,180,Hardin County Day Treatment Center,231180,047231180,210249000656,GRREC,902,A6,15,,,,,,,
20222023,047,HARDIN,231,Hardin County,190,Central Hardin High School,231190,047231190,210249000528,GRREC,902,A1,1854,1509,1453,2961,18879,4630,23509,26471
20222023,047,HARDIN,231,Hardin County,210,Meadow View Elementary School,231210,047231210,210249001566,GRREC,902,A1,493,2328,1761,4089,20251,4384,24365,28724
20222023,047,HARDIN,231,Hardin County,979,Lincoln Trail Behavioral Health Systems,231979,047231979,210249002249,GRREC,902,A6,48,,,,,,,
20222023,047,HARDIN,231,Hardin County,982,Spectrum Care Academy,231982,047231982,210249002248,GRREC,902,A5,,,,,,,,
20222023,048,HARLAN,235,Harlan County,"",---District Total---,235,"","",SESC,907,"",3268,2769,767,3536,10239,2843,13082,18622
20222023,048,HARLAN,235,Harlan County,025,Harlan County High School,235025,048235025,210254002213,SESC,907,A1,936,2058,900,2958,9160,3147,12307,16883
20222023,048,HARLAN,235,Harlan County,060,Black Mountain Elementary School,235060,048235060,210254000532,SESC,907,A1,258,3412,663,4075,10917,3029,13946,20250
20222023,048,HARLAN,235,Harlan County,110,Cawood Elementary School,235110,048235110,210254000534,SESC,907,A1,201,3127,958,4085,11946,2752,14698,20914
20222023,048,HARLAN,235,Harlan County,195,Cumberland Elementary School,235195,048235195,210254000091,SESC,907,A1,438,3030,749,3779,9782,2672,12454,17840
20222023,048,HARLAN,235,Harlan County,290,Evarts Elementary School,235290,048235290,210254000539,SESC,907,A1,313,2938,695,3633,10596,2659,13255,18511
20222023,048,HARLAN,235,Harlan County,325,Green Hills Elementary School,235325,048235325,210254000540,SESC,907,A1,116,3583,693,4276,14409,3255,17664,23331
20222023,048,HARLAN,235,Harlan County,340,James A. Cawood Elementary,235340,048235340,210254000541,SESC,907,A1,294,3660,659,4319,10846,2826,13672,20836
20222023,048,HARLAN,235,Harlan County,540,Rosspoint Elementary School,235540,048235540,210254000545,SESC,907,A1,360,2493,676,3169,10049,2536,12585,18798
20222023,048,HARLAN,235,Harlan County,640,Wallins Elementary School,235640,048235640,210254000549,SESC,907,A1,352,2780,672,3452,10206,2519,12725,18238
20222023,048,HARLAN,236,Harlan Independent,"",---District Total---,236,"","",SESC,907,"",721,1609,1157,2766,9435,2038,11473,17832
20222023,048,HARLAN,236,Harlan Independent,020,Harlan Elementary School,236020,048236020,210252000551,SESC,907,A1,345,3159,1692,4851,15574,2511,18085,25894
20222023,048,HARLAN,236,Harlan Independent,021,Sunshine School,236021,048236021,210252002046,SESC,907,A4,0,,,,,,,
20222023,048,HARLAN,236,Harlan Independent,030,Harlan High School,236030,048236030,210252000552,SESC,907,A1,376,3112,1909,5020,17266,3063,20330,27617
20222023,049,HARRISON,241,Harrison County,"",---District Total---,241,"","",CKEC,901,"",2774,1014,893,1907,9797,1887,11684,15788
20222023,049,HARRISON,241,Harrison County,035,Eastside Elementary School,241035,049241035,210258000553,CKEC,901,A1,379,1464,863,2327,11278,2257,13535,14292
20222023,049,HARRISON,241,Harrison County,037,Harrison County Learning Center,241037,049241037,210258001995,CKEC,901,A5,38,,,,,,,
20222023,049,HARRISON,241,Harrison County,038,Southside Elementary School,241038,049241038,210258000554,CKEC,901,A1,327,1480,1006,2486,11563,2507,14071,14848
20222023,049,HARRISON,241,Harrison County,040,Harrison County High School,241040,049241040,210258000555,CKEC,901,A1,841,478,806,1284,9459,3006,12468,18223
20222023,049,HARRISON,241,Harrison County,043,Harrison County Middle School,241043,049241043,210258000556,CKEC,901,A1,614,463,847,1310,10108,2277,12386,13192
20222023,049,HARRISON,241,Harrison County,045,Northside Elementary School,241045,049241045,210258000557,CKEC,901,A1,267,1812,1038,2849,13089,2800,15890,16706
20222023,049,HARRISON,241,Harrison County,075,Westside Elementary School,241075,049241075,210258000558,CKEC,901,A1,308,1906,984,2890,12715,2349,15064,15830
20222023,050,HART,245,Hart County,"",---District Total---,245,"","",GRREC,902,"",2190,1131,545,1675,11272,3030,14302,20750
20222023,050,HART,245,Hart County,010,Bonnieville Elementary School,245010,050245010,210264000562,GRREC,902,A1,299,1741,484,1716,8126,2644,11868,13584
20222023,050,HART,245,Hart County,030,Cub Run Elementary School,245030,050245030,210264000563,GRREC,902,A1,193,2162,539,2137,11230,2813,15026,17163
20222023,050,HART,245,Hart County,045,Hart County High School,245045,050245045,210264000564,GRREC,902,A1,649,1492,513,1466,10163,3459,14375,15842
20222023,050,HART,245,Hart County,050,Legrande Elementary School,245050,050245050,210264000565,GRREC,902,A1,277,1879,636,1854,9090,2419,12825,14679
20222023,050,HART,245,Hart County,070,Memorial Elementary School,245070,050245070,210264000566,GRREC,902,A1,337,1501,605,1476,8891,2705,12636,14112
20222023,050,HART,245,Hart County,090,Munfordville Elementary School,245090,050245090,210264000567,GRREC,902,A1,435,862,366,1233,9524,2557,13284,14518
20222023,097,PERRY,246,Hazard Independent,"",---District Total---,246,"","",KVEC,904,"",947,2151,695,2845,10077,3320,13397,17960
20222023,097,PERRY,246,Hazard Independent,010,Hazard High School,246010,097246010,210267000568,KVEC,904,A1,273,2451,413,2864,11580,4705,16285,20861
20222023,097,PERRY,246,Hazard Independent,045,Hazard Middle School,246045,097246045,210267000569,KVEC,904,A1,299,1374,356,1730,8971,2618,11590,15035
20222023,097,PERRY,246,Hazard Independent,060,Roy G. Eversole Elementary School,246060,097246060,210267000570,KVEC,904,A1,375,2551,1169,3720,9864,2872,12736,18182
20222023,051,HENDERSON,251,Henderson County,"",---District Total---,251,"","",WKEC,908,"",6588,1269,262,1531,10649,2275,12924,16010
20222023,051,HENDERSON,251,Henderson County,010,Bend Gate Elementary School,251010,051251010,210271000571,WKEC,908,A1,434,1425,271,1696,10647,2013,12660,15910
20222023,051,HENDERSON,251,Henderson County,015,The Central Academy,251015,051251015,210271002457,WKEC,908,A5,373,,,,,,,
20222023,051,HENDERSON,251,Henderson County,020,Cairo Elementary School,251020,051251020,210271000572,WKEC,908,A1,255,1544,244,1788,11487,2186,13674,17221
20222023,051,HENDERSON,251,Henderson County,030,A B Chandler Elementary School,251030,051251030,210271000573,WKEC,908,A1,275,1228,251,1479,12690,2384,15073,18219
20222023,051,HENDERSON,251,Henderson County,033,East Heights Elementary School,251033,051251033,210271000574,WKEC,908,A1,366,1926,293,2220,10387,2039,12426,16145
20222023,051,HENDERSON,251,Henderson County,060,Henderson County High School,251060,051251060,210271000577,WKEC,908,A1,1860,816,261,1077,10418,2624,13055,15530
20222023,051,HENDERSON,251,Henderson County,065,Henderson County North Middle School,251065,051251065,210271000578,WKEC,908,A1,699,1214,147,1361,9872,2068,11948,14788
20222023,051,HENDERSON,251,Henderson County,070,Niagara Elementary School,251070,051251070,210271000579,WKEC,908,A1,276,961,229,1189,10261,2308,12569,15100
20222023,051,HENDERSON,251,Henderson County,080,Thelma B. Johnson Early Learning Center,251080,051251080,210271002306,WKEC,908,A4,0,,,,,,,
20222023,051,HENDERSON,251,Henderson County,091,South Heights Elementary School,251091,051251091,210271000581,WKEC,908,A1,419,1834,336,2171,11116,1927,13043,16775
20222023,051,HENDERSON,251,Henderson County,110,Spottsville Elementary School,251110,051251110,210271000583,WKEC,908,A1,549,1158,326,1484,10066,1786,11852,14677
20222023,051,HENDERSON,251,Henderson County,150,Henderson County South Middle School,251150,051251150,210271000585,WKEC,908,A1,710,983,131,1114,9647,2034,11681,14269
20222023,051,HENDERSON,251,Henderson County,160,Jefferson Elementary School,251160,051251160,210271000586,WKEC,908,A1,372,1619,301,1920,9988,2275,12263,15524
20222023,052,HENRY,255,Henry County,"",---District Total---,255,"","",OVEC,906,"",1915,981,400,1381,10885,2904,13789,17654
20222023,052,HENRY,255,Henry County,005,Henry County Early Childhood,255005,052255005,210276002418,OVEC,906,A4,0,,,,,,,
20222023,052,HENRY,255,Henry County,010,Campbellsburg Elementary School,255010,052255010,210276000588,OVEC,906,A1,328,1148,413,1574,10235,2899,13421,15000
20222023,052,HENRY,255,Henry County,020,Eastern Elementary School,255020,052255020,210276000589,OVEC,906,A1,180,1163,346,1523,12125,2057,14469,16162
20222023,052,HENRY,255,Henry County,035,Henry County High School,255035,052255035,210276000590,OVEC,906,A1,626,629,321,963,10882,3848,15016,17323
20222023,052,HENRY,255,Henry County,038,Henry County Middle School,255038,052255038,210276000591,OVEC,906,A1,450,752,554,1322,10482,2158,12925,14936
20222023,052,HENRY,255,Henry County,040,New Castle Elementary School,255040,052255040,210276000592,OVEC,906,A1,331,1693,276,1982,10224,2787,13296,15935
20222023,053,HICKMAN,261,Hickman County,"",---District Total---,261,"","",WKEC,908,"",650,1242,1021,2263,10946,3600,14546,18026
20222023,053,HICKMAN,261,Hickman County,020,Hickman County Elementary School,261020,053261020,210279000593,WKEC,908,A1,354,1400,799,2199,8671,2353,11024,14188
20222023,053,HICKMAN,261,Hickman County,050,Hickman County High School,261050,053261050,210279000594,WKEC,908,A1,296,675,1070,1745,11322,4456,15778,18781
20222023,054,HOPKINS,265,Hopkins County,"",---District Total---,265,"","",WKEC,908,"",6089,748,320,1068,10075,2364,12439,16401
20222023,054,HOPKINS,265,Hopkins County,004,Hopkins County Schools Academy,265004,054265004,210286002280,WKEC,908,A5,99,,,,,,,
20222023,054,HOPKINS,265,Hopkins County,005,Hopkins County Day Treatment,265005,054265005,210286001586,WKEC,908,A6,15,,,,,,,
20222023,054,HOPKINS,265,Hopkins County,006,West Hopkins School,265006,054265006,210286001472,WKEC,908,A1,344,919,244,1163,10691,2062,12753,15681
20222023,054,HOPKINS,265,Hopkins County,020,Jesse Stuart Elementary School,265020,054265020,210286000673,WKEC,908,A1,298,739,254,993,8788,1749,10537,13228
20222023,054,HOPKINS,265,Hopkins County,075,James Madison Middle School,265075,054265075,210286000681,WKEC,908,A1,490,663,281,944,8356,1896,10252,12870
20222023,054,HOPKINS,265,Hopkins County,090,Grapevine Elementary School,265090,054265090,210286000598,WKEC,908,A1,325,721,239,960,9164,1784,10948,13614
20222023,054,HOPKINS,265,Hopkins County,105,Hopkins Co Career & Technology Center,265105,054265105,210286002425,WKEC,908,A2,,,,,,,,
20222023,054,HOPKINS,265,Hopkins County,110,Hanson Elementary School,265110,054265110,210286000600,WKEC,908,A1,430,849,113,962,9862,1816,11678,32371
20222023,054,HOPKINS,265,Hopkins County,130,Hopkins County Central High School,265130,054265130,210286001473,WKEC,908,A1,742,579,389,968,11839,2834,14673,17394
20222023,054,HOPKINS,265,Hopkins County,140,Browning Springs Middle School,265140,054265140,210286000601,WKEC,908,A1,485,675,355,1030,8837,1834,10671,13383
20222023,054,HOPKINS,265,Hopkins County,145,Madisonville North Hopkins High School,265145,054265145,210286000602,WKEC,908,A1,1132,492,428,920,9685,2347,12032,14610
20222023,054,HOPKINS,265,Hopkins County,185,South Hopkins Middle School,265185,054265185,210286001499,WKEC,908,A1,369,850,218,1068,10615,2001,12616,15521
20222023,054,HOPKINS,265,Hopkins County,200,Pride Elementary School,265200,054265200,210286000606,WKEC,908,A1,401,899,223,1122,8801,1628,10429,13253
20222023,054,HOPKINS,265,Hopkins County,250,West Broadway Elementary School,265250,054265250,210286000611,WKEC,908,A1,358,720,300,1020,9066,1751,10817,13499
20222023,054,HOPKINS,265,Hopkins County,280,Southside Elementary School,265280,054265280,210286000474,WKEC,908,A1,340,1150,266,1416,9312,1860,11172,15740
20222023,054,HOPKINS,265,Hopkins County,330,Earlington Elementary School,265330,054265330,210286000614,WKEC,908,A1,261,658,409,1067,9239,1817,11056,13864
20222023,055,JACKSON,271,Jackson County,"",---District Total---,271,"","",SESC,907,"",1879,1421,1104,2525,10517,2652,13170,19030
20222023,055,JACKSON,271,Jackson County,020,Jackson County High School,271020,055271020,210294000615,SESC,907,A1,518,1464,1246,2711,9751,2955,12726,17078
20222023,055,JACKSON,271,Jackson County,025,Jackson County Middle School,271025,055271025,210294001674,SESC,907,A1,390,1144,1050,2194,9945,2117,12081,15948
20222023,055,JACKSON,271,Jackson County,027,Barnabus Home Middle School,271027,055271027,210294002375,SESC,907,A6,3,,,,,,,
20222023,055,JACKSON,271,Jackson County,029,Barnabus Home High School,271029,055271029,210294002390,SESC,907,A6,17,,,,,,,
20222023,055,JACKSON,271,Jackson County,031,Jackson Co Schools Learning Center,271031,055271031,210294002461,SESC,907,A5,12,,,,,,,
20222023,055,JACKSON,271,Jackson County,180,McKee Elementary School,271180,055271180,210294000617,SESC,907,A1,347,1724,1040,2763,10251,2619,12889,21008
20222023,055,JACKSON,271,Jackson County,280,Sand Gap Elementary School,271280,055271280,210294000619,SESC,907,A1,215,1288,1076,2365,12713,3183,15915,22311
20222023,055,JACKSON,271,Jackson County,340,Tyner Elementary School,271340,055271340,210294000620,SESC,907,A1,377,1451,1050,2501,11309,2607,13935,21721
20222023,013,BREATHITT,272,Jackson Independent,"",---District Total---,272,"","",KVEC,904,"",318,2641,611,3252,9475,3327,12802,16845
20222023,013,BREATHITT,272,Jackson Independent,011,Jackson City School,272011,013272011,210291001719,KVEC,904,A1,318,6085.00,2832.00,8917.00,11958.00,2122.00,14107.00,23024.00
20222023,056,JEFFERSON,275,Jefferson County,"",---District Total---,275,"","","",909,"",93418,1694,1331,3025,14323,2232,16555,21738
20222023,056,JEFFERSON,275,Jefferson County,004,Camp Taylor Elementary,275004,056275004,210299000623,"",909,A1,460,1568,1411,2979,15739,2111,17850,22352
20222023,056,JEFFERSON,275,Jefferson County,005,Cane Run Elementary,275005,056275005,210299000624,"",909,A1,332,3724,1471,5195,14712,2123,16835,23569
20222023,056,JEFFERSON,275,Jefferson County,007,Eastern High,275007,056275007,210299000625,"",909,A1,2008,979,1071,2050,12537,2203,14740,18143
20222023,056,JEFFERSON,275,Jefferson County,010,Fairdale Elementary,275010,056275010,210299000626,"",909,A1,613,1508,1809,3317,13577,2014,15591,20403
20222023,056,JEFFERSON,275,Jefferson County,011,Fern Creek Elementary,275011,056275011,210299000627,"",909,A1,721,1590,1189,2779,12195,2141,14336,18566
20222023,056,JEFFERSON,275,Jefferson County,012,Fern Creek High,275012,056275012,210299000628,"",909,A1,1616,1573,1229,2802,13470,2234,15704,19867
20222023,056,JEFFERSON,275,Jefferson County,013,Greathouse/Shryock Traditional,275013,056275013,210299000629,"",909,A1,600,1264,1062,2326,11872,2079,13951,17746
20222023,056,JEFFERSON,275,Jefferson County,014,Greenwood Elementary,275014,056275014,210299000630,"",909,A1,466,1692,1480,3172,14366,2126,16492,21188
20222023,056,JEFFERSON,275,Jefferson County,016,Tully Elementary,275016,056275016,210299000631,"",909,A1,728,1343,1266,2609,13471,2203,15674,19593
20222023,056,JEFFERSON,275,Jefferson County,018,Atherton High,275018,056275018,210299000632,"",909,A1,1445,710,1175,1885,13086,2354,15440,18692
20222023,056,JEFFERSON,275,Jefferson County,019,The Brook-Dupont,275019,056275019,210299001629,"",909,A6,23,,,,,,,
20222023,056,JEFFERSON,275,Jefferson County,020,The Brook-KMI,275020,056275020,210299001474,"",909,A6,40,,,,,,,
20222023,056,JEFFERSON,275,Jefferson County,022,Medora Elementary,275022,056275022,210299000633,"",909,A1,466,1158,1194,2352,13205,1986,15191,19047
20222023,056,JEFFERSON,275,Jefferson County,024,Middletown Elementary,275024,056275024,210299000634,"",909,A1,548,1158,1176,2334,15273,2066,17339,21163
20222023,056,JEFFERSON,275,Jefferson County,027,Okolona Elementary,275027,056275027,210299000635,"",909,A1,331,2685,1194,3879,14513,2205,16718,22171
20222023,056,JEFFERSON,275,Jefferson County,028,Boys & Girls Haven,275028,056275028,210299001475,"",909,A6,10,,,,,,,
20222023,056,JEFFERSON,275,Jefferson County,029,St Joseph Children's Home,275029,056275029,210299001633,"",909,A6,46,,,,,,,
20222023,056,JEFFERSON,275,Jefferson County,030,Liberty High,275030,056275030,210299001634,"",909,A5,106,,,,,,,
20222023,056,JEFFERSON,275,Jefferson County,031,Southern High,275031,056275031,210299000637,"",909,A1,1434,1362,1412,2774,12072,2165,14237,18407
20222023,056,JEFFERSON,275,Jefferson County,033,Valley High,275033,056275033,210299000639,"",909,A1,916,1613,1523,3136,14535,2268,16803,21317
20222023,056,JEFFERSON,275,Jefferson County,034,Waller-Williams Environmental,275034,056275034,210299001529,"",909,A3,83,,,,,,,
20222023,056,JEFFERSON,275,Jefferson County,037,Dawson Orman Education Center,275037,056275037,210299001774,"",909,A4,0,,,,,,,
20222023,056,JEFFERSON,275,Jefferson County,038,Breckinridge-Franklin Elementary,275038,056275038,210299001855,"",909,A1,264,3556,1617,5173,23152,2145,25297,35092
20222023,056,JEFFERSON,275,Jefferson County,040,Barret Traditional Middle,275040,056275040,210299000641,"",909,A1,631,823,1299,2122,13392,2134,15526,19117
20222023,056,JEFFERSON,275,Jefferson County,041,Newburg Middle,275041,056275041,210299000642,"",909,A1,959,1785,1559,3344,12255,2105,14360,19354
20222023,056,JEFFERSON,275,Jefferson County,044,Audubon Traditional Elementary,275044,056275044,210299000643,"",909,A1,608,894,1081,1975,12502,2125,14627,17912
20222023,056,JEFFERSON,275,Jefferson County,045,Butler Traditional High,275045,056275045,210299000644,"",909,A1,1386,1441,1207,2648,13488,2519,16007,20040
20222023,056,JEFFERSON,275,Jefferson County,046,Chenoweth Elementary,275046,056275046,210299000645,"",909,A1,444,1477,1239,2716,15257,2058,17315,21542
20222023,056,JEFFERSON,275,Jefferson County,047,Louisville Male High,275047,056275047,210299001705,"",909,A1,1946,797,1244,2041,11568,2119,13687,17062
20222023,056,JEFFERSON,275,Jefferson County,048,Hawthorne Elementary,275048,056275048,210299000647,"",909,A1,414,2031,1081,3112,14320,2113,16433,21258
20222023,056,JEFFERSON,275,Jefferson County,049,Farnsley Middle,275049,056275049,210299001530,"",909,A1,1035,1479,1223,2702,12051,2158,14209,18626
20222023,056,JEFFERSON,275,Jefferson County,050,Georgia Chaffee Teenage Parent Program,275050,056275050,210299001612,"",909,A5,58,,,,,,,
20222023,056,JEFFERSON,275,Jefferson County,051,Waggener High,275051,056275051,210299000649,"",909,A1,895,1521,1278,2799,15113,2529,17642,21864
20222023,056,JEFFERSON,275,Jefferson County,055,Bates Elementary,275055,056275055,210299000650,"",909,A1,570,1223,1182,2405,14272,1970,16242,20091
20222023,056,JEFFERSON,275,Jefferson County,057,Fairdale High,275057,056275057,210299000651,"",909,A1,1364,995,1357,2352,13318,2078,15396,21812
20222023,056,JEFFERSON,275,Jefferson County,059,Kenwood Elementary,275059,056275059,210299000653,"",909,A1,580,1783,1301,3084,13749,2002,15751,20307
20222023,056,JEFFERSON,275,Jefferson County,060,Coral Ridge Elementary,275060,056275060,210299000654,"",909,A1,563,1481,1135,2616,14782,2131,16913,21020
20222023,056,JEFFERSON,275,Jefferson County,061,Goldsmith Elementary,275061,056275061,210299000655,"",909,A1,625,1063,1673,2736,15881,1999,17880,22060
20222023,056,JEFFERSON,275,Jefferson County,063,Schaffner Traditional Elementary,275063,056275063,210299001587,"",909,A1,597,1145,1340,2485,11464,1986,13450,17386
20222023,056,JEFFERSON,275,Jefferson County,064,St Matthews Elementary,275064,056275064,210299000658,"",909,A1,559,1259,1053,2312,14036,1968,16004,21223
20222023,056,JEFFERSON,275,Jefferson County,065,Jeffersontown High,275065,056275065,210299000659,"",909,A1,960,1787,1183,2970,14280,2749,17029,21412
20222023,056,JEFFERSON,275,Jefferson County,066,Wilkerson Elementary School,275066,056275066,210299000660,"",909,A1,548,1732,1332,3064,13648,2014,15662,20036
20222023,056,JEFFERSON,275,Jefferson County,067,Wilder Elementary,275067,056275067,210299000661,"",909,A1,574,1249,1109,2358,13972,2014,15986,20202
20222023,056,JEFFERSON,275,Jefferson County,070,DuValle Education Center,275070,056275070,210299001777,"",909,A4,0,,,,,,,
20222023,056,JEFFERSON,275,Jefferson County,071,Stonestreet Elementary,275071,056275071,210299000665,"",909,A1,442,2275,1155,3430,14354,2039,16393,21486
20222023,056,JEFFERSON,275,Jefferson County,072,Watterson Elementary,275072,056275072,210299000666,"",909,A1,514,1455,1648,3103,12978,2163,15141,19747
20222023,056,JEFFERSON,275,Jefferson County,073,Seneca High,275073,056275073,210299000667,"",909,A1,1340,2078,1492,3570,13106,2105,15211,20172
20222023,056,JEFFERSON,275,Jefferson County,075,Pleasure Ridge Park High,275075,056275075,210299000668,"",909,A1,1482,1112,1271,2383,13435,2449,15884,19642
20222023,056,JEFFERSON,275,Jefferson County,076,Indian Trail Elementary,275076,056275076,210299000669,"",909,A1,560,1699,1097,2796,13710,2125,15835,20201
20222023,056,JEFFERSON,275,Jefferson County,077,Westport Middle,275077,056275077,210299000670,"",909,A1,1189,1662,1229,2891,13029,2047,15076,19367
20222023,056,JEFFERSON,275,Jefferson County,078,Zachary Taylor Elementary,275078,056275078,210299000671,"",909,A1,320,2084,1319,3403,18381,2044,20425,25440
20222023,056,JEFFERSON,275,Jefferson County,079,Kerrick Elementary,275079,056275079,210299000672,"",909,A1,393,1767,1352,3119,13237,2179,15416,22040
20222023,056,JEFFERSON,275,Jefferson County,081,Rangeland Elementary,275081,056275081,210299000674,"",909,A1,455,2110,1154,3264,13712,2065,15777,20632
20222023,056,JEFFERSON,275,Jefferson County,082,Dixie Elementary,275082,056275082,210299000675,"",909,A1,318,2023,1218,3241,15146,2294,17440,22331
20222023,056,JEFFERSON,275,Jefferson County,083,Cochrane Elementary,275083,056275083,210299000676,"",909,A1,461,2160,1299,3459,14141,1957,16098,21191
20222023,056,JEFFERSON,275,Jefferson County,084,Western High,275084,056275084,210299000677,"",909,A1,887,2016,1386,3402,14796,2699,17495,22346
20222023,056,JEFFERSON,275,Jefferson County,086,Sanders Elementary,275086,056275086,210299000679,"",909,A1,447,2012,1229,3241,12744,2094,14838,19574
20222023,056,JEFFERSON,275,Jefferson County,087,Smyrna Elementary School,275087,056275087,210299000680,"",909,A1,490,1740,1253,2993,12304,2044,14348,18846
20222023,056,JEFFERSON,275,Jefferson County,090,Thomas Jefferson Middle,275090,056275090,210299000682,"",909,A1,926,2501,1333,3834,12850,2136,14986,20269
20222023,056,JEFFERSON,275,Jefferson County,091,Blue Lick Elementary,275091,056275091,210299000683,"",909,A1,447,1999,1564,3563,13358,2238,15596,20734
20222023,056,JEFFERSON,275,Jefferson County,092,Crums Lane Elementary,275092,056275092,210299000684,"",909,A1,385,1864,1632,3496,16250,2076,18326,23223
20222023,056,JEFFERSON,275,Jefferson County,094,Bowen Elementary,275094,056275094,210299000685,"",909,A1,700,1351,1097,2448,14204,2062,16266,20023
20222023,056,JEFFERSON,275,Jefferson County,095,Hite Elementary,275095,056275095,210299000686,"",909,A1,456,1686,1049,2735,13163,2073,15236,19281
20222023,056,JEFFERSON,275,Jefferson County,096,Norton Elementary,275096,056275096,210299000687,"",909,A1,734,909,1248,2157,13699,2114,15813,19279
20222023,056,JEFFERSON,275,Jefferson County,097,Shacklette Elementary,275097,056275097,210299000688,"",909,A1,301,3278,1520,4798,14291,2391,16682,23016
20222023,056,JEFFERSON,275,Jefferson County,099,Minors Lane Elementary,275099,056275099,210299000690,"",909,A1,337,2255,1773,4028,16724,2048,18772,24441
20222023,056,JEFFERSON,275,Jefferson County,100,Doss High,275100,056275100,210299000691,"",909,A1,950,2141,1726,3867,15232,2381,17613,23162
20222023,056,JEFFERSON,275,Jefferson County,102,Chancey Elementary,275102,056275102,210299001959,"",909,A1,566,1383,1260,2643,13699,1995,15694,19884
20222023,056,JEFFERSON,275,Jefferson County,103,Slaughter Elementary,275103,056275103,210299000693,"",909,A1,397,1795,1661,3456,17809,2102,19911,24906
20222023,056,JEFFERSON,275,Jefferson County,104,Trunnell Elementary,275104,056275104,210299000694,"",909,A1,432,1820,1585,3405,12796,2150,14946,19860
20222023,056,JEFFERSON,275,Jefferson County,105,Ballard High,275105,056275105,210299000695,"",909,A1,1980,893,1331,2224,11661,2422,14083,17806
20222023,056,JEFFERSON,275,Jefferson County,106,Johnsontown Road Elementary,275106,056275106,210299000696,"",909,A1,321,2148,1223,3371,14848,2083,16931,21612
20222023,056,JEFFERSON,275,Jefferson County,107,Luhr Elementary,275107,056275107,210299000697,"",909,A1,543,1561,1396,2957,14377,2042,16419,20879
20222023,056,JEFFERSON,275,Jefferson County,109,Wheeler Elementary,275109,056275109,210299000699,"",909,A1,616,1060,1317,2377,13651,2077,15728,19551
20222023,056,JEFFERSON,275,Jefferson County,110,Western Day Treatment,275110,056275110,210299001857,"",909,A6,15,,,,,,,
20222023,056,JEFFERSON,275,Jefferson County,115,Gutermuth Elementary,275115,056275115,210299000700,"",909,A1,397,2080,1284,3364,15208,2136,17344,23143
20222023,056,JEFFERSON,275,Jefferson County,116,Wellington Elementary,275116,056275116,210299000701,"",909,A1,413,2437,1120,3557,14298,2124,16422,21553
20222023,056,JEFFERSON,275,Jefferson County,117,Wilt Elementary,275117,056275117,210299000702,"",909,A1,499,1647,1162,2809,13342,2201,15543,19662
20222023,056,JEFFERSON,275,Jefferson County,119,Crosby Middle,275119,056275119,210299000703,"",909,A1,1041,883,1228,2111,12542,2065,14607,18120
20222023,056,JEFFERSON,275,Jefferson County,121,Hartstern Elementary,275121,056275121,210299000704,"",909,A1,511,1943,1259,3202,13504,1991,15495,20439
20222023,056,JEFFERSON,275,Jefferson County,124,U of L PACT Program,275124,056275124,210299001935,"",909,A3,20,,,,,,,
20222023,056,JEFFERSON,275,Jefferson County,126,Layne Elementary,275126,056275126,210299000706,"",909,A1,377,1406,1371,2777,13262,2182,15444,19906
20222023,056,JEFFERSON,275,Jefferson County,127,Auburndale Elementary,275127,056275127,210299000707,"",909,A1,577,1809,1352,3161,12006,2033,14039,18616
20222023,056,JEFFERSON,275,Jefferson County,128,Price Elementary,275128,056275128,210299000708,"",909,A1,423,2275,1393,3668,16922,2090,19012,24181
20222023,056,JEFFERSON,275,Jefferson County,129,Breckinridge Metropolitan High,275129,056275129,210299001965,"",909,A5,139,,,,,,,
20222023,056,JEFFERSON,275,Jefferson County,131,Eisenhower Elementary,275131,056275131,210299000710,"",909,A1,611,1131,1292,2423,12740,1971,14711,18443
20222023,056,JEFFERSON,275,Jefferson County,133,Lassiter Middle,275133,056275133,210299000711,"",909,A1,1015,1629,1251,2880,12284,2390,14674,18969
20222023,056,JEFFERSON,275,Jefferson County,134,Klondike Lane Elementary,275134,056275134,210299000712,"",909,A1,420,2065,1503,3568,14842,2311,17153,22030
20222023,056,JEFFERSON,275,Jefferson County,138,Louisville Day,275138,056275138,210299000713,"",909,A6,,,,,,,,
20222023,056,JEFFERSON,275,Jefferson County,144,Stuart Academy,275144,056275144,210299001427,"",909,A1,1080,2177,1274,3451,13398,2026,15424,20274
20222023,056,JEFFERSON,275,Jefferson County,145,Laukhuf Elementary,275145,056275145,210299000716,"",909,A1,615,1605,1459,3064,11961,2062,14023,18562
20222023,056,JEFFERSON,275,Jefferson County,146,Lowe Elementary,275146,056275146,210299000717,"",909,A1,579,1140,1097,2237,13646,2029,15675,19382
20222023,056,JEFFERSON,275,Jefferson County,147,Mill Creek Elementary,275147,056275147,210299000718,"",909,A1,433,2329,1583,3912,11934,2002,13936,20493
20222023,056,JEFFERSON,275,Jefferson County,149,Blake Elementary,275149,056275149,210299000719,"",909,A1,510,1777,1130,2907,10970,2092,13062,17456
20222023,056,JEFFERSON,275,Jefferson County,155,Marion C. Moore School,275155,056275155,210299002026,"",909,A1,2354,1532,1395,2927,11695,2056,13751,18025
20222023,056,JEFFERSON,275,Jefferson County,156,Dunn Elementary,275156,056275156,210299000722,"",909,A1,485,757,1172,1929,13987,2019,16006,19245
20222023,056,JEFFERSON,275,Jefferson County,162,Kammerer Middle,275162,056275162,210299000724,"",909,A1,713,1874,1402,3276,15948,2166,18114,22854
20222023,056,JEFFERSON,275,Jefferson County,163,Knight Middle,275163,056275163,210299000725,"",909,A1,479,1389,1557,2946,13930,2059,15989,20244
20222023,056,JEFFERSON,275,Jefferson County,164,Conway Middle,275164,056275164,210299000726,"",909,A1,723,2140,1291,3431,13050,2222,15272,20191
20222023,056,JEFFERSON,275,Jefferson County,165,J. Graham Brown School,275165,056275165,210299002027,"",909,A1,728,705,1191,1896,15647,2386,18033,25855
20222023,056,JEFFERSON,275,Jefferson County,166,Jeffersontown Elementary,275166,056275166,210299000727,"",909,A1,696,1416,1308,2724,13237,2028,15265,20442
20222023,056,JEFFERSON,275,Jefferson County,167,Carrithers Middle,275167,056275167,210299000728,"",909,A1,588,2123,1093,3216,13129,2108,15237,19925
20222023,056,JEFFERSON,275,Jefferson County,175,Alex R. Kennedy Elementary,275175,056275175,210299002421,"",909,A1,301,2775,1077,3852,13477,2292,15769,20930
20222023,056,JEFFERSON,275,Jefferson County,179,Central High Magnet Career Academy,275179,056275179,210299000730,"",909,A1,1171,1589,1213,2802,13300,2376,15676,34580
20222023,056,JEFFERSON,275,Jefferson County,182,Wheatley Elementary,275182,056275182,210299000731,"",909,A1,331,2813,1484,4297,18126,2160,20286,26184
20222023,056,JEFFERSON,275,Jefferson County,183,Binet School,275183,056275183,210299000732,"",909,A3,40,,,,,,,
20222023,056,JEFFERSON,275,Jefferson County,185,Atkinson Academy,275185,056275185,210299000733,"",909,A1,333,2581,1330,3911,19623,2472,22095,27625
20222023,056,JEFFERSON,275,Jefferson County,186,Newcomer Academy,275186,056275186,210299002180,"",909,A5,1039,,,,,,,
20222023,056,JEFFERSON,275,Jefferson County,191,W.E.B. DuBois Academy,275191,056275191,210299002458,"",909,A5,563,,,,,,,
20222023,056,JEFFERSON,275,Jefferson County,193,Mary Jo and William MacDonald Maryhurst,275193,056275193,210299001492,"",909,A6,70,,,,,,,
20222023,056,JEFFERSON,275,Jefferson County,200,duPont Manual High,275200,056275200,210299000734,"",909,A1,1903,772,1215,1987,11468,2215,13683,17810
20222023,056,JEFFERSON,275,Jefferson County,201,The Phoenix School of Discovery,275201,056275201,210299002121,"",909,A5,383,,,,,,,
20222023,056,JEFFERSON,275,Jefferson County,202,Minor Daniels Academy,275202,056275202,210299002412,"",909,A5,220,,,,,,,
20222023,056,JEFFERSON,275,Jefferson County,211,Stopher Elementary,275211,056275211,210299002197,"",909,A1,738,1164,1049,2213,12499,2035,14534,18057
20222023,056,JEFFERSON,275,Jefferson County,212,Farmer Elementary,275212,056275212,210299002187,"",909,A1,734,1212,1064,2276,13196,2093,15289,18875
20222023,056,JEFFERSON,275,Jefferson County,219,Ramsey Middle,275219,056275219,210299002190,"",909,A1,1004,1677,1421,3098,12029,2172,14201,18691
20222023,056,JEFFERSON,275,Jefferson County,220,Bellewood,275220,056275220,210299002394,"",909,A6,5,,,,,,,
20222023,056,JEFFERSON,275,Jefferson County,221,Brooklawn,275221,056275221,210299002399,"",909,A6,12,,,,,,,
20222023,056,JEFFERSON,275,Jefferson County,222,Westport Early Childhood Center,275222,056275222,210299002499,"",909,A4,0,,,,,,,
20222023,056,JEFFERSON,275,Jefferson County,225,Bloom Elementary,275225,056275225,210299000737,"",909,A1,524,1058,1128,2186,13899,2046,15945,19580
20222023,056,JEFFERSON,275,Jefferson County,240,Engelhard Elementary,275240,056275240,210299000739,"",909,A1,281,2530,1373,3903,20238,2114,22352,29278
20222023,056,JEFFERSON,275,Jefferson County,243,Byck Elementary,275243,056275243,210299000740,"",909,A1,288,3308,1430,4738,18234,2118,20352,27031
20222023,056,JEFFERSON,275,Jefferson County,250,Field Elementary,275250,056275250,210299000741,"",909,A1,409,1195,1096,2291,15802,2082,17884,21806
20222023,056,JEFFERSON,275,Jefferson County,260,Brandeis Elementary,275260,056275260,210299000742,"",909,A1,464,868,1247,2115,14459,2494,16953,22379
20222023,056,JEFFERSON,275,Jefferson County,270,Foster Traditional Academy,275270,056275270,210299000745,"",909,A1,593,2105,1116,3221,11567,1984,13551,18557
20222023,056,JEFFERSON,275,Jefferson County,290,Frayser Elementary,275290,056275290,210299000747,"",909,A1,320,3472,1490,4962,18980,2072,21052,27650
20222023,056,JEFFERSON,275,Jefferson County,300,Hazelwood Elementary,275300,056275300,210299000748,"",909,A1,382,2494,1395,3889,13382,2143,15525,37092
20222023,056,JEFFERSON,275,Jefferson County,320,Highland Middle,275320,056275320,210299000750,"",909,A1,779,1468,1197,2665,13137,2017,15154,19275
20222023,056,JEFFERSON,275,Jefferson County,323,Cochran Elementary,275323,056275323,210299000751,"",909,A1,336,2099,1272,3371,15355,2151,17506,22186
20222023,056,JEFFERSON,275,Jefferson County,325,Jacob Elementary,275325,056275325,210299000752,"",909,A1,441,1769,1252,3021,15575,2156,17731,22406
20222023,056,JEFFERSON,275,Jefferson County,335,Iroquois High,275335,056275335,210299000753,"",909,A1,1071,1893,1423,3316,14483,2660,17143,21856
20222023,056,JEFFERSON,275,Jefferson County,340,Meyzeek Middle,275340,056275340,210299000754,"",909,A1,920,1123,1060,2183,11707,2011,13718,18850
20222023,056,JEFFERSON,275,Jefferson County,371,Norton Commons Elementary,275371,056275371,210299002430,"",909,A1,562,1578,1197,2775,13019,2113,15132,19216
20222023,056,JEFFERSON,275,Jefferson County,374,Young Elementary,275374,056275374,210299000757,"",909,A1,206,2829,1439,4268,22060,2598,24658,30726
20222023,056,JEFFERSON,275,Jefferson County,396,Jefferson County Traditional Middle,275396,056275396,210299000760,"",909,A1,870,834,1339,2173,13498,2141,15639,19543
20222023,056,JEFFERSON,275,Jefferson County,432,King Elementary,275432,056275432,210299000762,"",909,A1,309,2995,1515,4510,13838,2358,16196,22369
20222023,056,JEFFERSON,275,Jefferson County,435,Noe Middle,275435,056275435,210299000763,"",909,A1,1332,935,1087,2022,11876,2061,13937,17353
20222023,056,JEFFERSON,275,Jefferson County,440,Mcferran Preparatory Academy,275440,056275440,210299000764,"",909,A1,623,1578,1369,2947,10944,1971,12915,17296
20222023,056,JEFFERSON,275,Jefferson County,456,Ackerly,275456,056275456,210299001859,"",909,A6,5,,,,,,,
20222023,056,JEFFERSON,275,Jefferson County,458,Mary Ryan Academy,275458,056275458,210299001860,"",909,A3,20,,,,,,,
20222023,056,JEFFERSON,275,Jefferson County,463,Jefferson Regional Juvenile Detention Ce,275463,056275463,210299001082,"",909,A6,3,,,,,,,
20222023,056,JEFFERSON,275,Jefferson County,465,Heuser Hearing & Language Academy,275465,056275465,210299001941,"",909,A3,3,,,,,,,
20222023,056,JEFFERSON,275,Jefferson County,470,Johnson Traditional Middle,275470,056275470,210299000769,"",909,A1,716,1661,1063,2724,11193,2002,13195,21304
20222023,056,JEFFERSON,275,Jefferson County,480,Maupin Elementary,275480,056275480,210299000770,"",909,A1,253,3761,1414,5175,17109,2372,19481,26557
20222023,056,JEFFERSON,275,Jefferson County,500,Portland Elementary,275500,056275500,210299000771,"",909,A1,247,2215,1453,3668,17841,2490,20331,25693
20222023,056,JEFFERSON,275,Jefferson County,520,Lincoln Elementary Performing Arts,275520,056275520,210299000772,"",909,A1,572,1301,1168,2469,13964,2052,16016,19981
20222023,056,JEFFERSON,275,Jefferson County,560,Rutherford Elementary,275560,056275560,210299000775,"",909,A1,444,1977,1110,3087,11945,2016,13961,18587
20222023,056,JEFFERSON,275,Jefferson County,580,Semple Elementary,275580,056275580,210299000776,"",909,A1,571,1925,1232,3157,13560,2154,15714,20614
20222023,056,JEFFERSON,275,Jefferson County,590,The Academy @ Shawnee,275590,056275590,210299000777,"",909,A1,516,2063,1188,3251,20072,2825,22897,29182
20222023,056,JEFFERSON,275,Jefferson County,610,Shelby Academy,275610,056275610,210299000780,"",909,A1,454,2311,1761,4072,13808,2501,16309,22101
20222023,056,JEFFERSON,275,Jefferson County,620,Frederick Law Olmsted Academy North,275620,056275620,210299000781,"",909,A1,522,2374,1847,4221,14820,2226,17046,22779
20222023,056,JEFFERSON,275,Jefferson County,660,Coleridge-Taylor Montessori Elementary,275660,056275660,210299000783,"",909,A1,421,1787,1619,3406,13722,1946,15668,20572
20222023,056,JEFFERSON,275,Jefferson County,680,Carter Traditional Elementary,275680,056275680,210299000784,"",909,A1,533,1770,1485,3255,12849,1999,14848,20240
20222023,056,JEFFERSON,275,Jefferson County,710,Western Middle School for the Arts,275710,056275710,210299000785,"",909,A1,635,1276,1643,2919,13330,2263,15593,34784
20222023,056,JEFFERSON,275,Jefferson County,720,Kennedy Elementary,275720,056275720,210299000786,"",909,A1,445,1694,1474,3168,13489,2170,15659,20671
20222023,056,JEFFERSON,275,Jefferson County,730,Frederick Law Olmsted Academy South,275730,056275730,210299001425,"",909,A1,593,1578,1206,2784,15236,2008,17244,21486
20222023,056,JEFFERSON,275,Jefferson County,768,Home of the Innocents Discovery,275768,056275768,210299001943,"",909,A6,23,,,,,,,
20222023,056,JEFFERSON,275,Jefferson County,769,Home of the Innocents School,275769,056275769,210299001946,"",909,A6,34,,,,,,,
20222023,056,JEFFERSON,275,Jefferson County,784,Peace Academy,275784,056275784,210299001613,"",909,A6,137,,,,,,,
20222023,056,JEFFERSON,275,Jefferson County,800,Grace M. James Academy of Excellence,275800,056275800,210299002507,"",909,A5,352,,,,,,,
20222023,056,JEFFERSON,275,Jefferson County,917,Churchill Park School,275917,056275917,210299000789,"",909,A3,80,,,,,,,
20222023,056,JEFFERSON,275,Jefferson County,919,George Unseld Early Childhood Center,275919,056275919,210299002376,"",909,A4,0,,,,,,,
20222023,056,JEFFERSON,275,Jefferson County,920,Ahrens Educational Resource Center,275920,056275920,210299001447,"",909,A3,34,,,,,,,
20222023,056,JEFFERSON,275,Jefferson County,951,Pathfinder School of Innovation,275951,056275951,210299001947,"",909,A5,1846,,,,,,,
20222023,067,LETCHER,276,Jenkins Independent,"",---District Total---,276,"","",KVEC,904,"",438,2620,1575,4195,10160,3840,14000,20181
20222023,067,LETCHER,276,Jenkins Independent,011,Jenkins Independent School,276011,067276011,210300001642,KVEC,904,A1,438,4195,1575,5771,12780,5415,18196,20181
20222023,057,JESSAMINE,281,Jessamine County,"",---District Total---,281,"","",CKEC,901,"",8102,1288,760,2048,10805,1920,12725,16845
20222023,057,JESSAMINE,281,Jessamine County,018,Hattie C. Warner Elementary School,281018,057281018,210303000795,CKEC,901,A1,531,1696,774,2470,11856,1615,13107,16348
20222023,057,JESSAMINE,281,Jessamine County,019,West Jessamine High School,281019,057281019,210303001640,CKEC,901,A1,1303,1084,755,1839,17109,3308,20052,23197
20222023,057,JESSAMINE,281,Jessamine County,021,East Jessamine High School,281021,057281021,210303001641,CKEC,901,A1,1127,1268,769,2037,19237,4025,22898,26077
20222023,057,JESSAMINE,281,Jessamine County,022,Jessamine Early Learning Village,281022,057281022,210303001899,CKEC,901,A1,593,1970,912,2882,17888,1929,19452,22701
20222023,057,JESSAMINE,281,Jessamine County,023,The Providence School,281023,057281023,210303001900,CKEC,901,A5,159,,,,,,,
20222023,057,JESSAMINE,281,Jessamine County,024,Jessamine Career and Technology Center,281024,057281024,210303002028,CKEC,901,A2,,,,,,,,
20222023,057,JESSAMINE,281,Jessamine County,025,East Jessamine Middle School,281025,057281025,210303000797,CKEC,901,A1,936,1187,715,1902,9989,1872,11497,14628
20222023,057,JESSAMINE,281,Jessamine County,026,West Jessamine Middle School,281026,057281026,210303001110,CKEC,901,A1,891,1035,730,1765,10182,1706,11524,14761
20222023,057,JESSAMINE,281,Jessamine County,030,Ashgrove Academy,281030,057281030,210303002442,CKEC,901,A6,8,,,,,,,
20222023,057,JESSAMINE,281,Jessamine County,040,Red Oak Elementary School,281040,057281040,210303002388,CKEC,901,A1,528,1278,837,2115,11586,1612,12834,16160
20222023,057,JESSAMINE,281,Jessamine County,050,Nicholasville Elementary School,281050,057281050,210303000798,CKEC,901,A1,468,1957,792,2749,13334,1567,14536,17795
20222023,057,JESSAMINE,281,Jessamine County,060,Rosenwald Dunbar Elementary School,281060,057281060,210303000092,CKEC,901,A1,537,1348,760,2108,11723,1409,12768,15996
20222023,057,JESSAMINE,281,Jessamine County,070,Brookside Elementary School,281070,057281070,210303001429,CKEC,901,A1,533,1746,800,2545,11775,1520,12930,16177
20222023,057,JESSAMINE,281,Jessamine County,090,Wilmore Elementary School,281090,057281090,210303000799,CKEC,901,A1,488,1528,827,2355,11238,1790,12664,15949
20222023,058,JOHNSON,285,Johnson County,"",---District Total---,285,"","",KEDC,903,"",3207,1857,829,2686,9760,2083,11844,17205
20222023,058,JOHNSON,285,Johnson County,050,Johnson County Eagle Academy,285050,058285050,210306001615,KEDC,903,A5,230,,,,,,,
20222023,058,JOHNSON,285,Johnson County,060,Johnson County Middle School,285060,058285060,210306000800,KEDC,903,A1,445,1980,509,2489,10892,2446,13338,16699
20222023,058,JOHNSON,285,Johnson County,075,Central Elementary School,285075,058285075,210306000692,KEDC,903,A1,313,2015,460,2474,10803,2060,12863,16254
20222023,058,JOHNSON,285,Johnson County,100,Flat Gap Elementary School,285100,058285100,210306000801,KEDC,903,A1,191,2367,594,2961,11723,2370,14094,17988
20222023,058,JOHNSON,285,Johnson County,115,Johnson Central High School,285115,058285115,210306000802,KEDC,903,A1,905,1249,595,1844,11308,3575,14883,23978
20222023,058,JOHNSON,285,Johnson County,250,Porter Elementary School,285250,058285250,210306000803,KEDC,903,A1,378,2280,383,2664,8861,1990,10850,14349
20222023,058,JOHNSON,285,Johnson County,320,W R Castle Memorial Elementary School,285320,058285320,210306000805,KEDC,903,A1,376,2129,355,2484,8591,1823,10415,13847
20222023,058,JOHNSON,285,Johnson County,340,Highland Elementary School,285340,058285340,210306000806,KEDC,903,A1,369,2668,388,3056,9193,2104,11297,15241
20222023,059,KENTON,291,Kenton County,"",---District Total---,291,"","",NKCES,905,"",13895,563,283,846,9982,1776,11758,17517
20222023,059,KENTON,291,Kenton County,005,Beechgrove Elementary School,291005,059291005,210309000807,NKCES,905,A1,624,833,167,999,11061,1572,12634,18426
20222023,059,KENTON,291,Kenton County,006,River Ridge Elementary School,291006,059291006,210309001512,NKCES,905,A1,872,572,381,953,10777,1589,12365,18053
20222023,059,KENTON,291,Kenton County,020,James A Caywood Elementary School,291020,059291020,210309000809,NKCES,905,A1,512,703,202,905,10349,1606,11955,17609
20222023,059,KENTON,291,Kenton County,040,Dixie Heights High School,291040,059291040,210309000811,NKCES,905,A1,1561,254,190,444,8842,2054,10896,16048
20222023,059,KENTON,291,Kenton County,045,R C Hinsdale Elementary School,291045,059291045,210309000812,NKCES,905,A1,522,564,158,722,10235,1657,11892,17274
20222023,059,KENTON,291,Kenton County,050,Kenton Elementary School,291050,059291050,210309000813,NKCES,905,A1,617,723,215,937,9878,1654,11533,17204
20222023,059,KENTON,291,Kenton County,055,Northern Ky Youth Dev Center,291055,059291055,210309000814,NKCES,905,A6,8,,,,,,,
20222023,059,KENTON,291,Kenton County,060,Ft Wright Elementary School,291060,059291060,210309000815,NKCES,905,A1,459,1042,267,1309,10989,1691,12680,18760
20222023,059,KENTON,291,Kenton County,070,Piner Elementary School,291070,059291070,210309000816,NKCES,905,A1,302,956,223,1179,10691,1765,12456,18491
20222023,059,KENTON,291,Kenton County,080,Ryland Heights Elementary School,291080,059291080,210309000817,NKCES,905,A1,440,746,174,920,11377,1626,13003,18752
20222023,059,KENTON,291,Kenton County,090,Simon Kenton High School,291090,059291090,210309000818,NKCES,905,A1,1872,351,191,543,8926,1995,10920,16197
20222023,059,KENTON,291,Kenton County,100,Taylor Mill Elementary School,291100,059291100,210309000819,NKCES,905,A1,473,917,226,1143,10186,1642,11828,17761
20222023,059,KENTON,291,Kenton County,103,Turkey Foot Middle School,291103,059291103,210309000820,NKCES,905,A1,1058,332,195,527,8529,1315,9844,15086
20222023,059,KENTON,291,Kenton County,105,Twenhofel Middle School,291105,059291105,210309000821,NKCES,905,A1,859,715,250,965,8066,1688,9754,15478
20222023,059,KENTON,291,Kenton County,108,Woodland Middle School,291108,059291108,210309001588,NKCES,905,A1,624,389,227,615,10010,1602,11611,16988
20222023,059,KENTON,291,Kenton County,120,Scott High School,291120,059291120,210309000823,NKCES,905,A1,1097,336,231,568,9318,1963,11281,16570
20222023,059,KENTON,291,Kenton County,475,Summit View Academy,291475,059291475,210309002420,NKCES,905,A1,1390,526,680,1205,9670,1559,11229,17161
20222023,059,KENTON,291,Kenton County,495,White's Tower Elementary School,291495,059291495,210309000824,NKCES,905,A1,605,700,245,945,9721,1449,11170,16897
20222023,060,KNOTT,295,Knott County,"",---District Total---,295,"","",KVEC,904,"",2045,1671,1468,3140,10804,4752,15557,20566
20222023,060,KNOTT,295,Knott County,035,Beaver Creek Elementary School,295035,060295035,210312000826,KVEC,904,A1,193,1142,923,2065,11692,2705,14397,16462
20222023,060,KNOTT,295,Knott County,100,Carr Creek Elementary School,295100,060295100,210312000830,KVEC,904,A1,360,884,695,1580,11820,2414,14234,15813
20222023,060,KNOTT,295,Knott County,150,Cordia School,295150,060295150,210312002233,KVEC,904,A1,185,2113,731,2843,10487,3107,13594,16437
20222023,060,KNOTT,295,Knott County,210,Emmalena Elementary School,295210,060295210,210312000834,KVEC,904,A1,186,1640,885,2526,11935,2598,14533,17059
20222023,060,KNOTT,295,Knott County,230,Hindman Elementary School,295230,060295230,210312000835,KVEC,904,A1,402,1461,2408,3869,11138,5916,17054,20924
20222023,060,KNOTT,295,Knott County,255,Jones Fork Elementary School,295255,060295255,210312000836,KVEC,904,A1,150,1896,789,2685,10185,2974,13159,15843
20222023,060,KNOTT,295,Knott County,265,Knott County Central High School,295265,060295265,210312000837,KVEC,904,A1,569,2305,2088,4393,9484,7714,17199,21592
20222023,061,KNOX,301,Knox County,"",---District Total---,301,"","",SESC,907,"",3744,2251,921,3171,10442,2516,12958,18689
20222023,061,KNOX,301,Knox County,015,Lynn Camp Elementary School,301015,061301015,"",SESC,907,A1,463,1773,874,2649,8411,1683,10092,15127
20222023,061,KNOX,301,Knox County,022,Knox Appalachian School,301022,061301022,210315001997,SESC,907,A6,26,,,,,,,
20222023,061,KNOX,301,Knox County,023,Knox County Middle School,301023,061301023,210315002029,SESC,907,A1,426,1938,1554,3493,10205,2443,12650,18543
20222023,061,KNOX,301,Knox County,025,Lynn Camp Middle High School,301025,061301025,"",SESC,907,A1,440,3172,825,3998,10842,3373,14214,20628
20222023,061,KNOX,301,Knox County,071,Central Elementary School,301071,061301071,210315002235,SESC,907,A1,337,2378,723,3101,9888,1763,11652,17158
20222023,061,KNOX,301,Knox County,140,Knox County Day Treatment,301140,061301140,210315002357,SESC,907,A6,34,,,,,,,
20222023,061,KNOX,301,Knox County,150,Knox County Learning Academy,301150,061301150,210315000709,SESC,907,A5,58,,,,,,,
20222023,061,KNOX,301,Knox County,155,Knox Inspire Academy,301155,061301155,210315002449,SESC,907,A5,94,,,,,,,
20222023,061,KNOX,301,Knox County,170,Dewitt Elementary School,301170,061301170,210315000842,SESC,907,A1,129,2669,641,3310,12998,2849,15848,21858
20222023,061,KNOX,301,Knox County,240,Flat Lick Elementary School,301240,061301240,210315000843,SESC,907,A1,183,1843,739,2583,10774,2492,13265,18048
20222023,061,KNOX,301,Knox County,260,Girdler Elementary School,301260,061301260,210315000844,SESC,907,A1,284,2199,567,2764,9626,2262,11887,17076
20222023,061,KNOX,301,Knox County,320,G R Hampton Elementary School,301320,061301320,210315000846,SESC,907,A1,238,1896,625,2521,10180,1837,12016,16904
20222023,061,KNOX,301,Knox County,410,Knox Central High School,301410,061301410,210315000847,SESC,907,A1,726,2145,783,2928,9275,3159,12434,17695
20222023,061,KNOX,301,Knox County,430,Jesse D Lay Elementary School,301430,061301430,210315000848,SESC,907,A1,306,1728,1063,2789,8894,1450,10344,15473
20222023,061,KNOX,301,Knox County,976,Knox County Career and Technical Center,301976,061301976,"",SESC,907,A2,,,,,,,,
20222023,062,LARUE,305,LaRue County,"",---District Total---,305,"","",GRREC,902,"",2324,903,610,1513,9967,1926,11892,15194
20222023,062,LARUE,305,LaRue County,005,Preschool on College Street,305005,062305005,210318002512,GRREC,902,A4,0,,,,,,,
20222023,062,LARUE,305,LaRue County,015,Abraham Lincoln Elementary School,305015,062305015,210318002044,GRREC,902,A1,460,1124,557,1681,9643,1632,11275,14657
20222023,062,LARUE,305,LaRue County,030,Hodgenville Elementary School,305030,062305030,210318000852,GRREC,902,A1,548,1108,686,1794,9901,1600,11503,15018
20222023,062,LARUE,305,LaRue County,040,LaRue County High School,305040,062305040,210318000853,GRREC,902,A1,740,493,322,815,9633,2251,11884,14435
20222023,062,LARUE,305,LaRue County,045,LaRue County Middle School,305045,062305045,210318000854,GRREC,902,A1,536,636,403,1039,9381,1656,11039,13752
20222023,062,LARUE,305,LaRue County,100,The Life Connection,305100,062305100,210318002216,GRREC,902,A6,40,,,,,,,
20222023,063,LAUREL,311,Laurel County,"",---District Total---,311,"","",SESC,907,"",8330,853,756,1608,9860,2052,11912,15682
20222023,063,LAUREL,311,Laurel County,010,London Elementary School,311010,063311010,210321000856,SESC,907,A1,502,1845,946,2791,17995,3587,21582,24373
20222023,063,LAUREL,311,Laurel County,016,McDaniel Learning Center,311016,063311016,210321002224,SESC,907,A5,34,,,,,,,
20222023,063,LAUREL,311,Laurel County,018,Wyan-Pine Grove Elementary,311018,063311018,210321002030,SESC,907,A1,384,1849,890,2739,17819,3591,21411,24150
20222023,063,LAUREL,311,Laurel County,019,Laurel County Schools eLearning Academy,311019,063311019,210321002436,SESC,907,A5,38,,,,,,,
20222023,063,LAUREL,311,Laurel County,030,Bush Elementary School,311030,063311030,210321000857,SESC,907,A1,480,1370,1074,2444,17262,3507,20769,23213
20222023,063,LAUREL,311,Laurel County,040,South Laurel Middle School,311040,063311040,210321000858,SESC,907,A1,953,1479,864,2343,16010,3315,19302,21645
20222023,063,LAUREL,311,Laurel County,050,Laurel County Day Treatment,311050,063311050,210321001677,SESC,907,A6,112,,,,,,,
20222023,063,LAUREL,311,Laurel County,055,Camp Ground Elementary School,311055,063311055,210321000859,SESC,907,A1,272,1453,986,2439,17839,3508,21347,23786
20222023,063,LAUREL,311,Laurel County,060,Laurel Co Schools Center for Innovation,311060,063311060,210321002400,SESC,907,A2,,,,,,,,
20222023,063,LAUREL,311,Laurel County,070,Colony Elementary School,311070,063311070,210321000860,SESC,907,A1,356,1944,869,2813,16629,3661,20290,23103
20222023,063,LAUREL,311,Laurel County,130,Hazel Green Elementary School,311130,063311130,210321000862,SESC,907,A1,319,1871,876,2747,16682,3594,20276,23023
20222023,063,LAUREL,311,Laurel County,165,Johnson Elementary School,311165,063311165,210321000863,SESC,907,A1,308,1384,829,2214,16474,3591,20065,22279
20222023,063,LAUREL,311,Laurel County,175,Hunter Hills Elementary School,311175,063311175,210321000715,SESC,907,A1,558,2021,844,2865,16978,3450,20429,23293
20222023,063,LAUREL,311,Laurel County,180,Keavy Elementary School,311180,063311180,210321000864,SESC,907,A1,248,1709,1065,2774,17815,3826,21641,24415
20222023,063,LAUREL,311,Laurel County,200,North Laurel Middle School,311200,063311200,210321001589,SESC,907,A1,991,1380,901,2281,16269,3272,19541,21822
20222023,063,LAUREL,311,Laurel County,205,North Laurel High School,311205,063311205,210321000215,SESC,907,A1,1204,1300,1101,2400,16119,3651,19770,22170
20222023,063,LAUREL,311,Laurel County,210,South Laurel High School,311210,063311210,210321000865,SESC,907,A1,1042,1075,1157,2232,16011,3793,19805,22037
20222023,063,LAUREL,311,Laurel County,420,Sublimity Elementary School,311420,063311420,210321000869,SESC,907,A1,273,1594,937,2531,18596,3698,22295,24825
20222023,063,LAUREL,311,Laurel County,430,Cold Hill Elementary School,311430,063311430,210321001483,SESC,907,A1,256,1561,783,2345,17574,3700,21274,23619
20222023,064,LAWRENCE,315,Lawrence County,"",---District Total---,315,"","",KEDC,903,"",2269,1459,1088,2546,10486,2666,13152,17295
20222023,064,LAWRENCE,315,Lawrence County,020,Louisa East Elementary School,315020,064315020,210324002079,KEDC,903,A1,475,2104,1141,3246,16623,3843,20466,25709
20222023,064,LAWRENCE,315,Lawrence County,021,Louisa West Elementary School,315021,064315021,210324002155,KEDC,903,A1,257,3493,1406,4900,18426,4018,22444,29240
20222023,064,LAWRENCE,315,Lawrence County,030,Blaine Elementary School,315030,064315030,210324000870,KEDC,903,A1,143,3928,2091,6020,20948,5069,26017,34356
20222023,064,LAWRENCE,315,Lawrence County,150,Fallsburg Elementary School,315150,064315150,210324000871,KEDC,903,A1,216,2987,1511,4497,19241,4788,24029,30639
20222023,064,LAWRENCE,315,Lawrence County,200,Louisa Middle School,315200,064315200,210324000872,KEDC,903,A1,454,2803,1828,4631,15691,3910,19601,26265
20222023,064,LAWRENCE,315,Lawrence County,260,Lawrence County High School,315260,064315260,210324000874,KEDC,903,A1,724,2399,1277,3675,16718,4886,21605,28505
20222023,065,LEE,321,Lee County,"",---District Total---,321,"","",KVEC,904,"",925,1936,285,2221,8524,2450,10974,17485
20222023,065,LEE,321,Lee County,060,Lee County Middle High School,321060,065321060,210327002434,KVEC,904,A1,470,1876.00,262.00,2138.00,8698.00,2958.00,11656.00,19407.00
20222023,065,LEE,321,Lee County,100,Lee County Elementary School,321100,065321100,210327000216,KVEC,904,A1,455,1997.00,308.00,2305.00,8340.00,1925.00,10265.00,15499.00
20222023,066,LESLIE,325,Leslie County,"",---District Total---,325,"","",KVEC,904,"",1531,1885,487,2372,10185,3284,13469,22150
20222023,066,LESLIE,325,Leslie County,280,Hayes Lewis Elementary School,325280,066325280,210333000882,KVEC,904,A1,112,1638,2729,4479,14619,1854,16349,26018
20222023,066,LESLIE,325,Leslie County,300,Mountain View Elementary,325300,066325300,210333000883,KVEC,904,A1,437,1993,2038,4858,9870,905,9945,20138
20222023,066,LESLIE,325,Leslie County,350,Leslie County High School,325350,066325350,210333000885,KVEC,904,A1,456,1561,1877,4046,9758,2617,11806,24061
20222023,066,LESLIE,325,Leslie County,420,W B Muncy Elementary School,325420,066325420,210333000886,KVEC,904,A1,222,2057,2129,5057,9234,1250,9620,19816
20222023,066,LESLIE,325,Leslie County,570,Stinnett Elementary School,325570,066325570,210333000887,KVEC,904,A1,304,2181,2497,5671,10293,1393,10689,21478
20222023,067,LETCHER,331,Letcher County,"",---District Total---,331,"","",KVEC,904,"",2458,1700,1057,2757,11731,7948,19680,24676
20222023,067,LETCHER,331,Letcher County,050,Letcher Elementary & Middle School,331050,067331050,210336002528,KVEC,904,A1,359,1678,986,2664,11339,8015,19389,24215
20222023,067,LETCHER,331,Letcher County,055,Letcher County Alternative Education Ctr,331055,067331055,210336002344,KVEC,904,A5,12,,,,,,,
20222023,067,LETCHER,331,Letcher County,056,Letcher County Central High School,331056,067331056,210336001998,KVEC,904,A1,727,1278,1076,2355,11295,8005,19349,23866
20222023,067,LETCHER,331,Letcher County,210,Arlie Boggs Elementary School,331210,067331210,210336000892,KVEC,904,A1,126,1578,1040,2618,12528,8541,21073,26044
20222023,067,LETCHER,331,Letcher County,250,Fleming Neon Middle School,331250,067331250,210336000894,KVEC,904,A1,153,1976,1081,3058,12686,8412,20860,26241
20222023,067,LETCHER,331,Letcher County,380,Cowan Elementary School,331380,067331380,210336000900,KVEC,904,A1,252,2082,1049,3131,10837,8183,19023,24174
20222023,067,LETCHER,331,Letcher County,425,Martha Jane Potter Elementary School,331425,067331425,210336000901,KVEC,904,A1,304,1922,999,2921,10487,7632,18119,23282
20222023,067,LETCHER,331,Letcher County,650,West Whitesburg Elementary School,331650,067331650,210336000903,KVEC,904,A1,364,1885,1008,2892,11328,6791,18142,23262
20222023,067,LETCHER,331,Letcher County,710,Whitesburg Middle School,331710,067331710,210336000904,KVEC,904,A1,161,1494,1062,2556,12541,6864,19444,24337
20222023,068,LEWIS,335,Lewis County,"",---District Total---,335,"","",KEDC,903,"",1935,1243,984,2227,10225,2901,13127,23434
20222023,068,LEWIS,335,Lewis County,040,Garrison Elementary School,335040,068335040,210339000906,KEDC,903,A1,274,1713,947,2662,10171,2525,12696,45175
20222023,068,LEWIS,335,Lewis County,090,Laurel Elementary School,335090,068335090,210339000908,KEDC,903,A1,84,1980,1431,3411,13696,3213,16908,28682
20222023,068,LEWIS,335,Lewis County,095,Lewis County Central Elementary School,335095,068335095,210339000909,KEDC,903,A1,430,1175,1003,2177,10435,2454,12889,17306
20222023,068,LEWIS,335,Lewis County,100,Lewis County Middle School,335100,068335100,210339001503,KEDC,903,A1,290,1714,1019,2734,9665,2684,12349,17232
20222023,068,LEWIS,335,Lewis County,120,Lewis County High School,335120,068335120,210339000910,KEDC,903,A1,595,1173,1336,2509,20518,6876,27394,37330
20222023,068,LEWIS,335,Lewis County,140,Tollesboro Elementary School,335140,068335140,210339000911,KEDC,903,A1,262,771,752,1524,5349,1710,7059,14013
20222023,068,LEWIS,335,Lewis County,970,Foster Meade Career & Technical Center,335970,068335970,210339002377,KEDC,903,A2,,,,,,,,
20222023,069,LINCOLN,341,Lincoln County,"",---District Total---,341,"","",SESC,907,"",3119,4048,1184,5231,8215,3208,11423,18386
20222023,069,LINCOLN,341,Lincoln County,040,Crab Orchard Elementary School,341040,069341040,210348000914,SESC,907,A1,259,2205,580,2786,9212,2491,11704,16802
20222023,069,LINCOLN,341,Lincoln County,050,Highland Elementary School,341050,069341050,210348000915,SESC,907,A1,189,2628,715,3343,11002,2767,13769,19509
20222023,069,LINCOLN,341,Lincoln County,065,Lincoln County Middle School,341065,069341065,210348000478,SESC,907,A1,723,1767,824,2591,9588,2494,12081,17153
20222023,069,LINCOLN,341,Lincoln County,070,Hustonville Elementary School,341070,069341070,210348000916,SESC,907,A1,395,1988,549,2537,9224,2407,11632,16375
20222023,069,LINCOLN,341,Lincoln County,095,Lincoln County High School,341095,069341095,210348000918,SESC,907,A1,908,4472,562,5035,5149,2766,7915,15671
20222023,069,LINCOLN,341,Lincoln County,130,Stanford Elementary School,341130,069341130,210348000920,SESC,907,A1,465,4523,670,5193,4913,2562,7474,14778
20222023,069,LINCOLN,341,Lincoln County,150,Waynesburg Elementary School,341150,069341150,210348000921,SESC,907,A1,180,3604,629,4234,11528,2705,14233,20526
20222023,070,LIVINGSTON,345,Livingston County,"",---District Total---,345,"","",WKEC,908,"",1072,1347,1675,3022,11551,2712,14264,23572
20222023,070,LIVINGSTON,345,Livingston County,020,North Livingston Elementary School,345020,070345020,210351001133,WKEC,908,A1,128,1617,2737,4354,15829,4600,20428,13489
20222023,070,LIVINGSTON,345,Livingston County,021,South Livingston Elementary School,345021,070345021,210351001999,WKEC,908,A1,315,2010,1389,3399,12679,3145,15825,22428
20222023,070,LIVINGSTON,345,Livingston County,050,Livingston Central High School,345050,070345050,210351000924,WKEC,908,A1,378,818,1471,2288,10461,4117,14579,24420
20222023,070,LIVINGSTON,345,Livingston County,065,Livingston County Middle School,345065,070345065,210351001484,WKEC,908,A1,251,1698,1799,3497,9268,3178,12446,13700
20222023,071,LOGAN,351,Logan County,"",---District Total---,351,"","",GRREC,902,"",3308,1073,521,1594,9280,2595,11875,15362
20222023,071,LOGAN,351,Logan County,011,Adairville Elementary School,351011,071351011,210354001542,GRREC,902,A1,325,1779,526,2304,13093,3041,16134,18439
20222023,071,LOGAN,351,Logan County,012,Auburn Elementary School,351012,071351012,210354001543,GRREC,902,A1,653,1013,546,1559,9926,2554,12480,14039
20222023,071,LOGAN,351,Logan County,013,Chandlers Elementary School,351013,071351013,210354001544,GRREC,902,A1,438,1077,549,1626,10794,2922,13717,15343
20222023,071,LOGAN,351,Logan County,014,Lewisburg Elementary School,351014,071351014,210354001545,GRREC,902,A1,454,1600,678,2278,10265,2847,13113,15389
20222023,071,LOGAN,351,Logan County,016,Olmstead Elementary School,351016,071351016,210354001546,GRREC,902,A1,379,1208,533,1742,11654,3509,15166,16907
20222023,071,LOGAN,351,Logan County,030,The Academy,351030,071351030,210354002396,GRREC,902,A5,115,,,,,,,
20222023,071,LOGAN,351,Logan County,035,Cougar Virtual Academy,351035,071351035,"",GRREC,902,A5,6,,,,,,,
20222023,071,LOGAN,351,Logan County,140,Logan County High School,351140,071351140,210354001458,GRREC,902,A1,938,610,420,1030,9157,3539,12696,13726
20222023,059,KENTON,354,Ludlow Independent,"",---District Total---,354,"","",NKCES,905,"",782,840,1289,2128,11578,2954,14532,20618
20222023,059,KENTON,354,Ludlow Independent,010,Mary A. Goetz Elementary School,354010,059354010,210363000938,NKCES,905,A1,423,1034,1254,2288,10410,3673,14082,17393
20222023,059,KENTON,354,Ludlow Independent,020,Ludlow High School,354020,059354020,210363000939,NKCES,905,A1,359,488,1179,1667,13536,4473,18010,22336
20222023,072,LYON,361,Lyon County,"",---District Total---,361,"","",WKEC,908,"",939,788,658,1446,9781,2792,12573,15864
20222023,072,LYON,361,Lyon County,020,Lyon County Elementary School,361020,072361020,210369000942,WKEC,908,A1,410,563,611,1174,10444,2234,12417,13852
20222023,072,LYON,361,Lyon County,023,Lyon County Middle School,361023,072361023,210369001950,WKEC,908,A1,237,839,610,1449,8895,2506,11140,12849
20222023,072,LYON,361,Lyon County,070,Lyon County High School,361070,072361070,210369000943,WKEC,908,A1,292,337,649,986,9570,3808,13118,14364
20222023,073,MADISON,365,Madison County,"",---District Total---,365,"","",SESC,907,"",10981,1078,230,1309,9223,2163,11386,15044
20222023,073,MADISON,365,Madison County,007,Shannon Johnson Elementary School,365007,073365007,210372001901,SESC,907,A1,466,1106,183,1289,9806,1693,11499,15187
20222023,073,MADISON,365,Madison County,008,Boonesborough Elementary,365008,073365008,210372002481,SESC,907,A1,397,924,206,1130,8558,1889,10447,13780
20222023,073,MADISON,365,Madison County,010,Clark Moores Middle School,365010,073365010,210372000944,SESC,907,A1,551,1266,177,1443,8241,2517,10758,14577
20222023,073,MADISON,365,Madison County,015,Daniel Boone Elementary School,365015,073365015,210372000945,SESC,907,A1,498,1362,270,1632,8334,1768,10102,14113
20222023,073,MADISON,365,Madison County,018,Glenn R Marshall Elementary School,365018,073365018,210372002032,SESC,907,A1,432,1319,201,1520,10180,1999,12179,15901
20222023,073,MADISON,365,Madison County,020,Madison Middle School,365020,073365020,210372000250,SESC,907,A1,664,754,187,941,8414,1827,10241,13386
20222023,073,MADISON,365,Madison County,021,B. Michael Caudill Middle School,365021,073365021,210372002217,SESC,907,A1,481,1130,264,1394,9197,2267,11464,15260
20222023,073,MADISON,365,Madison County,030,Kingston Elementary School,365030,073365030,210372000946,SESC,907,A1,591,1214,306,1520,9112,1744,10856,14695
20222023,073,MADISON,365,Madison County,040,Kirksville Elementary School,365040,073365040,210372000947,SESC,907,A1,557,972,311,1283,8402,1754,10156,13754
20222023,073,MADISON,365,Madison County,045,Kit Carson Elementary School,365045,073365045,210372000948,SESC,907,A1,465,1143,200,1343,8822,1870,10692,14239
20222023,073,MADISON,365,Madison County,050,Madison Central High School,365050,073365050,210372000949,SESC,907,A1,2176,824,161,985,8064,2358,10422,13654
20222023,073,MADISON,365,Madison County,065,Bellevue Transitional School,365065,073365065,210372002484,SESC,907,A5,16,,,,,,,
20222023,073,MADISON,365,Madison County,100,Silver Creek Elementary School,365100,073365100,210372000950,SESC,907,A1,476,1101,347,1448,9684,2084,11768,15420
20222023,073,MADISON,365,Madison County,110,Madison Kindergarten Academy,365110,073365110,210372002392,SESC,907,A1,323,1096,299,1395,8979,1852,10831,14565
20222023,073,MADISON,365,Madison County,120,Waco Elementary School,365120,073365120,210372000951,SESC,907,A1,408,1311,96,1407,10153,2068,12221,15958
20222023,073,MADISON,365,Madison County,130,White Hall Elementary School,365130,073365130,210372000952,SESC,907,A1,384,1403,294,1697,9325,1919,11244,15360
20222023,073,MADISON,365,Madison County,132,Ignite Academy North,365132,073365132,"",SESC,907,A2,,,,,,,,
20222023,073,MADISON,365,Madison County,133,Ignite Academy South,365133,073365133,"",SESC,907,A2,,,,,,,,
20222023,073,MADISON,365,Madison County,140,Foley Middle School,365140,073365140,210372000953,SESC,907,A1,435,919,233,1152,9895,2051,11946,15520
20222023,073,MADISON,365,Madison County,145,Farristown Middle School,365145,073365145,210372002311,SESC,907,A1,453,1082,186,1268,9198,2446,11644,15116
20222023,073,MADISON,365,Madison County,150,Madison Southern High School,365150,073365150,210372001594,SESC,907,A1,1188,812,268,1080,9654,2505,12159,15523
20222023,073,MADISON,365,Madison County,160,Madison County Day Treatment,365160,073365160,210372001678,SESC,907,A6,20,,,,,,,
20222023,074,MAGOFFIN,371,Magoffin County,"",---District Total---,371,"","",KVEC,904,"",1863,2630,1178,3808,8801,2788,11589,20840
20222023,074,MAGOFFIN,371,Magoffin County,172,North Magoffin Elementary,371172,074371172,210375002238,KVEC,904,A1,362,3121,1031,4152,6959,2568,9526,15662
20222023,074,MAGOFFIN,371,Magoffin County,173,South Magoffin Elementary,371173,074371173,210375002227,KVEC,904,A1,183,2563,1176,3739,7995,3083,11077,16799
20222023,074,MAGOFFIN,371,Magoffin County,175,Herald Whitaker Middle School,371175,074371175,210375001618,KVEC,904,A1,247,2824,1165,4007,9769,3124,12876,19646
20222023,074,MAGOFFIN,371,Magoffin County,360,Salyersville Grade School,371360,074371360,210375000958,KVEC,904,A1,439,2979,1058,4028,7627,2289,9926,15937
20222023,074,MAGOFFIN,371,Magoffin County,370,Magoffin County High School,371370,074371370,210375000960,KVEC,904,A1,632,1376,1111,2487,8853,2472,11326,25241
20222023,075,MARION,375,Marion County,"",---District Total---,375,"","",CKEC,901,"",3091,1074,523,1596,10355,2245,12601,19877
20222023,075,MARION,375,Marion County,020,Calvary Elementary School,375020,075375020,210378000962,CKEC,901,A1,220,1378,572,1949,10597,2113,12710,20221
20222023,075,MARION,375,Marion County,030,Hugh C. Spalding Academy,375030,075375030,210378002328,CKEC,901,A5,149,,,,,,,
20222023,075,MARION,375,Marion County,040,Glasscock Elementary School,375040,075375040,210378000963,CKEC,901,A1,430,1179,534,1713,10244,1983,12226,19666
20222023,075,MARION,375,Marion County,085,Marion County Knight Academy,375085,075375085,210378002443,CKEC,901,A1,530,690,458,1148,9312,1786,11098,17807
20222023,075,MARION,375,Marion County,095,Marion County Middle School,375095,075375095,210378002454,CKEC,901,A1,418,1002,545,1547,10934,2023,12956,20210
20222023,075,MARION,375,Marion County,100,West Marion Elementary School,375100,075375100,210378001619,CKEC,901,A1,368,1396,494,1890,11307,2012,13319,20944
20222023,075,MARION,375,Marion County,210,Lebanon Elementary School,375210,075375210,210378000967,CKEC,901,A1,324,1346,663,2009,11444,2096,13540,21271
20222023,075,MARION,375,Marion County,515,Marion County High School,375515,075375515,210378000970,CKEC,901,A1,652,999,480,1480,11430,3466,14896,22122
20222023,076,MARSHALL,381,Marshall County,"",---District Total---,381,"","",WKEC,908,"",4295,690,892,1582,11366,2788,14154,17516
20222023,076,MARSHALL,381,Marshall County,005,Purchase Youth Village,381005,076381005,210381002445,WKEC,908,A6,30,,,,,,,
20222023,076,MARSHALL,381,Marshall County,010,Central Elementary School,381010,076381010,210381000272,WKEC,908,A1,446,670,1114,1784,12108,3376,15484,19284
20222023,076,MARSHALL,381,Marshall County,011,Benton Elementary School,381011,076381011,210381000971,WKEC,908,A1,486,799,989,1788,12573,3632,16204,18809
20222023,076,MARSHALL,381,Marshall County,025,MC Academy,381025,076381025,210381002474,WKEC,908,A5,115,,,,,,,
20222023,076,MARSHALL,381,Marshall County,040,Calvert City Elementary School,381040,076381040,210381000973,WKEC,908,A1,255,993,989,2188,14936,3564,18500,23076
20222023,076,MARSHALL,381,Marshall County,085,Jonathan Elementary School,381085,076381085,210381000975,WKEC,908,A1,236,611,1155,1766,13785,3305,17091,19531
20222023,076,MARSHALL,381,Marshall County,088,Marshall County High School,381088,076381088,210381000976,WKEC,908,A1,1216,585,538,1123,12388,3618,16006,18129
20222023,076,MARSHALL,381,Marshall County,090,North Marshall Middle School,381090,076381090,210381000977,WKEC,908,A1,494,767,525,1292,11216,2518,13734,15590
20222023,076,MARSHALL,381,Marshall County,100,Sharpe Elementary School,381100,076381100,210381000978,WKEC,908,A1,294,788,732,1520,12939,2673,15612,17469
20222023,076,MARSHALL,381,Marshall County,105,South Marshall Elementary School,381105,076381105,210381000979,WKEC,908,A1,262,993,1012,2004,15004,3058,18063,20056
20222023,076,MARSHALL,381,Marshall County,111,South Marshall Middle,381111,076381111,210381002428,WKEC,908,A1,461,643,401,1044,10565,2519,13084,14879
20222023,076,MARSHALL,381,Marshall County,904,Marshall County Technical Center,381904,076381904,210381001509,WKEC,908,A2,,,,,,,,
20222023,077,MARTIN,385,Martin County,"",---District Total---,385,"","",KEDC,903,"",1609,2833,567,3399,8961,3871,12832,18617
20222023,077,MARTIN,385,Martin County,051,Eden Elementary School,385051,077385051,210384001902,KEDC,903,A1,383,1819,489,2308,9248,3619,12867,15179
20222023,077,MARTIN,385,Martin County,120,Inez Elementary School,385120,077385120,210384000982,KEDC,903,A1,213,3639,486,4125,12667,3557,16224,18579
20222023,077,MARTIN,385,Martin County,250,Martin County High School,385250,077385250,210384000985,KEDC,903,A1,497,1485,454,1939,10272,3974,14246,16614
20222023,077,MARTIN,385,Martin County,300,Warfield Elementary School,385300,077385300,210384000988,KEDC,903,A1,262,2394,469,2863,10713,3313,14026,16344
20222023,077,MARTIN,385,Martin County,330,Martin County Middle School,385330,077385330,210384002386,KEDC,903,A1,254,2682,630,3312,10620,5573,16193,18668
20222023,078,MASON,391,Mason County,"",---District Total---,391,"","",KEDC,903,"",2474,1363,656,2019,9867,2578,12444,20926
20222023,078,MASON,391,Mason County,011,Mason County Intermediate School,391011,078391011,210387002000,KEDC,903,A1,530,2822,1067,3798,20484,4763,25258,32246
20222023,078,MASON,391,Mason County,030,Mason County High School,391030,078391030,210387000989,KEDC,903,A1,832,2005,971,2877,19037,5454,24536,33073
20222023,078,MASON,391,Mason County,050,Mason County Middle School,391050,078391050,210387000991,KEDC,903,A1,594,2632,956,3497,19789,4130,29930,48040
20222023,078,MASON,391,Mason County,080,Charles Straub Elementary School,391080,078391080,210387001460,KEDC,903,A1,518,3467,1114,4490,23349,4613,27974,35012
20222023,042,GRAVES,392,Mayfield Independent,"",---District Total---,392,"","",WKEC,908,"",1827,1763,894,2657,9870,3291,13161,20162
20222023,042,GRAVES,392,Mayfield Independent,031,Mayfield Elementary School,392031,042392031,210390002001,WKEC,908,A1,770,3534,1714,5248,24739,7198,28051,28051
20222023,042,GRAVES,392,Mayfield Independent,060,Mayfield High School,392060,042392060,210390000995,WKEC,908,A1,530,3432,1933,5365,22116,7725,17560,22925
20222023,042,GRAVES,392,Mayfield Independent,065,Mayfield Middle School,392065,042392065,210390000996,WKEC,908,A1,527,3345,1562,4907,19525,7198,16576,21481
20222023,079,MCCRACKEN,395,McCracken County,"",---District Total---,395,"","",WKEC,908,"",6622,742,590,1332,10655,2187,12842,18428
20222023,079,MCCRACKEN,395,McCracken County,010,Concord Elementary School,395010,079395010,210396001001,WKEC,908,A1,568,611,612,1186,10925,2632,13557,15632
20222023,079,MCCRACKEN,395,McCracken County,012,McCracken Open Campus School,395012,079395012,210396001801,WKEC,908,A5,108,,,,,,,
20222023,079,MCCRACKEN,395,McCracken County,013,McCracken Regional School,395013,079395013,210396001862,WKEC,908,A6,23,,,,,,,
20222023,079,MCCRACKEN,395,McCracken County,015,McCracken County High School,395015,079395015,210396002332,WKEC,908,A1,1932,535,573,1108,10244,3148,13391,15390
20222023,079,MCCRACKEN,395,McCracken County,030,Reidland Intermediate School,395030,079395030,210396002419,WKEC,908,A1,224,1487,600,2199,12520,2813,15333,17474
20222023,079,MCCRACKEN,395,McCracken County,055,Heath Middle School,395055,079395055,210396001006,WKEC,908,A1,408,1152,495,1738,12450,3221,15671,19813
20222023,079,MCCRACKEN,395,McCracken County,065,Hendron Lone Oak Elementary School,395065,079395065,210396001431,WKEC,908,A1,448,765,641,1469,12673,2583,15255,17418
20222023,079,MCCRACKEN,395,McCracken County,075,Lone Oak Intermediate School,395075,079395075,210396002374,WKEC,908,A1,429,654,534,1260,11356,2504,13860,42007
20222023,079,MCCRACKEN,395,McCracken County,080,Lone Oak Elementary School,395080,079395080,210396001009,WKEC,908,A1,460,823,582,1344,12379,2592,14971,17059
20222023,079,MCCRACKEN,395,McCracken County,085,Lone Oak Middle School,395085,079395085,210396001010,WKEC,908,A1,771,774,507,1241,11079,2366,13445,17284
20222023,079,MCCRACKEN,395,McCracken County,100,Reidland Elementary School,395100,079395100,210396001011,WKEC,908,A1,498,925,717,1642,12606,2600,15206,17731
20222023,079,MCCRACKEN,395,McCracken County,115,Reidland Middle School,395115,079395115,210396001013,WKEC,908,A1,315,999,700,1619,12427,3097,15524,19896
20222023,079,MCCRACKEN,395,McCracken County,120,Heath Elementary School,395120,079395120,210396001461,WKEC,908,A1,438,722,555,1240,12449,2423,14873,17064
20222023,080,MCCREARY,401,McCreary County,"",---District Total---,401,"","",SESC,907,"",2592,1597,929,2526,10697,2325,13022,18393
20222023,080,MCCREARY,401,McCreary County,010,McCreary Central High School,401010,080401010,210399001014,SESC,907,A1,744,890,418,1308,10560,2821,9667,15028
20222023,080,MCCREARY,401,McCreary County,014,McCreary County Middle School,401014,080401014,210399002002,SESC,907,A1,604,1672.00,748.00,2420.00,9759.00,2018.00,7508.00,20272.00
20222023,080,MCCREARY,401,McCreary County,020,Pine Knot Intermediate,401020,080401020,210399002451,SESC,907,A1,757,1950.00,1301.00,3251.00,10986.00,2257,7404.00,16612.00
20222023,080,MCCREARY,401,McCreary County,330,Whitley City Elementary School,401330,080401330,210399001021,SESC,907,A1,487,2035.00,1360.00,3395.00,11616.00,2258.00,7979.00,17448.00
20222023,081,MCLEAN,405,McLean County,"",---District Total---,405,"","",GRREC,902,"",1340,1192,264,1456,11041,2442,13483,15976
20222023,081,MCLEAN,405,McLean County,020,Calhoun Elementary School,405020,081405020,210402001023,GRREC,902,A1,284,1381,291,1672,9756,2282,12038,14503
20222023,081,MCLEAN,405,McLean County,050,Livermore Elementary School,405050,081405050,210402001025,GRREC,902,A1,205,1943,376,2317,12620,2408,15028,18140
20222023,081,MCLEAN,405,McLean County,065,McLean County High School,405065,081405065,210402001026,GRREC,902,A1,394,959,197,1154,11627,2657,14284,16233
20222023,081,MCLEAN,405,McLean County,070,Marie Gatton Phillips Elementary,405070,081405070,210402001027,GRREC,902,A1,112,1280,576,1856,10330,2625,12952,15604
20222023,081,MCLEAN,405,McLean County,075,McLean County Middle School,405075,081405075,210402001140,GRREC,902,A1,324,815,149,967,10663,2265,12928,14689
20222023,081,MCLEAN,405,McLean County,100,McLean County Alternative Center,405100,081405100,210402002508,GRREC,902,A5,21,,,,,,,
20222023,082,MEADE,411,Meade County,"",---District Total---,411,"","",GRREC,902,"",4753,749,335,1084,8927,2074,11000,15573
20222023,082,MEADE,411,Meade County,011,David T. Wilson Elementary,411011,082411011,210405001644,GRREC,902,A1,501,1049,378,1427,8291,1954,10245,15258
20222023,082,MEADE,411,Meade County,012,Brandenburg High School,411012,082411012,210405001930,GRREC,902,A5,2,,,,,,,
20222023,082,MEADE,411,Meade County,013,James R. Allen High School,411013,082411013,210405002202,GRREC,902,A5,44,,,,,,,
20222023,082,MEADE,411,Meade County,015,Stuart Pepper Middle School,411015,082411015,210405001029,GRREC,902,A1,759,430,197,627,7918,1649,9567,13675
20222023,082,MEADE,411,Meade County,030,Flaherty Primary School,411030,082411030,210405002295,GRREC,902,A1,409,821,359,1180,9196,1821,11017,15601
20222023,082,MEADE,411,Meade County,040,Ekron Elementary School,411040,082411040,210405001032,GRREC,902,A1,366,1065,517,1582,9954,1921,11875,17003
20222023,082,MEADE,411,Meade County,050,Flaherty Elementary School,411050,082411050,210405001033,GRREC,902,A1,272,983,218,1201,9013,2116,11129,16045
20222023,082,MEADE,411,Meade County,060,Barry Hahn Primary School,411060,082411060,210405001034,GRREC,902,A1,691,1063,344,1407,9883,1992,11875,16636
20222023,082,MEADE,411,Meade County,070,Meade County High School,411070,082411070,210405001035,GRREC,902,A1,1453,455,354,809,8879,2553,11432,15706
20222023,082,MEADE,411,Meade County,090,Payneville Elementary School,411090,082411090,210405001037,GRREC,902,A1,256,1233,397,1630,9982,1891,11873,17018
20222023,083,MENIFEE,415,Menifee County,"",---District Total---,415,"","",KEDC,903,"",938,2418,779,3197,11148,4256,15404,24220
20222023,083,MENIFEE,415,Menifee County,005,Frenchburg Success Academy,415005,083415005,210408002496,KEDC,903,A6,1,,,,,,,
20222023,083,MENIFEE,415,Menifee County,010,Menifee Central School,415010,083415010,210408002531,KEDC,903,A1,633,2459,802,3261,12961,4482,17443,23128
20222023,083,MENIFEE,415,Menifee County,090,Menifee County High School,415090,083415090,210408001040,KEDC,903,A1,278,2557,801,3358,16248,6403,22651,29109
20222023,084,MERCER,421,Mercer County,"",---District Total---,421,"","",CKEC,901,"",2537,879,678,1557,10992,2492,13484,19422
20222023,084,MERCER,421,Mercer County,015,Mercer County Senior High School,421015,084421015,210411002168,CKEC,901,A1,696,582,525,1107,10789,3147,13937,15044
20222023,084,MERCER,421,Mercer County,027,Mercer County Day Treatment,421027,084421027,210411001491,CKEC,901,A6,17,,,,,,,
20222023,084,MERCER,421,Mercer County,035,Kenneth D. King Middle School,421035,084421035,210411000482,CKEC,901,A1,616,666,537,1203,10966,2086,13053,14256
20222023,084,MERCER,421,Mercer County,040,Mercer Central,421040,084421040,210411002285,CKEC,901,A5,64,,,,,,,
20222023,084,MERCER,421,Mercer County,050,Mercer County Intermediate School,421050,084421050,210411002273,CKEC,901,A1,579,875,741,1616,9170,2159,11330,12946
20222023,084,MERCER,421,Mercer County,070,Mercer County Elementary School,421070,084421070,210411001042,CKEC,901,A1,565,1137,744,1881,9748,1841,11589,13470
20222023,085,METCALFE,425,Metcalfe County,"",---District Total---,425,"","",GRREC,902,"",1389,1946,1150,3095,9556,2791,12348,18530
20222023,085,METCALFE,425,Metcalfe County,010,Metcalfe County Middle School,425010,085425010,210414000729,GRREC,902,A1,366,1671,814,2485,8405,2415,10821,14788
20222023,085,METCALFE,425,Metcalfe County,050,Metcalfe County High School,425050,085425050,210414001044,GRREC,902,A1,443,1550,1346,2896,10750,3685,14441,18818
20222023,085,METCALFE,425,Metcalfe County,060,Metcalfe County Elementary School,425060,085425060,210414002383,GRREC,902,A1,580,2421,1211,3632,9364,2346,11711,16823
20222023,007,BELL,426,Middlesboro Independent,"",---District Total---,426,"","",SESC,907,"",1008,4514,1869,6383,9731,3240,12972,24441
20222023,007,BELL,426,Middlesboro Independent,023,Middlesboro Alternative School,426023,007426023,210417001680,SESC,907,A5,34,,,,,,,
20222023,007,BELL,426,Middlesboro Independent,030,Middlesboro Elementary School,426030,007426030,210417001048,SESC,907,A1,363,4743,2155,6898,9583,3302,12885,24518
20222023,007,BELL,426,Middlesboro Independent,035,Middlesboro Group Home School,426035,007426035,210417002521,SESC,907,A6,7,,,,,,,
20222023,007,BELL,426,Middlesboro Independent,040,Middlesboro Middle School,426040,007426040,210417001049,SESC,907,A1,271,4897,1594,6492,9583,2928,12400,24080
20222023,007,BELL,426,Middlesboro Independent,080,Middlesboro High School,426080,007426080,210417001050,SESC,907,A1,333,4188,1881,6069,10661,3536,14363,25410
20222023,086,MONROE,431,Monroe County,"",---District Total---,431,"","",GRREC,902,"",1722,2405,765,3170,10782,3179,13961,22817
20222023,086,MONROE,431,Monroe County,150,Gamaliel Elementary,431150,086431150,210420001052,GRREC,902,A1,262,2757,715,3472,9969,3405,13374,16846
20222023,086,MONROE,431,Monroe County,160,Monroe Co Middle,431160,086431160,210420001053,GRREC,902,A1,381,1812,716,2529,10132,2978,13110,15638
20222023,086,MONROE,431,Monroe County,212,Joe Harrison Carter,431212,086431212,210420001054,GRREC,902,A1,232,2773,773,3546,10039,3607,13646,17192
20222023,086,MONROE,431,Monroe County,440,Tompkinsville Elem,431440,086431440,210420001055,GRREC,902,A1,327,3796,680,4476,10834,2920,13754,18230
20222023,086,MONROE,431,Monroe County,450,Monroe Co High,431450,086431450,210420001056,GRREC,902,A1,520,1624,849,2473,11966,3318,15284,17756
20222023,087,MONTGOMERY,435,Montgomery County,"",---District Total---,435,"","",CKEC,901,"",4300,1167,537,1704,8724,2611,11334,15891
20222023,087,MONTGOMERY,435,Montgomery County,010,Camargo Elementary School,435010,087435010,210425001057,CKEC,901,A1,535,1660,545,2205,9380,2328,11708,25631
20222023,087,MONTGOMERY,435,Montgomery County,014,Gateway Children's Services,435014,087435014,210425001868,CKEC,901,A6,15,,,,,,,
20222023,087,MONTGOMERY,435,Montgomery County,025,Northview Elementary,435025,087435025,210425002472,CKEC,901,A1,556,1513,577,2091,8822,2194,11115,14497
20222023,087,MONTGOMERY,435,Montgomery County,030,Mapleton Elementary School,435030,087435030,210425001058,CKEC,901,A1,455,1610,605,2215,10289,2544,12906,16274
20222023,087,MONTGOMERY,435,Montgomery County,040,Montgomery County High School,435040,087435040,210425001059,CKEC,901,A1,1303,765,500,1265,7939,3095,11034,13945
20222023,087,MONTGOMERY,435,Montgomery County,050,Mount Sterling Elementary School,435050,087435050,210425001060,CKEC,901,A1,369,1931,643,2574,10152,2733,12644,18655
20222023,087,MONTGOMERY,435,Montgomery County,070,McNabb Middle School,435070,087435070,210425001538,CKEC,901,A1,1008,806,477,1283,8003,2430,10433,12964
20222023,087,MONTGOMERY,435,Montgomery County,080,The Sterling School,435080,087435080,210425002317,CKEC,901,A5,59,,,,,,,
20222023,088,MORGAN,441,Morgan County,"",---District Total---,441,"","",KEDC,903,"",1839,1607,651,2259,9871,2748,12619,17525
20222023,088,MORGAN,441,Morgan County,015,Morgan Central Elementary School,441015,088441015,210429002194,KEDC,903,A1,278,1910,362,2272,9796,2313,12109,17451
20222023,088,MORGAN,441,Morgan County,018,Wrigley Elementary School,441018,088441018,210429002214,KEDC,903,A1,295,1981,326,2307,9889,2111,12000,17150
20222023,088,MORGAN,441,Morgan County,050,East Valley Elementary School,441050,088441050,210429001549,KEDC,903,A1,114,2174,530,2704,14413,2883,17296,24464
20222023,088,MORGAN,441,Morgan County,090,Ezel Elementary School,441090,088441090,210429001066,KEDC,903,A1,119,3220,538,3758,10634,3014,13648,20294
20222023,088,MORGAN,441,Morgan County,140,Morgan County Middle School,441140,088441140,210429001067,KEDC,903,A1,411,1576,388,1964,9249,2107,11356,16457
20222023,088,MORGAN,441,Morgan County,150,Morgan County High School,441150,088441150,210429001068,KEDC,903,A1,593,874,278,1152,9186,2504,11690,16560
20222023,088,MORGAN,441,Morgan County,230,Woodsbend Youth Development Center,441230,088441230,210429001070,KEDC,903,A6,29,,,,,,,
20222023,089,MUHLENBERG,445,Muhlenberg County,"",---District Total---,445,"","",WKEC,908,"",4225,1682,264,1947,10037,2903,12940,16795
20222023,089,MUHLENBERG,445,Muhlenberg County,010,Bremen Elementary School,445010,089445010,210008101072,WKEC,908,A1,319,4399,236,4638,12031,1251,14693,14181
20222023,089,MUHLENBERG,445,Muhlenberg County,012,Muhlenberg South Elementary,445012,089445012,210008101967,WKEC,908,A1,489,1817,259,2079,12329,1047,14789,14278
20222023,089,MUHLENBERG,445,Muhlenberg County,030,Central City Elementary,445030,089445030,210008101514,WKEC,908,A1,358,3191,260,3454,12045,1856,15333,14822
20222023,089,MUHLENBERG,445,Muhlenberg County,035,The Renaissance Center,445035,089445035,210008101515,WKEC,908,A5,96,,,,,,,
20222023,089,MUHLENBERG,445,Muhlenberg County,040,Greenville Elementary School,445040,089445040,210008101516,WKEC,908,A1,521,1271,310,1584,11754,1089,14225,13429
20222023,089,MUHLENBERG,445,Muhlenberg County,045,Muhlenberg South Middle School,445045,089445045,210008101517,WKEC,908,A1,423,776,229,1008,11805,2736,15868,15357
20222023,089,MUHLENBERG,445,Muhlenberg County,115,Longest Elementary,445115,089445115,210008101080,WKEC,908,A1,368,1725,255,1982,12066,1109,14577,14066
20222023,089,MUHLENBERG,445,Muhlenberg County,150,Muhlenberg North Middle,445150,089445150,210008101081,WKEC,908,A1,484,540,229,771,12064,1230,14682,14171
20222023,089,MUHLENBERG,445,Muhlenberg County,175,Muhlenberg County High School,445175,089445175,210008102258,WKEC,908,A1,1116,1577,291,1870,11284,2165,14838,11429
20222023,089,MUHLENBERG,445,Muhlenberg County,902,Muhlenberg County Career & Tech Center,445902,089445902,210008102139,WKEC,908,A2,,,,,,,,
20222023,018,CALLOWAY,446,Murray Independent,"",---District Total---,446,"","",WKEC,908,"",1762,3928,979,4908,10088,1579,11667,17645
20222023,018,CALLOWAY,446,Murray Independent,020,Murray Elementary School,446020,018446020,210438001084,WKEC,908,A1,549,2386,1366,3751,18965,2456,21421,25599
20222023,018,CALLOWAY,446,Murray Independent,030,Murray Middle School,446030,018446030,210438001085,WKEC,908,A1,656,2276,1429,3705,18248,2716,20964,25095
20222023,018,CALLOWAY,446,Murray Independent,050,Murray High School,446050,018446050,210438001086,WKEC,908,A1,557,1877,1353,3230,20066,4349,24416,28099
20222023,018,CALLOWAY,446,Murray Independent,075,Murray Preschool Head Start,446075,018446075,210438000933,WKEC,908,A4,0,,,,,,,
20222023,090,NELSON,451,Nelson County,"",---District Total---,451,"","",CKEC,901,"",4272,1223,174,1397,10974,2941,13914,17218
20222023,090,NELSON,451,Nelson County,010,Bloomfield Middle School,451010,090451010,210441001087,CKEC,901,A1,351,738,102,840,9944,2508,12452,15222
20222023,090,NELSON,451,Nelson County,011,The New Haven School,451011,090451011,210441001937,CKEC,901,A1,344,1919,498,2417,11046,2770,13816,18162
20222023,090,NELSON,451,Nelson County,013,Bloomfield Elementary School,451013,090451013,210441002006,CKEC,901,A1,250,1938,137,2075,13907,3141,17048,21054
20222023,090,NELSON,451,Nelson County,019,The Academy at Horizons,451019,090451019,210441002212,CKEC,901,A5,53,,,,,,,
20222023,090,NELSON,451,Nelson County,030,Boston School,451030,090451030,210441001089,CKEC,901,A1,363,1741,134,1875,10905,2613,13518,17323
20222023,090,NELSON,451,Nelson County,050,Coxs Creek Elementary School,451050,090451050,210441001091,CKEC,901,A1,475,1593,103,1696,9858,2329,12187,15814
20222023,090,NELSON,451,Nelson County,070,Foster Heights Elementary School,451070,090451070,210441001093,CKEC,901,A1,676,1495,229,1724,10146,2279,12425,16079
20222023,090,NELSON,451,Nelson County,071,Nelson County Early Learning Center,451071,090451071,210441002261,CKEC,901,A4,0,,,,,,,
20222023,090,NELSON,451,Nelson County,090,Old Kentucky Home Middle School,451090,090451090,210441001095,CKEC,901,A1,369,822,132,954,10626,2902,13528,16412
20222023,090,NELSON,451,Nelson County,100,Nelson County High School,451100,090451100,210441001096,CKEC,901,A1,747,597,118,715,9634,3353,12987,15632
20222023,090,NELSON,451,Nelson County,101,Thomas Nelson High School,451101,090451101,210441002324,CKEC,901,A1,644,767,80,847,9467,3323,12790,15567
20222023,090,NELSON,451,Nelson County,143,THE UP CENTER,451143,090451143,"",CKEC,901,A2,,,,,,,,
20222023,019,CAMPBELL,452,Newport Independent,"",---District Total---,452,"","",NKCES,905,"",1327,4259,262,4521,14913,4236,19149,30035
20222023,019,CAMPBELL,452,Newport Independent,018,Newport Regional School,452018,019452018,210444002401,NKCES,905,A6,15,,,,,,,
20222023,019,CAMPBELL,452,Newport Independent,020,Newport Primary School,452020,019452020,210444001099,NKCES,905,A1,316,4209,770,4698,14295,3487,17787,28969
20222023,019,CAMPBELL,452,Newport Independent,030,Newport School of Innovation,452030,019452030,210444002493,NKCES,905,A5,53,,,,,,,
20222023,019,CAMPBELL,452,Newport Independent,040,Newport Intermediate School,452040,019452040,210444001100,NKCES,905,A1,377,4313,152,3727,14332,3668,18464,28600
20222023,019,CAMPBELL,452,Newport Independent,070,Newport High School,452070,019452070,210444001103,NKCES,905,A1,566,3957,216,3902,14169,4400,18565,28717
20222023,091,NICHOLAS,455,Nicholas County,"",---District Total---,455,"","",CKEC,901,"",1023,2162,234,2396,8542,2774,11316,21983
20222023,091,NICHOLAS,455,Nicholas County,020,Nicholas County Elementary School,455020,091455020,210447001106,CKEC,901,A1,577,3765,319,4085,17858,4189,22047,30318
20222023,091,NICHOLAS,455,Nicholas County,030,Nicholas County High School,455030,091455030,210447001107,CKEC,901,A1,446,3433,345,3788,18110,5780,23890,44995
20222023,092,OHIO,461,Ohio County,"",---District Total---,461,"","",GRREC,902,"",3733,1320,554,1873,8943,2064,11007,14179
20222023,092,OHIO,461,Ohio County,010,Beaver Dam Elementary School,461010,092461010,210450001108,GRREC,902,A1,499,1359,539,1898,9925,1699,11624,15025
20222023,092,OHIO,461,Ohio County,011,Ohio County Day Treatment,461011,092461011,210450002361,GRREC,902,A6,25,,,,,,,
20222023,092,OHIO,461,Ohio County,012,Ohio County Alternative Learning Program,461012,092461012,210450002353,GRREC,902,A5,12,,,,,,,
20222023,092,OHIO,461,Ohio County,090,Fordsville Elementary School,461090,092461090,210450001112,GRREC,902,A1,217,1657,554,2209,11571,3012,14583,18500
20222023,092,OHIO,461,Ohio County,110,Ohio County Middle School,461110,092461110,210450001114,GRREC,902,A1,547,1190,451,1640,8194,1724,9918,13022
20222023,092,OHIO,461,Ohio County,140,Horse Branch Elementary School,461140,092461140,210450001115,GRREC,902,A1,180,1737,568,2305,11093,2199,13292,17368
20222023,092,OHIO,461,Ohio County,155,Ohio County High School,461155,092461155,210450001116,GRREC,902,A1,1125,1167,549,1720,7440,2241,9681,12953
20222023,092,OHIO,461,Ohio County,170,Southern Elementary School,461170,092461170,210450001118,GRREC,902,A1,271,984,566,1549,9644,1969,11613,14736
20222023,092,OHIO,461,Ohio County,190,Wayland Alexander Elementary School,461190,092461190,210450001119,GRREC,902,A1,607,1217,642,1858,8769,1762,10531,13847
20222023,092,OHIO,461,Ohio County,200,Western Elementary School,461200,092461200,210450001120,GRREC,902,A1,250,1829,509,2338,9464,2566,12030,15949
20222023,093,OLDHAM,465,Oldham County,"",---District Total---,465,"","",OVEC,906,"",12169,621,122,742,9984,2736,12720,15381
20222023,093,OLDHAM,465,Oldham County,005,Camden Station Elementary School,465005,093465005,210453001597,OVEC,906,A1,509,1044,125,1169,11741,2088,13830,16325
20222023,093,OLDHAM,465,Oldham County,007,Buckner Elementary School,465007,093465007,210453001817,OVEC,906,A1,657,955,126,1082,11298,2175,13473,15540
20222023,093,OLDHAM,465,Oldham County,010,Centerfield Elementary School,465010,093465010,210453001121,OVEC,906,A1,518,876,136,1012,12088,2146,14234,16432
20222023,093,OLDHAM,465,Oldham County,012,North Oldham High School,465012,093465012,210453001953,OVEC,906,A1,986,305,72,378,9846,2853,12699,15093
20222023,093,OLDHAM,465,Oldham County,013,Kenwood Station Elementary School,465013,093465013,210453002007,OVEC,906,A1,657,633,102,734,10396,2037,12432,14258
20222023,093,OLDHAM,465,Oldham County,014,Harmony Elementary School,465014,093465014,210453002008,OVEC,906,A1,643,660,112,772,10174,2032,12206,14131
20222023,093,OLDHAM,465,Oldham County,015,East Oldham Middle School,465015,093465015,210453002009,OVEC,906,A1,621,305,86,392,9777,2281,12058,16560
20222023,093,OLDHAM,465,Oldham County,020,Crestwood Elementary School,465020,093465020,210453001122,OVEC,906,A1,540,1082,140,1222,10971,2347,13318,15421
20222023,093,OLDHAM,465,Oldham County,025,Goshen At Hillcrest Elementary School,465025,093465025,210453001432,OVEC,906,A1,648,793,115,908,10514,2179,12693,14695
20222023,093,OLDHAM,465,Oldham County,028,Locust Grove Elementary School,465028,093465028,210453002196,OVEC,906,A1,603,770,109,879,10185,2076,12261,14400
20222023,093,OLDHAM,465,Oldham County,030,LaGrange Elementary School,465030,093465030,210453001123,OVEC,906,A1,463,1254,156,1409,14043,2743,16786,18721
20222023,093,OLDHAM,465,Oldham County,060,Oldham County High School,465060,093465060,210453001125,OVEC,906,A1,1635,422,83,505,8769,2608,11378,14007
20222023,093,OLDHAM,465,Oldham County,070,Oldham County Middle School,465070,093465070,210453001126,OVEC,906,A1,699,502,85,587,10394,2179,12573,14360
20222023,093,OLDHAM,465,Oldham County,080,Buckner Alternative High School,465080,093465080,210453000735,OVEC,906,A5,65,,,,,,,
20222023,093,OLDHAM,465,Oldham County,090,South Oldham Middle School,465090,093465090,210453001433,OVEC,906,A1,832,305,80,385,9639,2159,11798,13537
20222023,093,OLDHAM,465,Oldham County,095,South Oldham High School,465095,093465095,210453001620,OVEC,906,A1,1315,378,82,460,9247,2879,12127,14553
20222023,093,OLDHAM,465,Oldham County,100,Oldham County Preschool,465100,093465100,210453000736,OVEC,906,A4,0,,,,,,,
20222023,093,OLDHAM,465,Oldham County,105,Creative and Performing Arts,465105,093465105,210453002503,OVEC,906,A2,,,,,,,,
20222023,093,OLDHAM,465,Oldham County,350,North Oldham Middle School,465350,093465350,210453001552,OVEC,906,A1,778,333,85,418,9361,2385,11747,13851
20222023,093,OLDHAM,465,Oldham County,905,The Robert L. Arvin Education Center,465905,093465905,210453001818,OVEC,906,A2,,,,,,,,
20222023,094,OWEN,471,Owen County,"",---District Total---,471,"","",OVEC,906,"",1617,790,556,1346,10863,3114,13977,20384
20222023,094,OWEN,471,Owen County,075,Owen County Elementary/Primary School,471075,094471075,210456001127,OVEC,906,A1,601,1198,442,1192,10485,2436,13371,16247
20222023,094,OWEN,471,Owen County,078,Maurice Bowling Middle School,471078,094471078,210456001539,OVEC,906,A1,473,1544,681,1541,9186,2621,12492,15520
20222023,094,OWEN,471,Owen County,080,Owen County High School,471080,094471080,210456001128,OVEC,906,A1,543,1143,497,1138,9236,3863,13601,19098
20222023,030,DAVIESS,472,Owensboro Independent,"",---District Total---,472,"","",GRREC,902,"",4810,2229,770,2999,11971,2003,13974,18970
20222023,030,DAVIESS,472,Owensboro Independent,010,Cravens Elementary School,472010,030472010,210459001129,GRREC,902,A1,364,2408,683,3091,11694,1597,13291,18405
20222023,030,DAVIESS,472,Owensboro Independent,015,Emerson Academy,472015,030472015,210459002011,GRREC,902,A5,110,,,,,,,
20222023,030,DAVIESS,472,Owensboro Independent,030,Estes Elementary School,472030,030472030,210459001130,GRREC,902,A1,421,2712,872,3583,12237,1695,13932,19527
20222023,030,DAVIESS,472,Owensboro Independent,060,Foust Elementary School,472060,030472060,210459001132,GRREC,902,A1,417,2726,736,3462,11662,1851,13513,18988
20222023,030,DAVIESS,472,Owensboro Independent,100,Newton Parrish Elementary School,472100,030472100,210459001135,GRREC,902,A1,559,2434,689,3122,9905,1383,11288,16378
20222023,030,DAVIESS,472,Owensboro Independent,102,Owensboro Innovation Middle School,472102,030472102,210459002304,GRREC,902,A1,307,1843,362,2205,11642,2223,13865,18127
20222023,030,DAVIESS,472,Owensboro Independent,108,Owensboro Middle School,472108,030472108,210459002305,GRREC,902,A1,785,1793,663,2456,11707,2048,13756,18152
20222023,030,DAVIESS,472,Owensboro Independent,110,Owensboro High School,472110,030472110,210459001136,GRREC,902,A1,1297,1878,1012,2890,11473,2742,14214,19015
20222023,030,DAVIESS,472,Owensboro Independent,116,Owensboro Innovation Academy,472116,030472116,210459002411,GRREC,902,A2,,,,,,,,
20222023,030,DAVIESS,472,Owensboro Independent,140,Sutton Elementary School,472140,030472140,210459001139,GRREC,902,A1,550,1785,694,2480,10013,1500,11514,15943
20222023,030,DAVIESS,472,Owensboro Independent,180,Hager Preschool,472180,030472180,210459001685,GRREC,902,A4,0,,,,,,,
20222023,095,OWSLEY,475,Owsley County,"",---District Total---,475,"","",KVEC,904,"",624,5097,3773,8870,11141,4514,15655,25668
20222023,095,OWSLEY,475,Owsley County,020,Owsley County Elementary School,475020,095475020,210462001142,KVEC,904,A1,279,3574,3063,6636,9355,4658,15959,27298
20222023,095,OWSLEY,475,Owsley County,080,Owsley County High School,475080,095475080,210462001143,KVEC,904,A1,345,2884,2875,5759,9005,4427,15414,24976
20222023,079,MCCRACKEN,476,Paducah Independent,"",---District Total---,476,"","",WKEC,908,"",2769,1650,1534,3184,12100,2190,14290,27473
20222023,079,MCCRACKEN,476,Paducah Independent,010,Paducah Middle School,476010,079476010,210465001144,WKEC,908,A1,637,1991,1903,3894,21379,4993,27156,35919
20222023,079,MCCRACKEN,476,Paducah Independent,015,Paducah Head Start Preschool,476015,079476015,210465001571,WKEC,908,A4,0,,,,,,,
20222023,079,MCCRACKEN,476,Paducah Independent,016,Choices Educational Center,476016,079476016,210465002364,WKEC,908,A5,56,,,,,,,
20222023,079,MCCRACKEN,476,Paducah Independent,020,Clark Elementary School,476020,079476020,210465001146,WKEC,908,A1,610,2147,1909,4008,21852,4741,26868,35722
20222023,079,MCCRACKEN,476,Paducah Independent,080,McNabb Elementary School,476080,079476080,210465001150,WKEC,908,A1,329,3049,1953,4999,25765,4813,29300,41715
20222023,079,MCCRACKEN,476,Paducah Independent,150,Morgan Elementary School,476150,079476150,210465001152,WKEC,908,A1,370,2847,1906,4752,25428,4780,29070,41088
20222023,079,MCCRACKEN,476,Paducah Independent,170,Paducah Tilghman High School,476170,079476170,210465001154,WKEC,908,A1,767,1796,2326,4123,23099,5513,30730,42934
20222023,058,JOHNSON,477,Paintsville Independent,"",---District Total---,477,"","",KEDC,903,"",754,1356,615,1971,10764,3229,13994,18535
20222023,058,JOHNSON,477,Paintsville Independent,010,Paintsville Elementary School,477010,058477010,210468001155,KEDC,903,A1,402,739,604,1308,12254,2210,13155,16855
20222023,058,JOHNSON,477,Paintsville Independent,020,Paintsville High School,477020,058477020,210468001156,KEDC,903,A1,325,1461,613,2040,13875,3711,15547,20217
20222023,009,BOURBON,478,Paris Independent,"",---District Total---,478,"","",CKEC,901,"",685,2038,812,2851,11714,2924,14638,20522
20222023,009,BOURBON,478,Paris Independent,010,Paris Elementary School,478010,009478010,210471001157,CKEC,901,A1,314,2552,1086,3580,16653,2095,12563,18589
20222023,009,BOURBON,478,Paris Independent,020,Paris High School,478020,009478020,210471001158,CKEC,901,A1,218,1387,498,1885,11969,4907,16876,21412
20222023,009,BOURBON,478,Paris Independent,030,Paris Middle School,478030,009478030,210471001159,CKEC,901,A1,153,1243,590,1833,3658,1681,14424,18169
20222023,009,BOURBON,478,Paris Independent,040,Paris Preschool Center,478040,009478040,210471002226,CKEC,901,A4,0,,,,,,,
20222023,096,PENDLETON,481,Pendleton County,"",---District Total---,481,"","",NKCES,905,"",2123,1018,888,1906,9759,2328,12087,15615
20222023,096,PENDLETON,481,Pendleton County,060,Northern Elementary School,481060,096481060,210474001160,NKCES,905,A1,449,1324,1129,2453,10732,1967,12699,16473
20222023,096,PENDLETON,481,Pendleton County,061,Phillip Sharp Middle School,481061,096481061,210474001646,NKCES,905,A1,494,746,689,1434,8643,2107,10750,14521
20222023,096,PENDLETON,481,Pendleton County,070,Pendleton County High School,481070,096481070,210474001161,NKCES,905,A1,689,720,670,1390,9107,3068,12175,15087
20222023,096,PENDLETON,481,Pendleton County,080,Southern Elementary School,481080,096481080,210474001163,NKCES,905,A1,491,1430,1176,2606,10908,1842,12750,16673
20222023,097,PERRY,485,Perry County,"",---District Total---,485,"","",KVEC,904,"",3328,1787,1824,3612,10646,3881,14528,20848
20222023,097,PERRY,485,Perry County,130,Buckhorn School,485130,097485130,210477001166,KVEC,904,A1,318,2417,2427,4844,10713,4701,15415,23425
20222023,097,PERRY,485,Perry County,140,Learning Academy,485140,097485140,210477002398,KVEC,904,A5,40,,,,,,,
20222023,097,PERRY,485,Perry County,190,Perry County Alternative School,485190,097485190,210477002387,KVEC,904,A5,5,,,,,,,
20222023,097,PERRY,485,Perry County,200,East Perry County Elementary School,485200,097485200,210477002354,KVEC,904,A1,609,1692,1624,3316,11286,3484,14771,20730
20222023,097,PERRY,485,Perry County,250,Perry County Central High School,485250,097485250,210477000755,KVEC,904,A1,795,1403,1670,3073,10413,4249,14663,20294
20222023,097,PERRY,485,Perry County,480,Leatherwood Elementary School,485480,097485480,210477001170,KVEC,904,A1,99,1913,2836,4748,15403,6259,21662,30593
20222023,097,PERRY,485,Perry County,635,Robert W Combs Elementary School,485635,097485635,210477001174,KVEC,904,A1,335,2159,1776,3935,10480,3448,13928,20527
20222023,097,PERRY,485,Perry County,640,Robinson Elementary School,485640,097485640,210477001175,KVEC,904,A1,236,1661,2289,3950,11642,3659,15301,22375
20222023,097,PERRY,485,Perry County,890,Viper Elementary School,485890,097485890,210477001177,KVEC,904,A1,208,1819,1985,3804,11701,4159,15861,22651
20222023,097,PERRY,485,Perry County,898,West Perry Elementary School,485898,097485898,210477002453,KVEC,904,A1,683,1878,1626,3504,9255,3414,12669,18548
20222023,098,PIKE,491,Pike County,"",---District Total---,491,"","",KVEC,904,"",7283,1755,761,2516,10243,2696,12940,18035
20222023,098,PIKE,491,Pike County,010,Northpoint Academy,491010,098491010,210480002256,KVEC,904,A5,47,,,,,,,
20222023,098,PIKE,491,Pike County,015,Pike County Day Treatment,491015,098491015,210480002444,KVEC,904,A6,20,,,,,,,
20222023,098,PIKE,491,Pike County,020,Pike County Virtual Academy,491020,098491020,210480002532,KVEC,904,A5,,,,,,,,
20222023,098,PIKE,491,Pike County,051,Belfry Elementary,491051,098491051,210480001647,KVEC,904,A1,520,1553,759,2312,10670,2797,13467,14848
20222023,098,PIKE,491,Pike County,054,East Ridge High School,491054,098491054,210480001948,KVEC,904,A1,440,1239,977,2216,10626,3244,13870,15114
20222023,098,PIKE,491,Pike County,057,Feds Creek Elementary School,491057,098491057,210480002012,KVEC,904,A1,150,2153,957,3110,14916,3348,18264,20719
20222023,098,PIKE,491,Pike County,058,Belfry Middle School,491058,098491058,210480002013,KVEC,904,A1,350,1048,712,1760,10434,3553,13987,14865
20222023,098,PIKE,491,Pike County,059,Millard School,491059,098491059,210480002240,KVEC,904,A1,544,1763,859,2622,11644,3096,14740,16429
20222023,098,PIKE,491,Pike County,060,Valley Elementary School,491060,098491060,210480002296,KVEC,904,A1,779,1563,798,2361,10190,2801,12991,14381
20222023,098,PIKE,491,Pike County,090,Belfry High School,491090,098491090,210480001179,KVEC,904,A1,511,1132,891,2023,10618,3804,14422,15509
20222023,098,PIKE,491,Pike County,130,Bevins Elementary School,491130,098491130,210480001180,KVEC,904,A1,210,1333,773,2106,13391,2943,16334,17675
20222023,098,PIKE,491,Pike County,190,Pike County Central High School,491190,098491190,210480000505,KVEC,904,A1,623,1306,790,2096,9601,3702,13303,14412
20222023,098,PIKE,491,Pike County,250,Dorton Elementary School,491250,098491250,210480001183,KVEC,904,A1,243,1686,765,2451,11559,3447,15006,16664
20222023,098,PIKE,491,Pike County,300,Elkhorn City Elementary School,491300,098491300,210480001185,KVEC,904,A1,392,1610,801,2411,11525,3229,14754,15114
20222023,098,PIKE,491,Pike County,620,Johns Creek Elementary School,491620,098491620,210480001195,KVEC,904,A1,561,2142,811,2953,11315,3170,14485,16499
20222023,098,PIKE,491,Pike County,650,Kimper Elementary School,491650,098491650,210480001197,KVEC,904,A1,109,2701,843,2953,15028,3186,18214,21250
20222023,098,PIKE,491,Pike County,950,Mullins Elementary School,491950,098491950,210480001202,KVEC,904,A1,764,1552,729,2281,8967,2801,11768,13075
20222023,098,PIKE,491,Pike County,952,Phelps Elementary School,491952,098491952,210480001203,KVEC,904,A1,254,2801,818,3619,15590,3342,18932,21697
20222023,098,PIKE,491,Pike County,954,Phelps High School,491954,098491954,210480001204,KVEC,904,A1,241,1297,1004,2301,14475,4412,18887,20398
20222023,098,PIKE,491,Pike County,980,Shelby Valley High School,491980,098491980,210480001686,KVEC,904,A1,525,1216,949,2165,9801,3618,13419,14644
20222023,098,PIKE,492,Pikeville Independent,"",---District Total---,492,"","",KVEC,904,"",1132,716,823,1538,11824,2936,14760,16803
20222023,098,PIKE,492,Pikeville Independent,020,Pikeville Elementary School,492020,098492020,210483001213,KVEC,904,A1,627,1638,1464,3102,21850,4356,26214,29316
20222023,098,PIKE,492,Pikeville Independent,030,Pikeville High School,492030,098492030,210483001214,KVEC,904,A1,505,1116,1537,3102,21858,4960,28390,31043
20222023,007,BELL,493,Pineville Independent,"",---District Total---,493,"","",SESC,907,"",552,2279,2216,4495,9205,3037,12242,18043
20222023,007,BELL,493,Pineville Independent,030,Pineville Independent School,493030,007493030,210486002393,SESC,907,A1,552,2279,2216,4495,9205,3037,12242,18043
20222023,099,POWELL,495,Powell County,"",---District Total---,495,"","",CKEC,901,"",2044,1482,1315,2797,9672,2386,12058,16972
20222023,099,POWELL,495,Powell County,010,Bowen Elementary School,495010,099495010,210489001217,CKEC,901,A1,217,2078,1619,3697,10598,2396,12994,18752
20222023,099,POWELL,495,Powell County,012,Powell County Academy,495012,099495012,210489002360,CKEC,901,A5,16,,,,,,,
20222023,099,POWELL,495,Powell County,015,Powell County Middle School,495015,099495015,210489001218,CKEC,901,A1,451,1209,1166,2376,9359,1906,11264,14482
20222023,099,POWELL,495,Powell County,020,Clay City Elementary School,495020,099495020,210489001219,CKEC,901,A1,416,1477,1428,2904,9299,1962,11261,17613
20222023,099,POWELL,495,Powell County,040,Powell County High School,495040,099495040,210489001220,CKEC,901,A1,622,1377,1140,2518,9679,3257,12937,16280
20222023,099,POWELL,495,Powell County,060,Stanton Elementary School,495060,099495060,210489001221,CKEC,901,A1,322,1608,1554,3162,9485,1990,11475,19423
20222023,100,PULASKI,501,Pulaski County,"",---District Total---,501,"","",SESC,907,"",7516,683,911,1594,10223,2004,12227,18201
20222023,100,PULASKI,501,Pulaski County,070,Burnside Elementary School,501070,100501070,210495001225,SESC,907,A1,393,912,1092,1851,10876,2052,12928,15944
20222023,100,PULASKI,501,Pulaski County,071,Eagle Academy,501071,100501071,210495001554,SESC,907,A6,56,,,,,,,
20222023,100,PULASKI,501,Pulaski County,099,Memorial Education Center,501099,100501099,210495002065,SESC,907,A4,0,,,,,,,
20222023,100,PULASKI,501,Pulaski County,180,Eubank Elementary School,501180,100501180,210495001227,SESC,907,A1,334,938,950,1888,10943,1968,12910,13885
20222023,100,PULASKI,501,Pulaski County,280,Nancy Elementary School,501280,100501280,210495001231,SESC,907,A1,295,882,820,1703,11899,2442,14341,15360
20222023,100,PULASKI,501,Pulaski County,380,Pulaski County High School,501380,100501380,210495001233,SESC,907,A1,1111,473,732,1206,10387,2440,12827,13116
20222023,100,PULASKI,501,Pulaski County,385,Pulaski Elementary School,501385,100501385,210495001234,SESC,907,A1,548,634,822,1455,11100,1970,13070,14175
20222023,100,PULASKI,501,Pulaski County,390,Southern Middle School,501390,100501390,210495001572,SESC,907,A1,926,296,588,884,8443,1890,10333,10655
20222023,100,PULASKI,501,Pulaski County,395,Northern Middle School,501395,100501395,210495001573,SESC,907,A1,836,174,597,771,9372,1634,11006,11245
20222023,100,PULASKI,501,Pulaski County,400,Southwestern High School,501400,100501400,210495000506,SESC,907,A1,1169,689,660,1348,9563,2354,11916,12430
20222023,100,PULASKI,501,Pulaski County,420,Oak Hill Elementary School,501420,100501420,210495000779,SESC,907,A1,536,779,747,1525,9948,1741,11689,13056
20222023,100,PULASKI,501,Pulaski County,440,Shopville Elementary School,501440,100501440,210495001235,SESC,907,A1,330,891,692,1583,10368,2237,12604,14614
20222023,100,PULASKI,501,Pulaski County,560,Northern Elementary School,501560,100501560,210495001238,SESC,907,A1,329,898,947,1846,12673,1951,14623,15311
20222023,100,PULASKI,501,Pulaski County,570,Southern Elementary School,501570,100501570,210495001464,SESC,907,A1,653,1141,847,1987,9478,1860,11338,13148
20222023,045,GREENUP,502,Raceland-Worthington Independent,"",---District Total---,502,"","",KEDC,903,"",1036,1041,533,1574,9960,3255,13215,17530
20222023,045,GREENUP,502,Raceland-Worthington Independent,010,Campbell Elementary School,502010,045502010,210498001239,KEDC,903,A1,251,2080,428,2508,12358,3118,15656,16112
20222023,045,GREENUP,502,Raceland-Worthington Independent,011,Raceland-Worthington Schools Campus B,502011,045502011,210498002015,KEDC,903,A6,9,,,,,,,
20222023,045,GREENUP,502,Raceland-Worthington Independent,020,Raceland-Worthington High School,502020,045502020,210498001240,KEDC,903,A1,319,508,1051,1559,11772,5778,17551,18007
20222023,045,GREENUP,502,Raceland-Worthington Independent,030,Raceland-Worthington Middle School,502030,045502030,210498001241,KEDC,903,A1,447,681,239,920,8256,1337,10687,11143
20222023,045,GREENUP,502,Raceland-Worthington Independent,160,Raceland-Worthington Schools Campus A,502160,045502160,210498001465,KEDC,903,A6,10,,,,,,,
20222023,101,ROBERTSON,505,Robertson County,"",---District Total---,505,"","",KEDC,903,"",454,1753,281,2034,8659,3088,11747,16693
20222023,101,ROBERTSON,505,Robertson County,010,Robertson County School,505010,101505010,210504001246,KEDC,903,A1,454,1753,281,2034,8659,3088,11747,16693
20222023,102,ROCKCASTLE,511,Rockcastle County,"",---District Total---,511,"","",SESC,907,"",2683,1084,1415,2499,10252,2114,12366,16091
20222023,102,ROCKCASTLE,511,Rockcastle County,020,Brodhead Elementary School,511020,102511020,210507001249,SESC,907,A1,451,994,1015,2009,9332,2520,12168,13596
20222023,102,ROCKCASTLE,511,Rockcastle County,022,Rockcastle Academy for Academic Achievement,511022,102511022,210507001906,SESC,907,A5,56,,,,,,,
20222023,102,ROCKCASTLE,511,Rockcastle County,100,Rockcastle County Middle School,511100,102511100,210507000782,SESC,907,A1,580,571,880,1433,11106,2648,12623,14051
20222023,102,ROCKCASTLE,511,Rockcastle County,170,Mt. Vernon Elementary,511170,102511170,210507001251,SESC,907,A1,572,1055,1012,2066,11268,2323,13918,15382
20222023,102,ROCKCASTLE,511,Rockcastle County,310,Rockcastle County High School,511310,102511310,210507001252,SESC,907,A1,790,958,1585,2542,9780,3853,13896,15324
20222023,102,ROCKCASTLE,511,Rockcastle County,320,Roundstone Elementary School,511320,102511320,210507001253,SESC,907,A1,234,1216,1171,2388,13488,2654,16448,17876
20222023,103,ROWAN,515,Rowan County,"",---District Total---,515,"","",KEDC,903,"",3186,978,668,1646,9606,2616,12221,19785
20222023,103,ROWAN,515,Rowan County,040,Clearfield Elementary School,515040,103515040,210510001254,KEDC,903,A1,302,1762,714,2476,9347,2313,11660,14136
20222023,103,ROWAN,515,Rowan County,043,McBrayer Elementary School,515043,103515043,210510002016,KEDC,903,A1,556,1187,508,1695,8606,2076,10682,12378
20222023,103,ROWAN,515,Rowan County,044,Rowan County Preschool Center,515044,103515044,210510002033,KEDC,903,A4,0,,,,,,,
20222023,103,ROWAN,515,Rowan County,130,Morehead Youth Development Center,515130,103515130,210510001258,KEDC,903,A6,13,,,,,,,
20222023,103,ROWAN,515,Rowan County,132,Bluegrass Discovery Academy High,515132,103515132,210510002342,KEDC,903,A5,20,,,,,,,
20222023,103,ROWAN,515,Rowan County,133,Bluegrass Discovery Academy Middle,515133,103515133,210510002336,KEDC,903,A5,17,,,,,,,
20222023,103,ROWAN,515,Rowan County,180,Rowan County Senior High School,515180,103515180,210510001260,KEDC,903,A1,963,365,316,681,9020,3275,12298,12979
20222023,103,ROWAN,515,Rowan County,200,Tilden Hogge Elementary School,515200,103515200,210510001261,KEDC,903,A1,209,2061,559,2620,10646,2295,12941,15561
20222023,103,ROWAN,515,Rowan County,210,Rowan County Middle School,515210,103515210,210510001478,KEDC,903,A1,716,534,480,1014,9097,2119,11216,12231
20222023,103,ROWAN,515,Rowan County,250,Rodburn Elementary School,515250,103515250,210510000787,KEDC,903,A1,390,1356,571,1927,10721,2210,12931,14859
20222023,104,RUSSELL,521,Russell County,"",---District Total---,521,"","",GRREC,902,"",2904,1154,892,2046,10229,2228,12457,16726
20222023,104,RUSSELL,521,Russell County,140,Jamestown Elementary School,521140,104521140,210516001263,GRREC,902,A1,450,1867,477,2344,9867,2209,12075,14420
20222023,104,RUSSELL,521,Russell County,230,Russell Springs Elementary School,521230,104521230,210516001264,GRREC,902,A1,591,1452,2383,3834,10904,2032,12936,16770
20222023,104,RUSSELL,521,Russell County,240,Russell County High School,521240,104521240,210516001265,GRREC,902,A1,825,604,506,1110,10681,2677,13358,14468
20222023,104,RUSSELL,521,Russell County,250,Salem Elementary School,521250,104521250,210516001266,GRREC,902,A1,367,1737,586,2324,9971,1986,11957,14281
20222023,104,RUSSELL,521,Russell County,260,Russell County Middle School,521260,104521260,210516001599,GRREC,902,A1,671,769,501,1270,9465,1979,11443,12713
20222023,045,GREENUP,522,Russell Independent,"",---District Total---,522,"","",KEDC,903,"",2023,1089,393,1482,10619,3063,13682,16822
20222023,045,GREENUP,522,Russell Independent,011,Russell Primary School,522011,045522011,210513001626,KEDC,903,A1,430,1752,845,2597,11464,2161,13625,15569
20222023,045,GREENUP,522,Russell Independent,030,Russell-McDowell Intermediate School,522030,045522030,210513001270,KEDC,903,A1,448,1340,802,2142,9873,2162,12035,14657
20222023,045,GREENUP,522,Russell Independent,050,Russell High School,522050,045522050,210513001272,KEDC,903,A1,639,793,807,1600,10622,2617,13239,15203
20222023,045,GREENUP,522,Russell Independent,060,Russell Middle School,522060,045522060,210513001273,KEDC,903,A1,497,812,856,1668,9825,1679,11504,13704
20222023,045,GREENUP,522,Russell Independent,070,Russell Independent Alternative School,522070,045522070,210513002514,KEDC,903,A5,9,,,,,,,
20222023,071,LOGAN,523,Russellville Independent,"",---District Total---,523,"","",GRREC,902,"",998,2152,1491,3642,10366,3427,13793,19028
20222023,071,LOGAN,523,Russellville Independent,020,Russellville Primary Academy,523020,071523020,210519002515,GRREC,902,A4,0,,,,,,,
20222023,071,LOGAN,523,Russellville Independent,025,R E Stevenson Elementary School,523025,071523025,210519001274,GRREC,902,A1,451,2180.00,1384.00,3564.00,7900.00,2340.00,10240.00,15261.00
20222023,071,LOGAN,523,Russellville Independent,030,Russellville High School,523030,071523030,210519001275,GRREC,902,A1,318,1534.00,1202.00,2736.00,11078.00,5043.00,16121.00,20386.00
20222023,071,LOGAN,523,Russellville Independent,050,Russellville Middle School,523050,071523050,210519002490,GRREC,902,A1,229,1964.00,1472.00,3436.00,10646.00,2262.00,12908.00,17628.00
20222023,100,PULASKI,524,Science Hill Independent,"",---District Total---,524,"","",SESC,907,"",442,1164,477,1641,9393,2307,11701,14258
20222023,100,PULASKI,524,Science Hill Independent,010,Science Hill Elementary School,524010,100524010,210522001277,SESC,907,A1,442,1164,477,1641,9393,2307,11701,14258
20222023,105,SCOTT,525,Scott County,"",---District Total---,525,"","",CKEC,901,"",10401,503,404,908,9078,1411,10490,18128
20222023,105,SCOTT,525,Scott County,005,Phoenix Horizon Community,525005,105525005,210526002432,CKEC,901,A5,116,,,,,,,
20222023,105,SCOTT,525,Scott County,010,Eastern Elementary School,525010,105525010,210526001278,CKEC,901,A1,470,535,448,983,10115,1374,11490,19788
20222023,105,SCOTT,525,Scott County,012,Anne Mason Elementary School,525012,105525012,210526001942,CKEC,901,A1,410,627,434,1061,11634,1484,13118,21610
20222023,105,SCOTT,525,Scott County,013,Royal Spring Middle School,525013,105525013,210526002017,CKEC,901,A1,732,450,432,882,10291,1428,11720,19969
20222023,105,SCOTT,525,Scott County,014,Lemons Mill Elementary School,525014,105525014,210526002349,CKEC,901,A1,522,903,413,1316,11311,1714,13026,21740
20222023,105,SCOTT,525,Scott County,015,Garth Elementary School,525015,105525015,210526001279,CKEC,901,A1,368,1187,436,1623,11034,1774,12809,21878
20222023,105,SCOTT,525,Scott County,018,Georgetown Middle School,525018,105525018,210526001280,CKEC,901,A1,625,493,474,967,10315,1474,11792,20530
20222023,105,SCOTT,525,Scott County,019,Scott County Preschool,525019,105525019,210526002204,CKEC,901,A4,0,,,,,,,
20222023,105,SCOTT,525,Scott County,025,Great Crossing High School,525025,105525025,210526002482,CKEC,901,A1,1737,267,433,699,8347,1672,10022,18060
20222023,105,SCOTT,525,Scott County,029,Creekside Elementary,525029,105525029,210526002483,CKEC,901,A1,561,896,443,1338,10223,1410,11633,20285
20222023,105,SCOTT,525,Scott County,035,Northern Elementary School,525035,105525035,210526001687,CKEC,901,A1,462,624,479,1103,10568,1481,12049,20474
20222023,105,SCOTT,525,Scott County,040,Scott County High School,525040,105525040,210526001283,CKEC,901,A1,1202,419,421,840,9619,1786,11408,19586
20222023,105,SCOTT,525,Scott County,044,Elkhorn Crossing School,525044,105525044,210526002301,CKEC,901,A2,805,,,,,,,
20222023,105,SCOTT,525,Scott County,050,Stamping Ground Elementary School,525050,105525050,210526001284,CKEC,901,A1,401,697,422,1120,10684,1785,12471,20920
20222023,105,SCOTT,525,Scott County,060,Scott County Middle School,525060,105525060,210526001285,CKEC,901,A1,860,309,480,789,9452,1298,10751,18893
20222023,105,SCOTT,525,Scott County,070,Southern Elementary School,525070,105525070,210526001286,CKEC,901,A1,513,1151,446,1597,10843,1413,12256,21258
20222023,105,SCOTT,525,Scott County,080,Western Elementary School,525080,105525080,210526000530,CKEC,901,A1,617,467,475,942,10196,1343,11539,19859
20222023,106,SHELBY,531,Shelby County,"",---District Total---,531,"","",OVEC,906,"",6775,1054,433,1488,10776,2206,12981,17312
20222023,106,SHELBY,531,Shelby County,014,Painted Stone Elementary,531014,106531014,210532001964,OVEC,906,A1,456,1625,464,2089,12265,2228,14493,16582
20222023,106,SHELBY,531,Shelby County,015,Southside Elementary,531015,106531015,210532002077,OVEC,906,A1,427,1653,452,2105,11096,1906,13002,15107
20222023,106,SHELBY,531,Shelby County,040,Martha Layne Collins High School,531040,106531040,210532002253,OVEC,906,A1,1177,584,373,957,10170,2450,12620,13577
20222023,106,SHELBY,531,Shelby County,054,Marnel C. Moorman School,531054,106531054,210532002491,OVEC,906,A1,770,1232,384,1616,10050,1706,11756,13372
20222023,106,SHELBY,531,Shelby County,065,Heritage Elementary,531065,106531065,210532001688,OVEC,906,A1,435,882,590,1472,11001,2782,13784,15256
20222023,106,SHELBY,531,Shelby County,080,Shelby County West Middle School,531080,106531080,210532001291,OVEC,906,A1,594,429,415,844,10348,1949,12297,13141
20222023,106,SHELBY,531,Shelby County,090,Shelby County High School,531090,106531090,210532001292,OVEC,906,A1,980,775,403,1178,10117,2592,12709,13887
20222023,106,SHELBY,531,Shelby County,100,Simpsonville Elementary,531100,106531100,210532001293,OVEC,906,A1,445,1143,329,1472,11463,1946,13409,14881
20222023,106,SHELBY,531,Shelby County,110,Shelby County East Middle School,531110,106531110,210532001294,OVEC,906,A1,552,767,511,1278,10644,1733,12377,13655
20222023,106,SHELBY,531,Shelby County,120,Clear Creek Elementary,531120,106531120,210532001295,OVEC,906,A1,426,1577,413,1990,11406,2168,13575,15565
20222023,106,SHELBY,531,Shelby County,130,Wright Elementary,531130,106531130,210532001434,OVEC,906,A1,468,1229,429,1658,11437,1945,13382,15040
20222023,106,SHELBY,531,Shelby County,160,Northside Early Childhood Center,531160,106531160,210532001689,OVEC,906,A4,0,,,,,,,
20222023,106,SHELBY,531,Shelby County,170,Ascension Academy,531170,106531170,210532001690,OVEC,906,A6,45,,,,,,,
20222023,107,SIMPSON,535,Simpson County,"",---District Total---,535,"","",GRREC,902,"",2954,1357,481,1838,9895,2581,12475,16971
20222023,107,SIMPSON,535,Simpson County,007,Franklin-Simpson High School West Campus,535007,107535007,210540001652,GRREC,902,A5,90,,,,,,,
20222023,107,SIMPSON,535,Simpson County,020,Franklin Elementary School,535020,107535020,210540001299,GRREC,902,A1,246,1592,553,2145,10636,2305,12941,17528
20222023,107,SIMPSON,535,Simpson County,030,Franklin-Simpson Middle School,535030,107535030,210540001300,GRREC,902,A1,668,1217,398,1615,8637,2617,11254,15454
20222023,107,SIMPSON,535,Simpson County,040,Franklin-Simpson High School,535040,107535040,210540001301,GRREC,902,A1,783,1288,557,1845,10682,2846,13528,17936
20222023,107,SIMPSON,535,Simpson County,045,Lincoln Elementary School,535045,107535045,210540001302,GRREC,902,A1,455,1443,437,1880,8864,2400,11264,15799
20222023,107,SIMPSON,535,Simpson County,100,Simpson Elementary School,535100,107535100,210540001435,GRREC,902,A1,712,1318,406,1724,9086,2244,11331,15629
20222023,100,PULASKI,536,Somerset Independent,"",---District Total---,536,"","",SESC,907,"",1549,1199,1000,2199,10260,2297,12557,16365
20222023,100,PULASKI,536,Somerset Independent,050,Hopkins Elementary School,536050,100536050,210543001307,SESC,907,A1,593,1671,1016,2682,8375,1824,12882,14024
20222023,100,PULASKI,536,Somerset Independent,070,Somerset High School,536070,100536070,210543001310,SESC,907,A1,505,865,840,1700,11594,3030,16112,17253
20222023,100,PULASKI,536,Somerset Independent,090,Meece Middle School,536090,100536090,210543001311,SESC,907,A1,451,717,1006,1718,9981,1819,13759,15558
20222023,019,CAMPBELL,537,Southgate Independent,"",---District Total---,537,"","",NKCES,905,"",184,2675,2358,5034,13372,4055,17427,23524
20222023,019,CAMPBELL,537,Southgate Independent,010,Southgate Public School,537010,019537010,210546001313,NKCES,905,A1,184,2390,2112,4530,14662,7013,19793,25239
20222023,108,SPENCER,541,Spencer County,"",---District Total---,541,"","",OVEC,906,"",3190,821,277,1098,9674,2247,11921,14170
20222023,108,SPENCER,541,Spencer County,040,Spencer County Elementary School,541040,108541040,210549001314,OVEC,906,A1,818,640,199,839,9275,1747,11023,11861
20222023,108,SPENCER,541,Spencer County,041,Spencer County Middle School,541041,108541041,210549001871,OVEC,906,A1,706,810,414,1224,8838,2082,10920,12143
20222023,108,SPENCER,541,Spencer County,042,Hillview Academy,541042,108541042,210549002051,OVEC,906,A5,70,,,,,,,
20222023,108,SPENCER,541,Spencer County,043,Spencer County Early Learning Center,541043,108541043,210549002533,OVEC,906,A4,0,,,,,,,
20222023,108,SPENCER,541,Spencer County,044,Taylorsville Elementary School,541044,108541044,210549002018,OVEC,906,A1,626,897,279,1175,9933,1854,11786,12962
20222023,108,SPENCER,541,Spencer County,050,Spencer County High School,541050,108541050,210549001315,OVEC,906,A1,970,607,216,822,9117,2634,11751,12573
20222023,109,TAYLOR,545,Taylor County,"",---District Total---,545,"","",GRREC,902,"",2678,1622,116,1738,10086,2480,12566,19346
20222023,109,TAYLOR,545,Taylor County,005,Taylor County Primary Center,545005,109545005,210552002431,GRREC,902,A1,594,1906,108,2014,9607,1263,10870,17926
20222023,109,TAYLOR,545,Taylor County,020,Taylor County Elementary School,545020,109545020,210552001317,GRREC,902,A1,565,2145,157,2302,9884,2987,12870,20215
20222023,109,TAYLOR,545,Taylor County,030,Taylor County High School,545030,109545030,210552001318,GRREC,902,A1,855,1134,119,1253,10544,3044,13589,19884
20222023,109,TAYLOR,545,Taylor County,040,Taylor County Middle School,545040,109545040,210552001319,GRREC,902,A1,607,1034,85,1119,9969,2393,12362,18524
20222023,109,TAYLOR,545,Taylor County,075,Lakeview Academy,545075,109545075,210552002495,GRREC,902,A5,57,,,,,,,
20222023,109,TAYLOR,545,Taylor County,080,Central Kentucky Career Academy,545080,109545080,210552002501,GRREC,902,A2,,,,,,,,
20222023,110,TODD,551,Todd County,"",---District Total---,551,"","",GRREC,902,"",1735,1192,578,1770,10988,3424,14412,17524
20222023,110,TODD,551,Todd County,005,North Todd Elementary School,551005,110551005,210555001600,GRREC,902,A1,349,1529,600,2130,9686,2101,11788,15462
20222023,110,TODD,551,Todd County,015,South Todd Elementary School,551015,110551015,210555001601,GRREC,902,A1,442,1601,486,2086,8681,1885,10566,14197
20222023,110,TODD,551,Todd County,017,Horizons High School,551017,110551017,210555002034,GRREC,902,A5,32,,,,,,,
20222023,110,TODD,551,Todd County,080,Todd County Middle School,551080,110551080,210555001324,GRREC,902,A1,394,622,420,1042,11168,3230,14398,16984
20222023,110,TODD,551,Todd County,095,Todd County Central High School,551095,110551095,210555001325,GRREC,902,A1,518,516,564,1080,10719,3429,14148,16772
20222023,111,TRIGG,555,Trigg County,"",---District Total---,555,"","",WKEC,908,"",1879,1511,881,2393,10375,2378,12752,21370
20222023,111,TRIGG,555,Trigg County,013,Trigg County Primary School,555013,111555013,210558002093,WKEC,908,A1,435,1833,1029,2862,11692,2099,13790,22877
20222023,111,TRIGG,555,Trigg County,014,Trigg County Intermediate School,555014,111555014,210558002167,WKEC,908,A1,394,1492,811,2303,10240,1677,11917,20445
20222023,111,TRIGG,555,Trigg County,020,Harbor Academy and Virtual School,555020,111555020,210558002534,WKEC,908,A5,11,,,,,,,
20222023,111,TRIGG,555,Trigg County,050,Trigg County Middle School,555050,111555050,210558001328,WKEC,908,A1,434,1613,860,2473,9759,2091,11850,20548
20222023,111,TRIGG,555,Trigg County,070,Trigg County High School,555070,111555070,210558001329,WKEC,908,A1,605,1069,827,1897,10002,3249,13251,21372
20222023,112,TRIMBLE,561,Trimble County,"",---District Total---,561,"","",OVEC,906,"",1136,794,311,1105,9634,3365,12999,18545
20222023,112,TRIMBLE,561,Trimble County,010,Bedford Elementary School,561010,112561010,210561001330,OVEC,906,A1,396,606,263,868,8639,2778,11419,12991
20222023,112,TRIMBLE,561,Trimble County,020,Milton Elementary School,561020,112561020,210561001332,OVEC,906,A1,195,1212,302,1514,9473,2881,12354,13867
20222023,112,TRIMBLE,561,Trimble County,025,Trimble County JR/SR High School,561025,112561025,210561002475,OVEC,906,A1,545,639,297,935,9054,3895,12949,13885
20222023,113,UNION,565,Union County,"",---District Total---,565,"","",WKEC,908,"",2057,1292,736,2028,10770,2652,13422,16588
20222023,113,UNION,565,Union County,015,Union County Preschool and Headstart,565015,113565015,210564002447,WKEC,908,A4,0,,,,,,,
20222023,113,UNION,565,Union County,020,Morganfield Elementary School,565020,113565020,210564001334,WKEC,908,A1,311,1222,803,2024,15021,2973,17993,20018
20222023,113,UNION,565,Union County,021,Union County Learning Academy,565021,113565021,210564001872,WKEC,908,A5,14,,,,,,,
20222023,113,UNION,565,Union County,050,Sturgis Elementary School,565050,113565050,210564001336,WKEC,908,A1,364,1537,751,2288,12608,2890,15498,17786
20222023,113,UNION,565,Union County,055,Union County Middle School,565055,113565055,210564001602,WKEC,908,A1,414,1408,715,2124,13434,3525,16959,19083
20222023,113,UNION,565,Union County,065,Union County High School,565065,113565065,210564001338,WKEC,908,A1,611,747,806,1553,11194,3446,14640,16194
20222023,113,UNION,565,Union County,070,Uniontown Elementary School,565070,113565070,210564001339,WKEC,908,A1,210,1465,777,2242,13122,3151,16273,18515
20222023,113,UNION,565,Union County,902,Union County Area Vocational Ed Center,565902,113565902,210564002175,WKEC,908,A2,,,,,,,,
20222023,008,BOONE,567,Walton-Verona Independent,"",---District Total---,567,"","",NKCES,905,"",1797,581,85,666,10862,2657,13519,18009
20222023,008,BOONE,567,Walton-Verona Independent,010,Walton-Verona Elementary School,567010,008567010,210570001341,NKCES,905,A1,715,937,42,979,10367,2603,12970,16840
20222023,008,BOONE,567,Walton-Verona Independent,015,Walton-Verona Middle School,567015,008567015,210570002191,NKCES,905,A1,543,269,135,404,10905,2597,13502,17368
20222023,008,BOONE,567,Walton-Verona Independent,020,Walton-Verona High School,567020,008567020,210570001342,NKCES,905,A1,539,420,92,512,12016,2882,14898,18617
20222023,008,BOONE,567,Walton-Verona Independent,025,Walton - Verona Early Childhood Center,567025,008567025,210570002488,NKCES,905,A4,0,,,,,,,
20222023,114,WARREN,571,Warren County,"",---District Total---,571,"","",GRREC,902,"",17183,823,594,1418,9089,2301,11389,15786
20222023,114,WARREN,571,Warren County,001,Carol Martin Gatton Academy of Math & Science,571001,114571001,210573002441,GRREC,902,B2,,,,,,,,
20222023,114,WARREN,571,Warren County,002,South Warren Middle School,571002,114571002,210573002298,GRREC,902,A1,781,582,579,1161,7904,1851,9756,13809
20222023,114,WARREN,571,Warren County,003,South Warren High School,571003,114571003,210573002277,GRREC,902,A1,1449,350,583,932,8302,2724,11027,14710
20222023,114,WARREN,571,Warren County,010,Alvaton Elementary,571010,114571010,210573001343,GRREC,902,A1,690,771,502,1272,9292,1643,10935,15331
20222023,114,WARREN,571,Warren County,015,Briarwood Elementary School,571015,114571015,210573001909,GRREC,902,A1,666,1067,495,1562,9906,1986,11892,16353
20222023,114,WARREN,571,Warren County,016,Lighthouse Academy,571016,114571016,210573001926,GRREC,902,A5,12,,,,,,,
20222023,114,WARREN,571,Warren County,018,Plano Elementary,571018,114571018,210573002035,GRREC,902,A1,671,697,751,1448,8805,1716,10520,14833
20222023,114,WARREN,571,Warren County,020,Beacon Academy,571020,114571020,210573002410,GRREC,902,A5,177,,,,,,,
20222023,114,WARREN,571,Warren County,025,Jennings Creek Elementary,571025,114571025,210573002465,GRREC,902,A1,708,1311,569,1879,9397,1734,11131,15913
20222023,114,WARREN,571,Warren County,030,Jody Richards Elementary,571030,114571030,210573002327,GRREC,902,A1,713,1139,497,1637,8930,1839,10769,15258
20222023,114,WARREN,571,Warren County,040,Bristow Elementary,571040,114571040,210573001344,GRREC,902,A1,615,936,667,1603,9587,1678,11265,15802
20222023,114,WARREN,571,Warren County,070,Cumberland Trace Elementary,571070,114571070,210573001346,GRREC,902,A1,564,1250,519,1769,9619,1889,11508,16207
20222023,114,WARREN,571,Warren County,075,Drakes Creek Middle School,571075,114571075,210573001603,GRREC,902,A1,735,716,468,1184,8318,1929,10247,14363
20222023,114,WARREN,571,Warren County,080,Lost River Elementary,571080,114571080,210573001164,GRREC,902,A1,756,870,749,1619,8872,2419,11291,15784
20222023,114,WARREN,571,Warren County,090,Jackson Academy,571090,114571090,210573002492,GRREC,902,A5,24,,,,,,,
20222023,114,WARREN,571,Warren County,100,William H. Natcher Elementary,571100,114571100,210573001691,GRREC,902,A1,641,895,687,1581,10392,2031,12423,16878
20222023,114,WARREN,571,Warren County,110,North Warren Elementary,571110,114571110,210573001347,GRREC,902,A1,411,971,668,1639,9451,2359,11810,16371
20222023,114,WARREN,571,Warren County,130,Oakland Elementary,571130,114571130,210573001348,GRREC,902,A1,372,1048,646,1694,9814,2428,12242,16873
20222023,114,WARREN,571,Warren County,140,Rich Pond Elementary,571140,114571140,210573001349,GRREC,902,A1,836,704,557,1260,8095,3252,11347,16219
20222023,114,WARREN,571,Warren County,150,Richardsville Elementary,571150,114571150,210573001350,GRREC,902,A1,453,962,694,1655,9169,1880,11050,15611
20222023,114,WARREN,571,Warren County,170,Rockfield Elementary,571170,114571170,210573001351,GRREC,902,A1,576,1198,402,1600,9275,2589,11863,16349
20222023,114,WARREN,571,Warren County,175,Henry F. Moss Middle School,571175,114571175,210573001604,GRREC,902,A1,562,975,369,1344,9252,2145,11397,15694
20222023,114,WARREN,571,Warren County,200,Warren Elementary,571200,114571200,210573001352,GRREC,902,A1,641,939,759,1698,9176,2237,11413,16038
20222023,114,WARREN,571,Warren County,205,Warren East Middle School,571205,114571205,210573001605,GRREC,902,A1,481,997,482,1479,9504,2164,11668,16055
20222023,114,WARREN,571,Warren County,210,Warren Central High School,571210,114571210,210573001353,GRREC,902,A1,1030,1033,688,1721,9381,3344,12725,17326
20222023,114,WARREN,571,Warren County,220,Warren East High School,571220,114571220,210573001354,GRREC,902,A1,980,637,748,1385,9017,3422,12439,16693
20222023,114,WARREN,571,Warren County,230,Greenwood High School,571230,114571230,210573001692,GRREC,902,A1,1375,491,550,1041,8675,2523,11198,15808
20222023,114,WARREN,571,Warren County,245,GEO International High School,571245,114571245,210573002427,GRREC,902,A5,150,,,,,,,
20222023,114,WARREN,571,Warren County,300,Rivendell Elementary,571300,114571300,210573000828,GRREC,902,A5,55,,,,,,,
20222023,114,WARREN,571,Warren County,305,Rivendell High School,571305,114571305,210573000839,GRREC,902,A5,39,,,,,,,
20222023,114,WARREN,571,Warren County,455,Warren County Day Treatment,571455,114571455,210573001540,GRREC,902,A6,20,,,,,,,
20222023,115,WASHINGTON,575,Washington County,"",---District Total---,575,"","",CKEC,901,"",1718,1661,840,2501,9822,2588,12410,16397
20222023,115,WASHINGTON,575,Washington County,021,Commander Academy,575021,115575021,210576002358,CKEC,901,A5,67,,,,,,,
20222023,115,WASHINGTON,575,Washington County,031,North Washington Elementary School,575031,115575031,210576001873,CKEC,901,A1,516,7345,6190,7844,17056,8204,19569,21925
20222023,115,WASHINGTON,575,Washington County,034,Washington County Middle School,575034,115575034,210576002047,CKEC,901,A1,198,5501,4346,6000,15212,6360,17725,20081
20222023,115,WASHINGTON,575,Washington County,071,WC Tel Center,575071,115575071,210576002448,CKEC,901,A2,,,,,,,,
20222023,115,WASHINGTON,575,Washington County,074,Washington County High School,575074,115575074,210576001358,CKEC,901,A1,534,8798,7643,9297,18509,9657,21022,23378
20222023,115,WASHINGTON,575,Washington County,080,Washington County Elementary School,575080,115575080,210576001359,CKEC,901,A1,403,8017,6861,8515,17727,8876,20240,22597
20222023,116,WAYNE,581,Wayne County,"",---District Total---,581,"","",SESC,907,"",3033,1280,722,2002,9546,2891,12437,16810
20222023,116,WAYNE,581,Wayne County,051,Wayne County Middle School,581051,116581051,210579002020,SESC,907,A1,670,1039,847,1885,8908,2591,13381,14676
20222023,116,WAYNE,581,Wayne County,060,Wayne County Learning Academy,581060,116581060,210579002403,SESC,907,A5,51,,,,,,,
20222023,116,WAYNE,581,Wayne County,170,Lake Cumberland Youth Development Center,581170,116581170,210579001361,SESC,907,A6,30,,,,,,,
20222023,116,WAYNE,581,Wayne County,180,Otter Creek Academy,581180,116581180,210579002250,SESC,907,A6,24,,,,,,,
20222023,116,WAYNE,581,Wayne County,190,Monticello Elementary School,581190,116581190,210579002346,SESC,907,A1,627,1688,755,2444,8899,2649,13996,15403
20222023,116,WAYNE,581,Wayne County,200,Wayne County High School,581200,116581200,210579001224,SESC,907,A1,920,913,421,1333,8271,2920,12521,16873
20222023,116,WAYNE,581,Wayne County,430,Walker Early Learning Center,581430,116581430,210579001365,SESC,907,A1,230,1241,581,1821,9865,2731,14420,15744
20222023,116,WAYNE,581,Wayne County,437,Bell Elementary School,581437,116581437,210579001367,SESC,907,A1,481,1236,962,2198,8999,2693,13893,15499
20222023,117,WEBSTER,585,Webster County,"",---District Total---,585,"","",WKEC,908,"",2056,1112,673,1786,9946,2109,12055,15587
20222023,117,WEBSTER,585,Webster County,020,Clay Elementary School,585020,117585020,210582001369,WKEC,908,A1,181,1132,505,1637,11714,2770,14484,16121
20222023,117,WEBSTER,585,Webster County,050,Dixon Elementary School,585050,117585050,210582001370,WKEC,908,A1,306,1039,629,1668,10641,2244,12885,14553
20222023,117,WEBSTER,585,Webster County,060,Providence Elementary School,585060,117585060,210582002188,WKEC,908,A1,230,931,666,1597,11490,2372,13863,15460
20222023,117,WEBSTER,585,Webster County,090,Sebree Elementary School,585090,117585090,210582001372,WKEC,908,A1,355,1275,733,2008,9967,2489,12456,14464
20222023,117,WEBSTER,585,Webster County,125,Webster County Middle School,585125,117585125,210582002348,WKEC,908,A1,307,961,739,1700,10660,2331,12994,14291
20222023,117,WEBSTER,585,Webster County,130,Webster County High School,585130,117585130,210582001374,WKEC,908,A1,677,759,739,1328,9854,3111,12965,14294
20222023,118,WHITLEY,591,Whitley County,"",---District Total---,591,"","",SESC,907,"",3911,2009,606,2615,9676,2379,12055,17073
20222023,118,WHITLEY,591,Whitley County,010,Colonel Academy,591010,118591010,210588002497,SESC,907,A5,161,,,,,,,
20222023,118,WHITLEY,591,Whitley County,060,Boston Elementary School,591060,118591060,210588001376,SESC,907,A1,166,2252,729,2981,12804,3957,16761,20749
20222023,118,WHITLEY,591,Whitley County,061,Whitley Central Intermediate School,591061,118591061,210588002048,SESC,907,A1,445,1978,523,2501,9326,1774,11100,14608
20222023,118,WHITLEY,591,Whitley County,062,Whitley County East Elementary School,591062,118591062,210588002037,SESC,907,A1,233,2553,690,3243,10664,2330,12994,17464
20222023,118,WHITLEY,591,Whitley County,225,Whitley County Alternative School,591225,118591225,210588001262,SESC,907,A5,61,,,,,,,
20222023,118,WHITLEY,591,Whitley County,290,Oak Grove Elementary School,591290,118591290,210588001381,SESC,907,A1,581,2021,571,2592,8306,1988,10294,15038
20222023,118,WHITLEY,591,Whitley County,320,Pleasant View Elementary School,591320,118591320,210588001383,SESC,907,A1,203,2671,663,3334,11875,2181,14056,18816
20222023,118,WHITLEY,591,Whitley County,350,Whitley County North Elementary School,591350,118591350,210588000546,SESC,907,A1,277,2560,666,3226,11754,2231,13985,25326
20222023,118,WHITLEY,591,Whitley County,365,Whitley County Central Primary School,591365,118591365,210588001621,SESC,907,A1,370,2022,568,2590,10927,2135,13062,16914
20222023,118,WHITLEY,591,Whitley County,430,Whitley County High School,591430,118591430,210588001386,SESC,907,A1,896,1536,579,2115,8614,2702,11316,16547
20222023,118,WHITLEY,591,Whitley County,435,Whitley County Middle School,591435,118591435,210588001387,SESC,907,A1,518,2193,682,2875,9236,2686,11922,16576
20222023,118,WHITLEY,592,Williamsburg Independent,"",---District Total---,592,"","",SESC,907,"",784,1716,2052,3769,9282,2298,11580,16525
20222023,118,WHITLEY,592,Williamsburg Independent,012,Williamsburg City School,592012,118592012,210591001939,SESC,907,A1,784,1716,2052,3769,9282,2298,11580,16525
20222023,041,GRANT,593,Williamstown Independent,"",---District Total---,593,"","",NKCES,905,"",763,1940,1068,3008,10426,2453,12879,28463
20222023,041,GRANT,593,Williamstown Independent,010,Williamstown Elementary,593010,041593010,210594001392,NKCES,905,A1,386,1062,720,1782,9498,1734,11232,24214
20222023,041,GRANT,593,Williamstown Independent,020,Williamstown Jr. High,593020,041593020,210594001393,NKCES,905,A1,155,970,657,1627,10930,1551,12481,25001
20222023,041,GRANT,593,Williamstown Independent,030,Williamstown Sr. High,593030,041593030,210594002308,NKCES,905,A1,222,779,670,1448,10450,3516,13966,26308
20222023,041,GRANT,593,Williamstown Independent,040,Williamstown Head Start Preschool,593040,041593040,210594002260,NKCES,905,A4,0,,,,,,,
20222023,119,WOLFE,595,Wolfe County,"",---District Total---,595,"","",KVEC,904,"",1115,2795,497,3291,11863,3566,15429,20156
20222023,119,WOLFE,595,Wolfe County,140,Dessie Scott School,595140,119595140,210597002380,KVEC,904,A6,12,,,,,,,
20222023,119,WOLFE,595,Wolfe County,205,Red River Valley Elementary School,595205,119595205,210597001394,KVEC,904,A1,100,4360,701,5060,18917,4411,23328,23994
20222023,119,WOLFE,595,Wolfe County,220,Rogers Elementary School,595220,119595220,210597001395,KVEC,904,A1,122,4056,336,4392,16484,3899,20384,20581
20222023,119,WOLFE,595,Wolfe County,310,Campton Elementary School,595310,119595310,210597001396,KVEC,904,A1,326,2307,433,2741,14000,3681,17681,17897
20222023,119,WOLFE,595,Wolfe County,312,Success Academy,595312,119595312,210597002369,KVEC,904,A5,32,,,,,,,
20222023,119,WOLFE,595,Wolfe County,315,Wolfe County Middle School,595315,119595315,210597001693,KVEC,904,A1,163,3119,392,3511,15389,3656,19045,19242
20222023,119,WOLFE,595,Wolfe County,320,Wolfe County High School,595320,119595320,210597001397,KVEC,904,A1,360,2373,623,2996,13063,4625,17688,17962
20222023,120,WOODFORD,601,Woodford County,"",---District Total---,601,"","",CKEC,901,"",3884,682,551,1233,10461,2356,12818,21028
20222023,120,WOODFORD,601,Woodford County,013,Safe Harbor Academy,601013,120601013,210600001840,CKEC,901,A5,26,,,,,,,
20222023,120,WOODFORD,601,Woodford County,050,Southside Elementary School,601050,120601050,210600000284,CKEC,901,A1,559,925,474,1398,10235,1837,12072,20054
20222023,120,WOODFORD,601,Woodford County,075,Simmons Elementary School,601075,120601075,210600001403,CKEC,901,A1,357,1096,618,1714,10755,2104,12862,21180
20222023,120,WOODFORD,601,Woodford County,084,Woodford County High School,601084,120601084,210600001404,CKEC,901,A1,1276,573,551,1123,9637,2849,12491,19797
20222023,120,WOODFORD,601,Woodford County,085,Woodford County Middle School,601085,120601085,210600001405,CKEC,901,A1,885,210,453,663,9442,2200,11644,18718
20222023,120,WOODFORD,601,Woodford County,090,Huntertown Elementary School,601090,120601090,210600001468,CKEC,901,A1,417,861,509,1370,10895,1691,12587,20753
20222023,120,WOODFORD,601,Woodford County,120,Northside Elementary School,601120,120601120,210600000320,CKEC,901,A1,364,779,629,1407,10718,1942,12660,20775
20222023,056,JEFFERSON,602,Kentucky School for the Blind,"",---District Total---,602,"","","",909,"",72,,,,,,,
20222023,056,JEFFERSON,602,Kentucky School for the Blind District,176,Kentucky School for the Blind,602176,056602176,210009401779,"",909,D1,72,,,,,,,
20222023,011,BOYLE,603,Kentucky School for the Deaf,"",---District Total---,603,"","",CKEC,901,"",71,,,,,,,
20222023,011,BOYLE,603,Kentucky School for the Deaf District,390,Kentucky School for the Deaf,603390,011603390,210009501715,CKEC,901,D1,71,,,,,,,
20222023,073,MADISON,606,Model Laboratory Schools at EKU,"",---District Total---,606,"","","","","",724,,,,,,,
20222023,073,MADISON,606,Model Laboratory Schools at EKU,450,Model Elementary,606450,073606450,210029102509,"","",B1,324,,,,,,,
20222023,073,MADISON,606,Model Laboratory Schools at EKU,460,Model High School,606460,073606460,210029102510,"","",B1,400,,,,,,,
20222023,103,ROWAN,610,Craft Academy,"",---District Total---,610,"","","","","",,,,,,,,
20222023,103,ROWAN,610,Craft Academy,300,The Craft Academy for Excellence in Science and Mathematics,610300,103610300,210029002440,"","",B2,,,,,,,,
20222023,037,FRANKLIN,777,Kentucky Tech System,"",---District Total---,777,"","","","","",,,,,,,,
20222023,037,FRANKLIN,777,Kentucky Tech System,005,Estill County Area Technology Center,777005,037777005,210028902519,"","",C2,,,,,,,,
20222023,037,FRANKLIN,777,Kentucky Tech System,100,Barren County Area Technology Center,777100,037777100,210028902161,"","",C2,,,,,,,,
20222023,037,FRANKLIN,777,Kentucky Tech System,101,Belfry Area Technology Center,777101,037777101,210028902107,"","",C2,,,,,,,,
20222023,037,FRANKLIN,777,Kentucky Tech System,102,Bell County Area Technology Center,777102,037777102,210028902183,"","",C2,,,,,,,,
20222023,037,FRANKLIN,777,Kentucky Tech System,103,Boone County Area Technology Center,777103,037777103,210028902164,"","",C2,,,,,,,,
20222023,037,FRANKLIN,777,Kentucky Tech System,104,Breathitt County Area Technology Center,777104,037777104,210028902153,"","",C2,,,,,,,,
20222023,037,FRANKLIN,777,Kentucky Tech System,105,Breckinridge County Area Technology Ctr,777105,037777105,210028902094,"","",C2,,,,,,,,
20222023,037,FRANKLIN,777,Kentucky Tech System,106,Bullitt County Area Technology Center,777106,037777106,210028902176,"","",C2,,,,,,,,
20222023,037,FRANKLIN,777,Kentucky Tech System,107,Butler Co. Area Technology Center,777107,037777107,210028902116,"","",C2,,,,,,,,
20222023,037,FRANKLIN,777,Kentucky Tech System,108,Campbell County Area Technology Center,777108,037777108,210028902142,"","",C2,,,,,,,,
20222023,037,FRANKLIN,777,Kentucky Tech System,109,Caldwell County Area Technology Center,777109,037777109,210028902057,"","",C2,,,,,,,,
20222023,037,FRANKLIN,777,Kentucky Tech System,110,Carroll County Area Technology Center,777110,037777110,210028902097,"","",C2,,,,,,,,
20222023,037,FRANKLIN,777,Kentucky Tech System,111,Casey County Area Technology Center,777111,037777111,210028902105,"","",C2,,,,,,,,
20222023,037,FRANKLIN,777,Kentucky Tech System,112,Clark County Area Technology Center,777112,037777112,210028902062,"","",C2,,,,,,,,
20222023,037,FRANKLIN,777,Kentucky Tech System,113,Clay County Area Technology Center,777113,037777113,210028902070,"","",C2,,,,,,,,
20222023,037,FRANKLIN,777,Kentucky Tech System,114,Southern Kentucky Early CCA,777114,037777114,210028902102,"","",C2,,,,,,,,
20222023,037,FRANKLIN,777,Kentucky Tech System,115,Corbin Area Technology Center,777115,037777115,210028902104,"","",C2,,,,,,,,
20222023,037,FRANKLIN,777,Kentucky Tech System,116,Floyd County Area Technology Center,777116,037777116,210028902090,"","",C2,,,,,,,,
20222023,037,FRANKLIN,777,Kentucky Tech System,117,Four Rivers Career Academy,777117,037777117,210028902172,"","",C2,,,,,,,,
20222023,037,FRANKLIN,777,Kentucky Tech System,118,Garrard County Area Technology Center,777118,037777118,210028902042,"","",C2,,,,,,,,
20222023,037,FRANKLIN,777,Kentucky Tech System,120,Greenup County Area Technology Center,777120,037777120,210028902170,"","",C2,,,,,,,,
20222023,037,FRANKLIN,777,Kentucky Tech System,121,Harrison County Area Technology Center,777121,037777121,210028902143,"","",C2,,,,,,,,
20222023,037,FRANKLIN,777,Kentucky Tech System,123,Trailblazer Academy,777123,037777123,210028902091,"","",C2,,,,,,,,
20222023,037,FRANKLIN,777,Kentucky Tech System,124,Jackson Area Technology Center,777124,037777124,210028902106,"","",C2,,,,,,,,
20222023,037,FRANKLIN,777,Kentucky Tech System,125,Knott County Area Technology Center,777125,037777125,210028902174,"","",C2,,,,,,,,
20222023,037,FRANKLIN,777,Kentucky Tech System,126,Knox County Area Technology Center,777126,037777126,210028902114,"","",C2,,,,,,,,
20222023,037,FRANKLIN,777,Kentucky Tech System,127,Lake Cumberland Area Technology Center,777127,037777127,210028902069,"","",C2,,,,,,,,
20222023,037,FRANKLIN,777,Kentucky Tech System,128,Lee County Area Technology Center,777128,037777128,210028902118,"","",C2,,,,,,,,
20222023,037,FRANKLIN,777,Kentucky Tech System,129,Leslie County Area Technology Center,777129,037777129,210028902059,"","",C2,,,,,,,,
20222023,037,FRANKLIN,777,Kentucky Tech System,130,Letcher County Area Technology Center,777130,037777130,210028902136,"","",C2,,,,,,,,
20222023,037,FRANKLIN,777,Kentucky Tech System,131,Lincoln County Area Technology Center,777131,037777131,210028902145,"","",C2,,,,,,,,
20222023,037,FRANKLIN,777,Kentucky Tech System,132,Madison County Area Technology Center,777132,037777132,210028902123,"","",C2,,,,,,,,
20222023,037,FRANKLIN,777,Kentucky Tech System,133,Marion County Area Technology Center,777133,037777133,210028902064,"","",C2,,,,,,,,
20222023,037,FRANKLIN,777,Kentucky Tech System,134,Martin County Area Technology Center,777134,037777134,210028902147,"","",C2,,,,,,,,
20222023,037,FRANKLIN,777,Kentucky Tech System,135,Mason County Career Magnet School,777135,037777135,210028902088,"","",C2,,,,,,,,
20222023,037,FRANKLIN,777,Kentucky Tech System,136,Mayfield/Graves County Area Tech Center,777136,037777136,210028902138,"","",C2,,,,,,,,
20222023,037,FRANKLIN,777,Kentucky Tech System,137,Meade County College and Career Center,777137,037777137,210028902126,"","",C2,,,,,,,,
20222023,037,FRANKLIN,777,Kentucky Tech System,138,Millard Area Technology Center,777138,037777138,210028902182,"","",C2,,,,,,,,
20222023,037,FRANKLIN,777,Kentucky Tech System,139,Monroe County Area Technology Center,777139,037777139,210028902173,"","",C2,,,,,,,,
20222023,037,FRANKLIN,777,Kentucky Tech System,140,Montgomery County Area Technology Center,777140,037777140,210028902115,"","",C2,,,,,,,,
20222023,037,FRANKLIN,777,Kentucky Tech System,141,Morgan County Area Technology Center,777141,037777141,210028902043,"","",C2,,,,,,,,
20222023,037,FRANKLIN,777,Kentucky Tech System,142,Murray/Calloway County Area Tech Center,777142,037777142,210028902134,"","",C2,,,,,,,,
20222023,037,FRANKLIN,777,Kentucky Tech System,143,Nelson County Area Technology Center,777143,037777143,210028902154,"","",C2,,,,,,,,
20222023,037,FRANKLIN,777,Kentucky Tech System,144,Ohio County Area Technology Center,777144,037777144,210028902096,"","",C2,,,,,,,,
20222023,037,FRANKLIN,777,Kentucky Tech System,145,Paducah Area Technology Center,777145,037777145,210028902040,"","",C2,,,,,,,,
20222023,037,FRANKLIN,777,Kentucky Tech System,147,Pulaski County Area Technology Center,777147,037777147,210028902072,"","",C2,,,,,,,,
20222023,037,FRANKLIN,777,Kentucky Tech System,148,Rockcastle County Area Technology Center,777148,037777148,210028902163,"","",C2,,,,,,,,
20222023,037,FRANKLIN,777,Kentucky Tech System,149,Russell Area Technology Center,777149,037777149,210028902177,"","",C2,,,,,,,,
20222023,037,FRANKLIN,777,Kentucky Tech System,151,Logan County Career and Technical Center,777151,037777151,210028902160,"","",C2,,,,,,,,
20222023,037,FRANKLIN,777,Kentucky Tech System,152,Shelby County Area Technology Center,777152,037777152,210028902152,"","",C2,,,,,,,,
20222023,037,FRANKLIN,777,Kentucky Tech System,153,Warren Co. Area Technology Center,777153,037777153,210028902141,"","",C2,,,,,,,,
20222023,037,FRANKLIN,777,Kentucky Tech System,154,Wayne County Area Technology Center,777154,037777154,210028902156,"","",C2,,,,,,,,
20222023,037,FRANKLIN,777,Kentucky Tech System,155,Webster County Area Technology Center,777155,037777155,210028902095,"","",C2,,,,,,,,
20222023,037,FRANKLIN,777,Kentucky Tech System,156,Delta Academy,777156,037777156,210028902478,"","",C2,,,,,,,,
20222023,037,FRANKLIN,777,Kentucky Tech System,158,Southeast Kentucky Academy,777158,037777158,210028902479,"","",C2,,,,,,,,
20222023,037,FRANKLIN,777,Kentucky Tech System,159,iLEAD Academy,777159,037777159,210028902468,"","",C2,,,,,,,,
20222023,"","",999,State,"",---State Total---,999,"","","","","",634424,1330,751,2081,11102,2441,13544,18522
