SCHOOL YEAR,COUNTY NUMBER,COUNTY NAME,DISTRICT NUMBER,DISTRICT NAME,SCHOOL NUMBER,SCHOOL NAME,SCHOOL CODE,STATE SCHOOL ID,NCES ID,CO-OP,CO-OP CODE,SCHOOL TYPE,MEMBERSHIP,Personnel Spending per Student - Federal Funds,Non-Personnel Spending per Student - Federal Funds,Total Spending per Student - Federal Funds,Personnel Spending per Student - State/Local Funds,Non-Personnel Spending per Student - State/Local Funds,Total Spending per Student - State/Local Funds,Total Spending per Student - All Fund Sources
20212022,001,ADAIR,001,Adair County,"",---District Total---,001,"","",GRREC,902,"",2566,1495,285,1780,8628,1945,10573,13600
20212022,001,ADAIR,001,Adair County,010,Adair County High School,001010,001001010,210003000001,GRREC,902,A1,776,925,99,1024,8588,1938,10526,13553
20212022,001,ADAIR,001,Adair County,012,Adair Learning Academy,001012,001001012,210003001913,GRREC,902,A6,31,,,,,,,
20212022,001,ADAIR,001,Adair County,014,Adair County Middle School,001014,001001014,210003001919,GRREC,902,A1,637,1030,67,1098,7810,1031,8842,10081
20212022,001,ADAIR,001,Adair County,016,Adair County Elementary School,001016,001001016,210003002021,GRREC,902,A1,545,1632,186,1818,9582,1364,10945,12031
20212022,001,ADAIR,001,Adair County,020,Adair County Primary Center,001020,001001020,210003002345,GRREC,902,A1,577,2078,175,2253,10895,1371,12267,13623
20212022,002,ALLEN,005,Allen County,"",---District Total---,005,"","",GRREC,902,"",2941,841,720,1562,8752,1384,10136,13125
20212022,002,ALLEN,005,Allen County,010,Allen County Primary Center,005010,002005010,210007000008,GRREC,902,A1,867,1528,1272,2800,17856,3625,18680,24258
20212022,002,ALLEN,005,Allen County,015,James E Bazzell Middle School,005015,002005015,210007000009,GRREC,902,A1,474,2212,1272,3484,18733,3707,18956,25226
20212022,002,ALLEN,005,Allen County,020,Allen County-Scottsville High School,005020,002005020,210007000010,GRREC,902,A1,898,1372,1591,2963,19459,5038,21534,27283
20212022,002,ALLEN,005,Allen County,060,Allen County Intermediate Center,005060,002005060,210007000013,GRREC,902,A1,702,1580,1282,2862,17318,3472,17928,23362
20212022,002,ALLEN,005,Allen County,901,Allen County Career and Technical Center,005901,002005901,210007002061,GRREC,902,A2,0,,,,,,,
20212022,056,JEFFERSON,006,Anchorage Independent,"",---District Total---,006,"","",OVEC,906,"",405,216,606,821,18429,5071,23500,24459
20212022,056,JEFFERSON,006,Anchorage Independent,010,Anchorage Independent Public School,006010,056006010,210009000014,OVEC,906,A1,405,216,606,821,18429,5071,23500,24459
20212022,003,ANDERSON,011,Anderson County,"",---District Total---,011,"","",CKEC,901,"",3574,1074,451,1525,8624,1580,10204,13046
20212022,003,ANDERSON,011,Anderson County,020,Anderson County High School,011020,003011020,210012000016,CKEC,901,A1,1173,569,378,947,7229,2180,9409,10645
20212022,003,ANDERSON,011,Anderson County,022,Robert B. Turner Elementary School,011022,003011022,210012001955,CKEC,901,A1,539,1175,410,1585,9321,1736,11057,12261
20212022,003,ANDERSON,011,Anderson County,025,Anderson County Middle School,011025,003011025,210012000017,CKEC,901,A1,825,597,361,958,7824,1636,9460,10724
20212022,003,ANDERSON,011,Anderson County,030,APEX Academy,011030,003011030,210012002371,CKEC,901,A5,0,,,,,,,
20212022,003,ANDERSON,011,Anderson County,050,Saffell Street Elementary School,011050,003011050,210012000018,CKEC,901,A1,396,1113,456,1569,10507,2060,12566,13944
20212022,003,ANDERSON,011,Anderson County,110,Emma B. Ward Elementary School,011110,003011110,210012000021,CKEC,901,A1,456,1782,426,2207,11505,1743,13248,14558
20212022,003,ANDERSON,011,Anderson County,120,Ezra Sparrow Early Childhood Center,011120,003011120,210012001298,CKEC,901,A1,185,2117,762,2879,12106,2125,14231,15406
20212022,010,BOYD,012,Ashland Independent,"",---District Total---,012,"","",KEDC,903,"",3051,1552,857,2408,8775,1811,10586,17537
20212022,010,BOYD,012,Ashland Independent,005,Ashland Virtual Learning Center,012005,010012005,210015002487,KEDC,903,A5,0,,,,,,,
20212022,010,BOYD,012,Ashland Independent,010,Paul G. Blazer High School,012010,010012010,210015000022,KEDC,903,A1,923,412,761,1172,8893,1951,10847,12152
20212022,010,BOYD,012,Ashland Independent,012,Ashland Head Start,012012,010012012,210015002023,KEDC,903,A4,0,,,,,,,
20212022,010,BOYD,012,Ashland Independent,050,Ashland Middle School,012050,010012050,210015000023,KEDC,903,A1,697,731,680,1411,8258,1668,9926,11493
20212022,010,BOYD,012,Ashland Independent,070,Crabbe Elementary School,012070,010012070,210015000025,KEDC,903,A1,294,2063,925,2988,7326,1516,8840,12159
20212022,010,BOYD,012,Ashland Independent,080,Hager Elementary School,012080,010012080,210015000026,KEDC,903,A1,357,1250,686,1936,6588,1382,7972,9932
20212022,010,BOYD,012,Ashland Independent,100,Oakview Elementary School,012100,010012100,210015000028,KEDC,903,A1,291,1251,955,2205,10249,1571,11822,14052
20212022,010,BOYD,012,Ashland Independent,110,Poage Elementary School,012110,010012110,210015000029,KEDC,903,A1,285,1236,861,2097,9705,1454,11164,13290
20212022,010,BOYD,012,Ashland Independent,130,Charles Russell Elementary School,012130,010012130,210015000031,KEDC,903,A1,204,1818,913,2731,10960,1762,12724,15905
20212022,012,BRACKEN,013,Augusta Independent,"",---District Total---,013,"","",KEDC,903,"",308,1712,501,2213,8833,2671,11504,15193
20212022,012,BRACKEN,013,Augusta Independent,011,Augusta Independent School,013011,012013011,210018001968,KEDC,903,A1,308,1712,501,2213,8833,2671,11504,15193
20212022,004,BALLARD,015,Ballard County,"",---District Total---,015,"","",WKEC,908,"",951,903,657,1560,10904,2859,13763,17828
20212022,004,BALLARD,015,Ballard County,005,Ballard County Middle School,015005,004015005,210021000035,WKEC,908,A1,236,1044,286,1330,9581,2024,11606,15199
20212022,004,BALLARD,015,Ballard County,010,Ballard Memorial High School,015010,004015010,210021000036,WKEC,908,A1,260,495,1094,1589,13214,4396,17610,21720
20212022,004,BALLARD,015,Ballard County,050,Ballard County Elementary School,015050,004015050,210021000356,WKEC,908,A1,455,1063,600,1663,10270,2412,12683,16968
20212022,004,BALLARD,015,Ballard County,070,Ballard Co. Preschool/Headstart Center,015070,004015070,210021000040,WKEC,908,A4,0,,,,,,,
20212022,004,BALLARD,015,Ballard County,905,Ballard County Career and Technology Ctr,015905,004015905,210021002404,WKEC,908,A2,0,,,,,,,
20212022,061,KNOX,016,Barbourville Independent,"",---District Total---,016,"","",SESC,907,"",630,1087,1238,2325,8229,2479,10708,13991
20212022,061,KNOX,016,Barbourville Independent,011,Barbourville City School,016011,061016011,210024001969,SESC,907,A1,630,1087,1238,2325,8229,2479,10708,13991
20212022,090,NELSON,017,Bardstown Independent,"",---District Total---,017,"","",CKEC,901,"",2394,1158,303,1461,12038,2012,14050,21030
20212022,090,NELSON,017,Bardstown Independent,005,Bardstown Alternative School,017005,090017005,210027002359,CKEC,901,A5,80,,,,,,,
20212022,090,NELSON,017,Bardstown Independent,009,Bardstown Early Childhood Center,017009,090017009,210027002222,CKEC,901,A4,0,,,,,,,
20212022,090,NELSON,017,Bardstown Independent,010,Bardstown Elementary School,017010,090017010,210027000044,CKEC,901,A1,555,1269,363,1631,11281,1661,12942,19661
20212022,090,NELSON,017,Bardstown Independent,012,Bardstown Primary School,017012,090017012,210027002050,CKEC,901,A1,586,1866,219,2085,11114,1523,12637,19644
20212022,090,NELSON,017,Bardstown Independent,020,Bardstown High School,017020,090017020,210027000045,CKEC,901,A1,616,404,231,635,11706,2384,14090,19783
20212022,090,NELSON,017,Bardstown Independent,030,Bardstown Middle School,017030,090017030,210027000046,CKEC,901,A1,557,485,197,682,10918,1817,12734,18339
20212022,005,BARREN,021,Barren County,"",---District Total---,021,"","",GRREC,902,"",4856,1627,867,2495,8676,2368,11045,17041
20212022,005,BARREN,021,Barren County,010,Austin Tracy Elementary School,021010,005021010,210030000047,GRREC,902,A1,272,2155,1139,5043,7748,2145,8476,17818
20212022,005,BARREN,021,Barren County,011,College Street Campus,021011,005021011,210030001303,GRREC,902,A5,55,,,,,,,
20212022,005,BARREN,021,Barren County,012,BAVEL,021012,005021012,210030001970,GRREC,902,A5,276,,,,,,,
20212022,005,BARREN,021,Barren County,014,North Jackson Elementary,021014,005021014,210030002232,GRREC,902,A1,483,1478,954,3629,7303,1979,8415,16148
20212022,005,BARREN,021,Barren County,027,Barren County High School,021027,005021027,210030000048,GRREC,902,A1,1312,1101,821,2922,8522,2245,10064,17234
20212022,005,BARREN,021,Barren County,035,Eastern Elementary School,021035,005021035,210030000049,GRREC,902,A1,330,2008,1016,4843,7660,1906,8079,17214
20212022,005,BARREN,021,Barren County,050,Barren County Middle School,021050,005021050,210030000607,GRREC,902,A1,698,1307,742,3171,7821,1965,8995,16269
20212022,005,BARREN,021,Barren County,080,Hiseville Elementary School,021080,005021080,210030000050,GRREC,902,A1,252,2046,962,4813,8983,1934,9441,18515
20212022,005,BARREN,021,Barren County,130,Park City Elementary School,021130,005021130,210030000051,GRREC,902,A1,341,1897,1114,4766,15264,2016,8176,17244
20212022,005,BARREN,021,Barren County,150,Red Cross Elementary School,021150,005021150,210030000052,GRREC,902,A1,571,1686,915,4037,7846,1876,8618,16759
20212022,005,BARREN,021,Barren County,180,Temple Hill Elementary School,021180,005021180,210030000053,GRREC,902,A1,266,2317,1096,5081,8038,1981,8684,17868
20212022,006,BATH,025,Bath County,"",---District Total---,025,"","",KEDC,903,"",1881,2024,575,2598,8156,2031,10187,14268
20212022,006,BATH,025,Bath County,012,Second Chance Academy,025012,006025012,210033002335,KEDC,903,A5,14,,,,,,,
20212022,006,BATH,025,Bath County,014,Crossroads Elementary School,025014,006025014,210033002223,KEDC,903,A1,344,2959,562,3529,8038,1877,9915,14873
20212022,006,BATH,025,Bath County,020,Bath County Middle School,025020,006025020,210033001606,KEDC,903,A1,466,1751,431,2190,7478,1944,9423,13040
20212022,006,BATH,025,Bath County,030,Owingsville Elementary School,025030,006025030,210033000056,KEDC,903,A1,487,2218,750,2976,7556,1756,9312,13698
20212022,006,BATH,025,Bath County,040,Bath County High School,025040,006025040,210033000057,KEDC,903,A1,570,1296,501,1805,8636,2300,10936,14246
20212022,059,KENTON,026,Beechwood Independent,"",---District Total---,026,"","",NKCES,905,"",1455,480,98,578,8678,2078,10756,16787
20212022,059,KENTON,026,Beechwood Independent,010,Beechwood Elementary School,026010,059026010,210036000059,NKCES,905,A1,703,618,103,720,9007,1889,10896,17036
20212022,059,KENTON,026,Beechwood Independent,020,Beechwood High School,026020,059026020,210036000060,NKCES,905,A1,728,318,95,413,8824,2370,11194,17334
20212022,059,KENTON,026,Beechwood Independent,420,Guardian Angel,026420,059026420,210036002409,NKCES,905,A6,24,,,,,,,
20212022,007,BELL,031,Bell County,"",---District Total---,031,"","",SESC,907,"",2374,4214,711,4925,7489,3251,10740,17155
20212022,007,BELL,031,Bell County,012,Bell Central School Center,031012,007031012,210039001881,SESC,907,A1,431,7125,1978,9103,8920,3704,12624,21727
20212022,007,BELL,031,Bell County,013,Page School Center,031013,007031013,210039001882,SESC,907,A1,283,7389,1451,8840,7691,3689,11380,20220
20212022,007,BELL,031,Bell County,040,Bell County High School,031040,007031040,210039000062,SESC,907,A1,719,5208,1506,6714,5677,2809,8486,15200
20212022,007,BELL,031,Bell County,180,Frakes School Center,031180,007031180,210039000067,SESC,907,A1,95,7262,1431,8693,16925,4489,24114,32807
20212022,007,BELL,031,Bell County,250,Lone Jack School Center,031250,007031250,210039000068,SESC,907,A1,163,8124,1433,9557,9355,4056,13411,22968
20212022,007,BELL,031,Bell County,345,Right Fork School Center,031345,007031345,210039000072,SESC,907,A1,134,7891,1503,9394,10989,4001,14990,24384
20212022,007,BELL,031,Bell County,390,Yellow Creek School Center,031390,007031390,210039000074,SESC,907,A1,549,6367,1402,7769,6124,3522,9646,17715
20212022,019,CAMPBELL,032,Bellevue Independent,"",---District Total---,032,"","",NKCES,905,"",582,702,1557,2259,11671,2727,14398,26011
20212022,019,CAMPBELL,032,Bellevue Independent,010,Bellevue High School,032010,019032010,210042000075,NKCES,905,A1,366,948,2265,3077,11696,4622,16318,19838
20212022,019,CAMPBELL,032,Bellevue Independent,020,Grandview Elementary School,032020,019032020,210042000076,NKCES,905,A1,216,1196,2515,3575,13812,5297,19109,21597
20212022,073,MADISON,034,Berea Independent,"",---District Total---,034,"","",SESC,907,"",1011,2119,1189,3308,10366,2566,12932,17399
20212022,073,MADISON,034,Berea Independent,010,Berea Community Elementary School,034010,073034010,210048000077,SESC,907,A1,430,4780,4213,4816,11839,4369,11857,11924
20212022,073,MADISON,034,Berea Independent,015,Berea Community Middle School,034015,073034015,210048001658,SESC,907,A1,240,4442,4237,4502,12730,4473,12779,12899
20212022,073,MADISON,034,Berea Independent,020,Berea Community High School,034020,073034020,210048000078,SESC,907,A1,341,4669,4237,4729,10071,5215,10288,10373
20212022,008,BOONE,035,Boone County,"",---District Total---,035,"","",NKCES,905,"",19828,498,311,809,10556,1810,12366,15478
20212022,008,BOONE,035,Boone County,005,A M Yealey Elementary School,035005,008035005,210051000079,NKCES,905,A1,548,734,980,1714,9723,883,10606,12320
20212022,008,BOONE,035,Boone County,006,Erpenbeck Elementary School,035006,008035006,210051001710,NKCES,905,A1,652,518,597,1115,9678,823,10501,11616
20212022,008,BOONE,035,Boone County,008,North Pointe Elementary School,035008,008035008,210051001883,NKCES,905,A1,392,1045,867,1913,12249,1164,13413,15326
20212022,008,BOONE,035,Boone County,010,Camp Ernst Middle School,035010,008035010,210051001971,NKCES,905,A1,783,710,679,1389,8811,830,9641,11030
20212022,008,BOONE,035,Boone County,011,Shirley Mann Elementary School,035011,008035011,210051002022,NKCES,905,A1,735,480,489,969,9330,834,10164,11133
20212022,008,BOONE,035,Boone County,012,Thornwilde Elementary School,035012,008035012,210051002290,NKCES,905,A1,642,550,696,1245,8918,748,9666,10912
20212022,008,BOONE,035,Boone County,015,Randall K. Cooper High School,035015,008035015,210051002206,NKCES,905,A1,1377,392,513,905,8104,1336,9440,10344
20212022,008,BOONE,035,Boone County,017,Longbranch Elementary School,035017,008035017,210051002245,NKCES,905,A1,855,561,695,1256,8720,619,9339,10596
20212022,008,BOONE,035,Boone County,018,Steeplechase Elementary School,035018,008035018,"",NKCES,905,A1,553,582,1030,1612,9406,1210,10615,12227
20212022,008,BOONE,035,Boone County,020,Rector A. Jones Middle School,035020,008035020,210051000080,NKCES,905,A1,688,1452,894,2345,8787,667,9454,11800
20212022,008,BOONE,035,Boone County,025,Ballyshannon Middle School,035025,008035025,210051002460,NKCES,905,A1,666,710,625,1335,8207,772,8979,10314
20212022,008,BOONE,035,Boone County,030,Boone County High School,035030,008035030,210051000081,NKCES,905,A1,1270,578,502,1080,9073,1267,10341,11420
20212022,008,BOONE,035,Boone County,040,Burlington Elementary School,035040,008035040,210051000082,NKCES,905,A1,642,922,754,1676,10061,657,10718,12394
20212022,008,BOONE,035,Boone County,041,Charles H. Kelly Elementary School,035041,008035041,210051001519,NKCES,905,A1,218,1047,1169,2216,13373,1162,14535,16751
20212022,008,BOONE,035,Boone County,043,Conner Middle School,035043,008035043,210051000083,NKCES,905,A1,878,501,522,1023,9009,959,9968,10991
20212022,008,BOONE,035,Boone County,045,Conner High School,035045,008035045,210051000084,NKCES,905,A1,1406,405,436,841,8599,1068,9668,10509
20212022,008,BOONE,035,Boone County,050,Florence Elementary School,035050,008035050,210051000085,NKCES,905,A1,525,1024,1253,2277,9520,641,10161,12438
20212022,008,BOONE,035,Boone County,055,Chester Goodridge Elementary School,035055,008035055,210051000086,NKCES,905,A1,607,780,803,1583,9356,755,10111,11695
20212022,008,BOONE,035,Boone County,065,Hillard Collins Elementary School,035065,008035065,210051001608,NKCES,905,A1,471,1250,1105,2355,11029,1038,12067,14422
20212022,008,BOONE,035,Boone County,071,Larry A. Ryle High School,035071,008035071,210051000011,NKCES,905,A1,1983,348,455,803,8043,1286,9329,10132
20212022,008,BOONE,035,Boone County,075,Gray Middle School,035075,008035075,210051000638,NKCES,905,A1,1012,563,475,1038,8494,920,9415,10452
20212022,008,BOONE,035,Boone County,080,New Haven Elementary School,035080,008035080,210051000088,NKCES,905,A1,636,681,735,1416,9330,847,10178,11594
20212022,008,BOONE,035,Boone County,081,Ockerman Elementary School,035081,008035081,210051000089,NKCES,905,A1,729,824,1007,1831,8737,699,9436,11266
20212022,008,BOONE,035,Boone County,083,Stephens Elementary School,035083,008035083,210051001695,NKCES,905,A1,506,917,826,1742,10687,917,11604,13346
20212022,008,BOONE,035,Boone County,085,Ockerman Middle School,035085,008035085,210051000090,NKCES,905,A1,664,535,504,1040,8995,821,9817,10856
20212022,008,BOONE,035,Boone County,135,ACCEL Academy,035135,008035135,"",NKCES,905,A5,276,,,,,,,
20212022,008,BOONE,035,Boone County,170,RISE Academy,035170,008035170,210051002266,NKCES,905,A5,114,,,,,,,
20212022,009,BOURBON,041,Bourbon County,"",---District Total---,041,"","",CKEC,901,"",2483,2071,870,2941,9346,2129,11475,15439
20212022,009,BOURBON,041,Bourbon County,010,Bourbon Central Elementary School,041010,009041010,210054001576,CKEC,901,A1,515,2519,899,3419,9079,2138,11217,15619
20212022,009,BOURBON,041,Bourbon County,011,Bourbon County Preschool Headstart,041011,009041011,210054002054,CKEC,901,A4,0,,,,,,,
20212022,009,BOURBON,041,Bourbon County,030,Cane Ridge Elementary School,041030,009041030,210054000024,CKEC,901,A1,449,2886,835,3720,9350,2150,11500,16137
20212022,009,BOURBON,041,Bourbon County,090,North Middletown Elementary School,041090,009041090,210054000096,CKEC,901,A1,146,3648,1267,4915,10608,2380,12988,19080
20212022,009,BOURBON,041,Bourbon County,110,Bourbon County High School,041110,009041110,210054000098,CKEC,901,A1,790,1547,820,2367,8902,2105,11008,14529
20212022,009,BOURBON,041,Bourbon County,120,Bourbon County Middle School,041120,009041120,210054000099,CKEC,901,A1,583,1364,840,2204,9864,2072,11936,15065
20212022,114,WARREN,042,Bowling Green Independent,"",---District Total---,042,"","",GRREC,902,"",4207,1166,613,1779,9339,2260,11600,18225
20212022,114,WARREN,042,Bowling Green Independent,010,Dishman McGinnis Elementary School,042010,114042010,210057000100,GRREC,902,A1,421,1275,687,1963,10032,1807,11839,19068
20212022,114,WARREN,042,Bowling Green Independent,011,Childrens Crisis Stabilization Unit,042011,114042011,210057001830,GRREC,902,A6,1,,,,,,,
20212022,114,WARREN,042,Bowling Green Independent,013,Warren Regional Juvenile Detention Ctr,042013,114042013,210057001911,GRREC,902,A6,29,,,,,,,
20212022,114,WARREN,042,Bowling Green Independent,057,Parker-Bennett-Curry School,042057,114042057,210057000102,GRREC,902,A1,353,950,654,1604,10255,2289,12544,19464
20212022,114,WARREN,042,Bowling Green Independent,060,Potter Gray Elementary,042060,114042060,210057000103,GRREC,902,A1,398,662,557,1219,9158,1908,11065,16907
20212022,114,WARREN,042,Bowling Green Independent,065,Bowling Green Junior High,042065,114042065,210057000104,GRREC,902,A1,932,1298,489,1787,8615,2325,10940,17439
20212022,114,WARREN,042,Bowling Green Independent,070,Bowling Green High School,042070,114042070,210057000105,GRREC,902,A1,1212,805,600,1405,9378,2001,11380,17448
20212022,114,WARREN,042,Bowling Green Independent,080,T C Cherry Elementary School,042080,114042080,210057000106,GRREC,902,A1,304,2305,1051,3356,11519,1942,13462,23069
20212022,114,WARREN,042,Bowling Green Independent,090,W R McNeill Elementary School,042090,114042090,210057000107,GRREC,902,A1,420,1480,577,2056,8175,1572,9748,15977
20212022,114,WARREN,042,Bowling Green Independent,098,Bowling Green Learning Center,042098,114042098,210057001696,GRREC,902,A5,137,,,,,,,
20212022,010,BOYD,045,Boyd County,"",---District Total---,045,"","",KEDC,903,"",2858,2607,842,3449,11024,2488,13512,18822
20212022,010,BOYD,045,Boyd County,010,Boyd County High School,045010,010045010,210062000108,KEDC,903,A1,862,954,496,1450,11199,2947,14146,15596
20212022,010,BOYD,045,Boyd County,020,Cannonsburg Elementary School,045020,010045020,210062000109,KEDC,903,A1,267,3040,834,3874,16128,3038,19166,23040
20212022,010,BOYD,045,Boyd County,035,Boyd County Middle School,045035,010045035,210062000112,KEDC,903,A1,653,2048,712,2760,11214,2864,14078,16838
20212022,010,BOYD,045,Boyd County,045,Boyd County Central School,045045,010045045,210062002466,KEDC,903,A5,33,,,,,,,
20212022,010,BOYD,045,Boyd County,080,Summit Elementary School,045080,010045080,210062000117,KEDC,903,A1,460,2722,757,3479,12281,2922,15203,18682
20212022,010,BOYD,045,Boyd County,085,Ramey-Estep High School,045085,010045085,210062000640,KEDC,903,A6,63,,,,,,,
20212022,010,BOYD,045,Boyd County,095,Catlettsburg Elementary School,045095,010045095,210062000118,KEDC,903,A1,193,3324,893,4217,17097,4150,21247,25464
20212022,010,BOYD,045,Boyd County,097,Ponderosa Elementary School,045097,010045097,210062000030,KEDC,903,A1,327,2561,922,3483,11914,2940,14854,18337
20212022,010,BOYD,045,Boyd County,120,Boyd Co Career & Tech Educ Ctr Voc Sch,045120,010045120,210062001479,KEDC,903,A2,0,,,,,,,
20212022,010,BOYD,045,Boyd County,198,Boyd Co Early Childhood Academy,045198,010045198,210062001923,KEDC,903,A4,0,,,,,,,
20212022,011,BOYLE,051,Boyle County,"",---District Total---,051,"","",CKEC,901,"",2670,701,271,971,10071,2078,12149,14845
20212022,011,BOYLE,051,Boyle County,003,Boyle County Middle School,051003,011051003,210063000119,CKEC,901,A1,661,666,419,1084,11211,2048,13259,14343
20212022,011,BOYLE,051,Boyle County,004,Boyle County Day Treatment,051004,011051004,210063001713,CKEC,901,A6,11,,,,,,,
20212022,011,BOYLE,051,Boyle County,005,Boyle County High School,051005,011051005,210063000120,CKEC,901,A1,836,329,448,777,10145,2755,12901,13678
20212022,011,BOYLE,051,Boyle County,040,Junction City Elementary School,051040,011051040,210063000121,CKEC,901,A1,351,1468,490,1957,11422,2252,13673,15630
20212022,011,BOYLE,051,Boyle County,050,Woodlawn Elementary School,051050,011051050,210063000122,CKEC,901,A1,556,482,428,910,10264,2068,12333,13242
20212022,011,BOYLE,051,Boyle County,080,Perryville Elementary School,051080,011051080,210063000124,CKEC,901,A1,255,1373,462,1834,11349,2469,13818,15653
20212022,012,BRACKEN,055,Bracken County,"",---District Total---,055,"","",NKCES,905,"",1105,778,997,1775,9335,2100,11435,14040
20212022,012,BRACKEN,055,Bracken County,010,Bracken County High School,055010,012055010,210066000125,NKCES,905,A1,347,1506,955,2461,7958,2376,10334,12795
20212022,012,BRACKEN,055,Bracken County,050,Taylor Elementary School,055050,012055050,210066000128,NKCES,905,A1,483,1854,944,2797,9166,696,9862,12659
20212022,012,BRACKEN,055,Bracken County,060,Bracken County Middle School,055060,012055060,210066001560,NKCES,905,A1,275,1974,1137,3111,7370,1101,8471,11582
20212022,013,BREATHITT,061,Breathitt County,"",---District Total---,061,"","",KVEC,904,"",1696,2446,1271,3717,8810,2226,11036,21581
20212022,013,BREATHITT,061,Breathitt County,030,Highland-Turner Elementary School,061030,013061030,210069001659,KVEC,904,A1,166,2965,1259,4226,9620,2473,12091,21846
20212022,013,BREATHITT,061,Breathitt County,031,Breathitt Regional School,061031,013061031,210069001623,KVEC,904,A6,30,,,,,,,
20212022,013,BREATHITT,061,Breathitt County,033,Breathitt County Day Treatment,061033,013061033,210069001842,KVEC,904,A6,24,,,,,,,
20212022,013,BREATHITT,061,Breathitt County,060,Breathitt County High School,061060,013061060,210069000129,KVEC,904,A1,773,2229,1421,3651,8041,2399,10440,20775
20212022,013,BREATHITT,061,Breathitt County,150,Sebastian Elementary School,061150,013061150,210069000132,KVEC,904,A1,438,2134,946,3082,8691,1922,10610,21419
20212022,013,BREATHITT,061,Breathitt County,185,Marie Roberts-Caney Elementary School,061185,013061185,210069000133,KVEC,904,A1,265,2435,1048,3483,8026,1719,9744,18710
20212022,014,BRECKINRIDGE,065,Breckinridge County,"",---District Total---,065,"","",GRREC,902,"",2558,2098,1482,3580,8496,1997,10493,17415
20212022,014,BRECKINRIDGE,065,Breckinridge County,010,Breckinridge County High School,065010,014065010,210072000137,GRREC,902,A1,886,1313,1493,2806,7588,2190,9778,12584
20212022,014,BRECKINRIDGE,065,Breckinridge County,020,Hardinsburg Elementary School,065020,014065020,210072000138,GRREC,902,A1,418,2725,1475,4200,9744,1805,11549,15749
20212022,014,BRECKINRIDGE,065,Breckinridge County,030,Ben Johnson Elementary School,065030,014065030,210072000139,GRREC,902,A1,208,2479,1459,3938,8707,2182,10889,14827
20212022,014,BRECKINRIDGE,065,Breckinridge County,040,Custer Elementary School,065040,014065040,210072000140,GRREC,902,A1,142,3376,1686,5062,11089,2138,13227,18289
20212022,014,BRECKINRIDGE,065,Breckinridge County,050,Irvington Elementary School,065050,014065050,210072000141,GRREC,902,A1,305,3083,1466,4549,9461,2097,11558,16107
20212022,014,BRECKINRIDGE,065,Breckinridge County,100,Breckinridge County Middle School,065100,014065100,210072001304,GRREC,902,A1,599,1884,1437,3321,7720,1698,9418,12739
20212022,015,BULLITT,071,Bullitt County,"",---District Total---,071,"","",OVEC,906,"",12385,970,257,1227,9766,1697,11464,17117
20212022,015,BULLITT,071,Bullitt County,005,Bernheim Middle School,071005,015071005,210075000414,OVEC,906,A1,481,803,234,1037,8515,1523,10038,15287
20212022,015,BULLITT,071,Bullitt County,006,Freedom Elementary School,071006,015071006,210075001958,OVEC,906,A1,514,943,183,1126,9119,1579,10697,16029
20212022,015,BULLITT,071,Bullitt County,007,Zoneton Middle School,071007,015071007,210075001973,OVEC,906,A1,406,1149,261,1410,9610,1728,11338,16973
20212022,015,BULLITT,071,Bullitt County,008,Shepherdsville Elementary,071008,015071008,210075001974,OVEC,906,A1,496,1105,378,1483,10409,1584,11993,17750
20212022,015,BULLITT,071,Bullitt County,009,Eastside Middle School,071009,015071009,210075001975,OVEC,906,A1,668,767,177,944,8975,1463,10439,15554
20212022,015,BULLITT,071,Bullitt County,010,Brooks Elementary School,071010,015071010,210075000144,OVEC,906,A1,409,1117,291,1408,11297,1659,12956,18590
20212022,015,BULLITT,071,Bullitt County,015,Bullitt Central High School,071015,015071015,210075000145,OVEC,906,A1,1288,760,242,1002,9335,1644,10980,17358
20212022,015,BULLITT,071,Bullitt County,016,Bullitt East High School,071016,015071016,210075001409,OVEC,906,A1,1467,803,286,1089,8596,1847,10442,15700
20212022,015,BULLITT,071,Bullitt County,018,Bullitt Lick Middle School,071018,015071018,210075001410,OVEC,906,A1,505,1022,264,1285,9736,1588,11324,16818
20212022,015,BULLITT,071,Bullitt County,020,Cedar Grove Elementary,071020,015071020,210075000146,OVEC,906,A1,360,904,214,1118,11235,1656,12891,18250
20212022,015,BULLITT,071,Bullitt County,025,Hebron Middle School,071025,015071025,210075000147,OVEC,906,A1,513,690,430,1121,9010,1640,10650,17308
20212022,015,BULLITT,071,Bullitt County,030,Lebanon Junction Elementary,071030,015071030,210075000148,OVEC,906,A1,379,892,244,1136,11097,1605,12702,18072
20212022,015,BULLITT,071,Bullitt County,032,Spring Meadows,071032,015071032,210075002169,OVEC,906,A6,17,,,,,,,
20212022,015,BULLITT,071,Bullitt County,045,Maryville Elementary School,071045,015071045,210075000149,OVEC,906,A1,293,1051,306,1357,11222,1728,12949,18571
20212022,015,BULLITT,071,Bullitt County,050,MT. Washington Middle School,071050,015071050,210075000150,OVEC,906,A1,490,929,196,1125,8905,1736,10641,15954
20212022,015,BULLITT,071,Bullitt County,055,MT. Washington Elementary,071055,015071055,210075000151,OVEC,906,A1,566,740,178,918,9170,1378,10548,15638
20212022,015,BULLITT,071,Bullitt County,060,Crossroads Elementary,071060,015071060,210075002286,OVEC,906,A1,426,1441,343,1784,10236,1633,11869,17878
20212022,015,BULLITT,071,Bullitt County,065,Pleasant Grove Elementary School,071065,015071065,210075001305,OVEC,906,A1,608,751,178,928,9073,1386,10459,15557
20212022,015,BULLITT,071,Bullitt County,070,Nichols Elementary,071070,015071070,210075000153,OVEC,906,A1,111,923,344,1267,15955,1825,17780,23473
20212022,015,BULLITT,071,Bullitt County,075,North Bullitt High School,071075,015071075,210075000154,OVEC,906,A1,1111,762,201,963,9274,2153,11427,17069
20212022,015,BULLITT,071,Bullitt County,078,Old Mill Elementary School,071078,015071078,210075001578,OVEC,906,A1,489,857,178,1035,9595,1380,10974,16222
20212022,015,BULLITT,071,Bullitt County,080,Overdale Elementary School,071080,015071080,210075000155,OVEC,906,A1,320,1030,247,1278,10827,1705,12533,18063
20212022,015,BULLITT,071,Bullitt County,090,Roby Elementary School,071090,015071090,210075000156,OVEC,906,A1,388,1117,315,1432,10603,1668,12271,17912
20212022,015,BULLITT,071,Bullitt County,110,Riverview Opportunity Center,071110,015071110,210075000157,OVEC,906,A5,19,,,,,,,
20212022,015,BULLITT,071,Bullitt County,120,Bullitt Alternative Center,071120,015071120,210075000929,OVEC,906,A6,61,,,,,,,
20212022,084,MERCER,072,Burgin Independent,"",---District Total---,072,"","",CKEC,901,"",480,1466,441,1907,9658,2271,11928,15589
20212022,084,MERCER,072,Burgin Independent,030,Burgin Independent School,072030,084072030,210078002407,CKEC,901,A1,480,1466,441,1907,9658,2271,11928,15589
20212022,016,BUTLER,075,Butler County,"",---District Total---,075,"","",GRREC,902,"",2036,1168,890,2059,8712,2391,11103,14365
20212022,016,BUTLER,075,Butler County,030,Butler County High School,075030,016075030,210081000160,GRREC,902,A1,636,875,1025,1900,8140,2838,10979,13942
20212022,016,BUTLER,075,Butler County,031,North Butler Elementary,075031,016075031,210081001976,GRREC,902,A1,352,1474,803,2278,8553,2135,10688,14029
20212022,016,BUTLER,075,Butler County,032,Butler County Learning Center,075032,016075032,210081001977,GRREC,902,A5,3,,,,,,,
20212022,016,BUTLER,075,Butler County,035,Butler County Middle School,075035,016075035,210081001697,GRREC,902,A1,482,1474,723,1807,8046,1999,10046,12916
20212022,016,BUTLER,075,Butler County,110,Green River School,075110,016075110,210081000163,GRREC,902,A6,2,,,,,,,
20212022,016,BUTLER,075,Butler County,120,Morgantown Elementary School,075120,016075120,210081000164,GRREC,902,A1,561,1474,797,1900,7916,2004,9920,12884
20212022,017,CALDWELL,081,Caldwell County,"",---District Total---,081,"","",WKEC,908,"",1730,1613,507,2121,8533,2049,10582,14202
20212022,017,CALDWELL,081,Caldwell County,010,Caldwell County High School,081010,017081010,210084000166,WKEC,908,A1,515,1054,480,1534,9545,2601,12147,14354
20212022,017,CALDWELL,081,Caldwell County,020,Caldwell County Middle School,081020,017081020,210084000167,WKEC,908,A1,421,1320,545,1865,8173,1807,9980,12519
20212022,017,CALDWELL,081,Caldwell County,030,Caldwell County Primary School,081030,017081030,210084001660,WKEC,908,A1,399,1827,503,2330,9091,1765,10855,13960
20212022,017,CALDWELL,081,Caldwell County,070,Caldwell County Elementary School,081070,017081070,210084000170,WKEC,908,A1,395,2322,508,2830,7034,1875,8909,15406
20212022,018,CALLOWAY,085,Calloway County,"",---District Total---,085,"","",WKEC,908,"",2873,1396,802,2198,8611,2148,10759,17750
20212022,018,CALLOWAY,085,Calloway County,020,Calloway County High School,085020,018085020,210087000171,WKEC,908,A1,822,806,1056,1862,8687,2318,11005,17660
20212022,018,CALLOWAY,085,Calloway County,025,East Calloway Elementary School,085025,018085025,210087000172,WKEC,908,A1,300,2016,813,2829,9668,2255,11922,19720
20212022,018,CALLOWAY,085,Calloway County,035,North Calloway Elementary School,085035,018085035,210087000173,WKEC,908,A1,560,1331,467,1798,8112,1926,10036,16522
20212022,018,CALLOWAY,085,Calloway County,045,Southwest Calloway Elementary School,085045,018085045,210087000174,WKEC,908,A1,426,1315,495,1810,8665,1953,10618,17121
20212022,018,CALLOWAY,085,Calloway County,055,Calloway County Middle School,085055,018085055,210087001411,WKEC,908,A1,658,1122,977,2098,8069,2030,10099,16987
20212022,018,CALLOWAY,085,Calloway County,075,Calloway County Preschool Center,085075,018085075,210087000931,WKEC,908,A4,0,,,,,,,
20212022,018,CALLOWAY,085,Calloway County,095,Calloway County Day Treatment,085095,018085095,210087002366,WKEC,908,A6,14,,,,,,,
20212022,018,CALLOWAY,085,Calloway County,096,Calloway County Alternative Program,085096,018085096,210087002370,WKEC,908,A5,93,,,,,,,
20212022,019,CAMPBELL,091,Campbell County,"",---District Total---,091,"","",NKCES,905,"",4974,861,322,1183,10066,2534,12600,15254
20212022,019,CAMPBELL,091,Campbell County,011,Campbell County Middle School,091011,019091011,210090001306,NKCES,905,A1,1192,679,236,916,9488,2542,11972,13407
20212022,019,CAMPBELL,091,Campbell County,012,John W. Reiley Elementary School,091012,019091012,210090001320,NKCES,905,A1,473,946,345,1291,10452,2730,12926,14736
20212022,019,CAMPBELL,091,Campbell County,013,Donald E. Cline Elementary School,091013,019091013,210090001335,NKCES,905,A1,323,895,363,1258,11639,3053,14356,16133
20212022,019,CAMPBELL,091,Campbell County,016,Alexandria Educational Center,091016,019091016,210090001398,NKCES,905,A6,46,,,,,,,
20212022,019,CAMPBELL,091,Campbell County,019,Campbell Ridge Elementary,091019,019091019,210090001978,NKCES,905,A1,546,1030,330,1360,11557,2251,13449,15415
20212022,019,CAMPBELL,091,Campbell County,035,Crossroads Elementary School,091035,019091035,210090002198,NKCES,905,A1,584,1160,379,1540,10919,2146,12583,14710
20212022,019,CAMPBELL,091,Campbell County,050,Grant's Lick Elementary School,091050,019091050,210090000180,NKCES,905,A1,309,612,237,849,12282,2593,14821,16189
20212022,019,CAMPBELL,091,Campbell County,100,Campbell County High School,091100,019091100,210090000941,NKCES,905,A1,1501,652,269,921,9586,2936,12474,13956
20212022,109,TAYLOR,092,Campbellsville Independent,"",---District Total---,092,"","",GRREC,902,"",1167,1885,514,2400,10037,2533,12571,17566
20212022,109,TAYLOR,092,Campbellsville Independent,010,Campbellsville Elementary School,092010,109092010,210093000182,GRREC,902,A1,551,1631,521,2152,8559,2006,10625,9699
20212022,109,TAYLOR,092,Campbellsville Independent,011,Campbellsville Eagle Academy,092011,109092011,210093001653,GRREC,902,A5,11,,,,,,,
20212022,109,TAYLOR,092,Campbellsville Independent,020,Campbellsville High School,092020,109092020,210093000183,GRREC,902,A1,294,2226,442,2667,10404,3276,13162,12663
20212022,109,TAYLOR,092,Campbellsville Independent,025,Campbellsville Middle School,092025,109092025,210093000184,GRREC,902,A1,311,1732,472,2204,10491,2240,13224,12417
20212022,020,CARLISLE,095,Carlisle County,"",---District Total---,095,"","",WKEC,908,"",682,1444,787,2231,9510,2616,12125,16468
20212022,020,CARLISLE,095,Carlisle County,020,Carlisle County Middle School,095020,020095020,210096000185,WKEC,908,A1,160,1053,630,1683,9166,2608,11775,15457
20212022,020,CARLISLE,095,Carlisle County,040,Carlisle County High School,095040,020095040,210096000186,WKEC,908,A1,196,799,638,1437,9674,3336,13011,16448
20212022,020,CARLISLE,095,Carlisle County,060,Carlisle County Elementary School,095060,020095060,210096000187,WKEC,908,A1,326,2025,953,2978,9767,2231,11998,16977
20212022,021,CARROLL,101,Carroll County,"",---District Total---,101,"","",OVEC,906,"",1884,2213,1215,3428,10137,2982,13119,19014
20212022,021,CARROLL,101,Carroll County,005,Cartmell Elementary,101005,021101005,210099000188,OVEC,906,A1,415,1068,1064,2132,10611,1264,11875,14007
20212022,021,CARROLL,101,Carroll County,007,Carroll Co Childhood Development Center,101007,021101007,210099002293,OVEC,906,A4,0,,,,,,,
20212022,021,CARROLL,101,Carroll County,010,Kathryn Winn Primary,101010,021101010,210099000189,OVEC,906,A1,306,1196,995,2191,10766,1874,12640,14831
20212022,021,CARROLL,101,Carroll County,018,Carroll County High School,101018,021101018,210099000190,OVEC,906,A1,539,587,1974,2561,10006,1542,11548,14109
20212022,021,CARROLL,101,Carroll County,019,Carroll County Middle School,101019,021101019,210099000191,OVEC,906,A1,624,1384,1156,2540,9265,1010,10275,12815
20212022,022,CARTER,105,Carter County,"",---District Total---,105,"","",KEDC,903,"",3878,873,566,1438,9255,1823,11078,13545
20212022,022,CARTER,105,Carter County,040,Carter Virtual Academy,105040,022105040,210102002294,KEDC,903,A5,66,,,,,,,
20212022,022,CARTER,105,Carter County,052,Heritage Elementary School,105052,022105052,210102001884,KEDC,903,A1,289,835,530,1365,9223,1782,11005,13298
20212022,022,CARTER,105,Carter County,053,Tygart Creek Elementary School,105053,022105053,210102002340,KEDC,903,A1,302,984,411,1395,9441,1632,11073,13393
20212022,022,CARTER,105,Carter County,060,Carter City Elementary School,105060,022105060,210102002356,KEDC,903,A1,128,750,557,1307,9308,2251,11558,13759
20212022,022,CARTER,105,Carter County,120,East Carter County High School,105120,022105120,210102000194,KEDC,903,A1,673,723,641,1364,8810,1897,10707,12898
20212022,022,CARTER,105,Carter County,130,East Carter Middle School,105130,022105130,210102001698,KEDC,903,A1,516,730,460,1190,8017,1612,9629,12087
20212022,022,CARTER,105,Carter County,250,Olive Hill Elementary School,105250,022105250,210102000198,KEDC,903,A1,359,1140,587,1725,10022,1536,11558,14192
20212022,022,CARTER,105,Carter County,340,Prichard Elementary School,105340,022105340,210102000199,KEDC,903,A1,546,833,525,1358,8868,1371,10237,12519
20212022,022,CARTER,105,Carter County,450,Star Elementary School,105450,022105450,210102000200,KEDC,903,A1,108,657,475,1130,11090,2138,13227,15255
20212022,022,CARTER,105,Carter County,500,West Carter County High School,105500,022105500,210102000202,KEDC,903,A1,492,899,773,1672,9758,2316,12074,14630
20212022,022,CARTER,105,Carter County,505,West Carter Middle School,105505,022105505,210102001661,KEDC,903,A1,399,907,400,1307,8557,1806,10363,13118
20212022,022,CARTER,105,Carter County,905,Carter County Career and Technical Center,105905,022105905,210102001439,KEDC,903,A2,0,,,,,,,
20212022,023,CASEY,111,Casey County,"",---District Total---,111,"","",SESC,907,"",2096,1734,1106,2840,8996,2664,11660,15676
20212022,023,CASEY,111,Casey County,015,Walnut Hill Elementary School,111015,023111015,210105002211,SESC,907,A1,364,2222,1138,3361,9073,2489,11562,16250
20212022,023,CASEY,111,Casey County,026,Jones Park Elementary,111026,023111026,210105001981,SESC,907,A1,271,1792,1203,2995,10906,2712,13618,18185
20212022,023,CASEY,111,Casey County,045,Casey County High School,111045,023111045,210105000204,SESC,907,A1,589,1356,1091,2447,9669,2930,12600,16196
20212022,023,CASEY,111,Casey County,070,Casey County Middle School,111070,023111070,210105001579,SESC,907,A1,515,1679,1005,2684,7627,2491,10118,13775
20212022,023,CASEY,111,Casey County,190,Liberty Elementary School,111190,023111190,210105000208,SESC,907,A1,357,1896,1170,3066,8332,2613,10946,15070
20212022,005,BARREN,113,Caverna Independent,"",---District Total---,113,"","",GRREC,902,"",615,3078,1398,4476,11289,3338,14627,20989
20212022,005,BARREN,113,Caverna Independent,025,Caverna Elementary School,113025,005113025,210111000213,GRREC,902,A1,265,2332,1090,3421,9394,1941,11325,17351
20212022,005,BARREN,113,Caverna Independent,026,Caverna Middle School,113026,005113026,210111001914,GRREC,902,A1,168,3054,1100,4154,7987,1030,9017,13214
20212022,005,BARREN,113,Caverna Independent,030,Caverna High School,113030,005113030,210111000214,GRREC,902,A1,182,2577,1793,4370,11152,3299,14451,19100
20212022,024,CHRISTIAN,115,Christian County,"",---District Total---,115,"","",WKEC,908,"",7949,1748,598,2346,8137,1861,9998,14497
20212022,024,CHRISTIAN,115,Christian County,012,Christian County Public Schools VLA,115012,024115012,"",WKEC,908,A5,221,,,,,,,
20212022,024,CHRISTIAN,115,Christian County,017,Martin Luther King Jr. Elementary School,115017,024115017,210115002024,WKEC,908,A1,518,1906,754,2660,8341,2273,10614,13416
20212022,024,CHRISTIAN,115,Christian County,023,Cumberland Hall School,115023,024115023,210115001912,WKEC,908,A6,21,,,,,,,
20212022,024,CHRISTIAN,115,Christian County,026,Freedom Elementary School,115026,024115026,210115002415,WKEC,908,A1,523,1890,706,2596,7572,1686,9258,11994
20212022,024,CHRISTIAN,115,Christian County,030,Christian County High School,115030,024115030,210115000220,WKEC,908,A1,1160,1139,686,1825,7532,1836,9368,11193
20212022,024,CHRISTIAN,115,Christian County,035,Christian County Middle School,115035,024115035,210115000221,WKEC,908,A1,623,1337,438,1775,7800,1694,9494,11402
20212022,024,CHRISTIAN,115,Christian County,040,Crofton Elementary School,115040,024115040,210115000222,WKEC,908,A1,361,1555,638,2193,8340,1723,10063,12392
20212022,024,CHRISTIAN,115,Christian County,050,Hopkinsville High School,115050,024115050,210115000223,WKEC,908,A1,984,1468,572,2040,7569,1954,9523,11647
20212022,024,CHRISTIAN,115,Christian County,055,Indian Hills Elementary School,115055,024115055,210115000224,WKEC,908,A1,516,2021,512,2533,7073,1748,8821,11479
20212022,024,CHRISTIAN,115,Christian County,058,Hopkinsville Middle School,115058,024115058,210115000225,WKEC,908,A1,543,1579,424,2003,7456,1788,9244,11370
20212022,024,CHRISTIAN,115,Christian County,100,Bluegrass Learning Academy,115100,024115100,210115001402,WKEC,908,A5,134,,,,,,,
20212022,024,CHRISTIAN,115,Christian County,125,Millbrooke Elementary School,115125,024115125,210115000229,WKEC,908,A1,739,1780,477,2257,6870,1697,8568,10925
20212022,024,CHRISTIAN,115,Christian County,130,Pembroke Elementary School,115130,024115130,210115000231,WKEC,908,A1,638,1520,440,1959,7408,1804,9212,11287
20212022,024,CHRISTIAN,115,Christian County,150,Sinking Fork Elementary School,115150,024115150,210115000232,WKEC,908,A1,388,2034,538,2571,8208,1714,9922,12635
20212022,024,CHRISTIAN,115,Christian County,170,South Christian Elementary School,115170,024115170,210115000233,WKEC,908,A1,562,1524,559,2083,8173,1845,10018,12221
20212022,024,CHRISTIAN,115,Christian County,180,Christian County Day Treatment,115180,024115180,210115000234,WKEC,908,A6,18,,,,,,,
20212022,024,CHRISTIAN,115,Christian County,975,Gateway Academy to Innovation & Tech.,115975,024115975,210115001938,WKEC,908,A2,0,,,,,,,
20212022,025,CLARK,121,Clark County,"",---District Total---,121,"","",CKEC,901,"",4899,1877,453,2329,9810,2130,11941,18543
20212022,025,CLARK,121,Clark County,002,Willis H. Justice Elementary School,121002,025121002,210120002405,CKEC,901,A1,393,2201,403,2605,12638,2469,15108,19297
20212022,025,CLARK,121,Clark County,004,Strode Station Elementary School,121004,025121004,210120002395,CKEC,901,A1,472,1474,368,1843,12710,2405,15115,18460
20212022,025,CLARK,121,Clark County,006,Shearer Elementary School,121006,025121006,210120002397,CKEC,901,A1,372,2328,599,2927,12291,2421,14712,19240
20212022,025,CLARK,121,Clark County,008,William G. Conkwright Elementary,121008,025121008,210120002391,CKEC,901,A1,440,2250,471,2721,11657,2520,14176,18452
20212022,025,CLARK,121,Clark County,013,Phoenix Academy,121013,025121013,210120001624,CKEC,901,A6,111,,,,,,,
20212022,025,CLARK,121,Clark County,017,Clark County Preschool,121017,025121017,210120002120,CKEC,901,A4,0,,,,,,,
20212022,025,CLARK,121,Clark County,023,Robert D. Campbell Jr. High,121023,025121023,210120002402,CKEC,901,A1,824,1607,472,2077,10510,2610,13121,16675
20212022,025,CLARK,121,Clark County,026,Rev. Henry E. Baker Sr. Interm. School,121026,025121026,210120002389,CKEC,901,A1,738,1560,423,1983,10579,2202,12782,16230
20212022,025,CLARK,121,Clark County,030,George Rogers Clark High School,121030,025121030,210120000237,CKEC,901,A1,1549,1657,343,2003,9831,2737,12569,15993
20212022,026,CLAY,125,Clay County,"",---District Total---,125,"","",SESC,907,"",2736,2871,550,3422,9098,1810,10908,17487
20212022,026,CLAY,125,Clay County,040,Big Creek Elementary,125040,026125040,210123000247,SESC,907,A1,131,3787,478,4265,12620,2276,14896,20364
20212022,026,CLAY,125,Clay County,041,Horse Creek Learning Center,125041,026125041,210123001846,SESC,907,A5,97,,,,,,,
20212022,026,CLAY,125,Clay County,070,Burning Springs Elementary,125070,026125070,210123000248,SESC,907,A1,263,2609,551,3159,8902,1866,10768,14975
20212022,026,CLAY,125,Clay County,095,Clay County Middle School,125095,026125095,210123001699,SESC,907,A1,408,2956,579,3535,9446,1750,11196,15784
20212022,026,CLAY,125,Clay County,100,Clay County High School,125100,026125100,210123000249,SESC,907,A1,691,2617,617,3234,9096,1893,10990,18372
20212022,026,CLAY,125,Clay County,200,Goose Rock Elementary,125200,026125200,210123000251,SESC,907,A1,187,3323,517,3840,11046,1855,12902,17801
20212022,026,CLAY,125,Clay County,220,Hacker Elementary School,125220,026125220,210123000252,SESC,907,A1,243,2976,542,3518,8844,1658,10503,14892
20212022,026,CLAY,125,Clay County,500,Manchester Elementary School,125500,026125500,210123000255,SESC,907,A1,344,2987,465,3451,8809,1809,10618,25705
20212022,026,CLAY,125,Clay County,570,Oneida Elementary School,125570,026125570,210123000256,SESC,907,A1,88,4840,488,5328,10163,2135,12298,18498
20212022,026,CLAY,125,Clay County,580,Paces Creek Elementary,125580,026125580,210123001413,SESC,907,A1,284,2715,565,3279,7593,1815,9408,13868
20212022,027,CLINTON,131,Clinton County,"",---District Total---,131,"","",GRREC,902,"",1440,2455,770,3225,9604,2832,12435,16955
20212022,027,CLINTON,131,Clinton County,015,Albany Elementary School,131015,027131015,210126000257,GRREC,902,A1,438,2230,718,2948,9224,2297,11521,15673
20212022,027,CLINTON,131,Clinton County,016,Foothills Academy,131016,027131016,210126002162,GRREC,902,A6,20,,,,,,,
20212022,027,CLINTON,131,Clinton County,020,Clinton County Early Childhood Center,131020,027131020,210126002228,GRREC,902,A1,137,4868,1002,5870,10984,3509,14493,22009
20212022,027,CLINTON,131,Clinton County,045,Clinton County Middle School,131045,027131045,210126000444,GRREC,902,A1,450,1815,779,2594,8268,2440,10708,14648
20212022,027,CLINTON,131,Clinton County,050,Clinton County High School,131050,027131050,210126000259,GRREC,902,A1,395,2333,725,3058,9704,3643,13347,17631
20212022,014,BRECKINRIDGE,132,Cloverport Independent,"",---District Total---,132,"","",GRREC,902,"",279,2067,506,2574,10145,3418,13564,18314
20212022,014,BRECKINRIDGE,132,Cloverport Independent,030,Cloverport Independent School,132030,014132030,210129002502,GRREC,902,A1,279,2067,506,2574,10145,3418,13564,16137
20212022,118,WHITLEY,133,Corbin Independent,"",---District Total---,133,"","",SESC,907,"",2760,1130,793,1924,8601,1808,10408,15829
20212022,118,WHITLEY,133,Corbin Independent,012,Corbin Educational Center,133012,118133012,210132001622,SESC,907,A6,37,,,,,,,
20212022,118,WHITLEY,133,Corbin Independent,016,Corbin Preschool,133016,118133016,210132001982,SESC,907,A4,0,,,,,,,
20212022,118,WHITLEY,133,Corbin Independent,019,CORBIN ELEMENTARY SCHOOL,133019,118133019,210132002489,SESC,907,A1,379,1622,918,2540,8603,1356,9959,15838
20212022,118,WHITLEY,133,Corbin Independent,040,Corbin High School,133040,118133040,210132000266,SESC,907,A1,826,633,772,1405,9296,2655,11951,16887
20212022,118,WHITLEY,133,Corbin Independent,050,Corbin Middle School,133050,118133050,210132001414,SESC,907,A1,620,932,508,1440,8311,1628,9939,14773
20212022,118,WHITLEY,133,Corbin Independent,070,Corbin Primary,133070,118133070,210132002218,SESC,907,A1,684,1509,942,2451,8610,1395,10005,15683
20212022,118,WHITLEY,133,Corbin Independent,100,Corbin School of Innovation,133100,118133100,210132002367,SESC,907,A5,214,,,,,,,
20212022,059,KENTON,134,Covington Independent,"",---District Total---,134,"","",NKCES,905,"",3449,1866,1312,3178,12444,2494,14939,19321
20212022,059,KENTON,134,Covington Independent,010,Biggs Early Childhood Education Ctr,134010,059134010,210135001664,NKCES,905,A4,0,,,,,,,
20212022,059,KENTON,134,Covington Independent,011,Covington Adult High School,134011,059134011,210135001495,NKCES,905,A5,25,,,,,,,
20212022,059,KENTON,134,Covington Independent,013,Transformational Learning Center,134013,059134013,210135001783,NKCES,905,A5,81,,,,,,,
20212022,059,KENTON,134,Covington Independent,017,Holmes Middle School,134017,059134017,210135001944,NKCES,905,A1,691,1844,965,2809,11220,1393,12613,16246
20212022,059,KENTON,134,Covington Independent,019,Holmes High School,134019,059134019,210135002049,NKCES,905,A1,868,1696,1054,2750,11479,3352,14831,18270
20212022,059,KENTON,134,Covington Independent,110,John G Carlisle Elementary,134110,059134110,210135000270,NKCES,905,A1,336,1612,1238,2850,12069,1915,13984,17995
20212022,059,KENTON,134,Covington Independent,115,Latonia Elementary School,134115,059134115,210135000271,NKCES,905,A1,307,2178,869,3047,11959,2253,14212,18519
20212022,059,KENTON,134,Covington Independent,150,Ninth District Elementary,134150,059134150,210135000274,NKCES,905,A1,354,1627,1671,3298,11699,2102,13801,18124
20212022,059,KENTON,134,Covington Independent,160,Glenn O Swing Elementary,134160,059134160,210135000275,NKCES,905,A1,402,2030,1234,3264,11173,2092,13265,17400
20212022,059,KENTON,134,Covington Independent,170,Sixth District Elementary School,134170,059134170,210135000276,NKCES,905,A1,385,1917,1201,3118,12482,2246,14728,18853
20212022,059,KENTON,134,Covington Independent,906,Chapman Vocational Education Center,134906,059134906,210135002338,NKCES,905,A2,0,,,,,,,
20212022,028,CRITTENDEN,135,Crittenden County,"",---District Total---,135,"","",WKEC,908,"",1321,1446,489,1935,8731,2086,10818,14461
20212022,028,CRITTENDEN,135,Crittenden County,020,Crittenden County High School,135020,028135020,210138000279,WKEC,908,A1,413,982,474,1457,982,2677,3659,17426
20212022,028,CRITTENDEN,135,Crittenden County,022,Pathway Academy High School,135022,028135022,210138002225,WKEC,908,A5,1,,,,,,,
20212022,028,CRITTENDEN,135,Crittenden County,025,Crittenden County Middle School,135025,028135025,210138000280,WKEC,908,A1,317,1293,450,1743,1294,1782,3077,13500
20212022,028,CRITTENDEN,135,Crittenden County,100,Crittenden County Elementary School,135100,028135100,210138001441,WKEC,908,A1,590,1890,520,2410,1890,1964,3854,14900
20212022,029,CUMBERLAND,141,Cumberland County,"",---District Total---,141,"","",GRREC,902,"",929,2634,1826,4460,8476,3254,11729,17659
20212022,029,CUMBERLAND,141,Cumberland County,070,Cumberland County Elementary School,141070,029141070,210141000286,GRREC,902,A1,441,3650,2852,6502,19124,7691,11288,26815
20212022,029,CUMBERLAND,141,Cumberland County,075,Cumberland County Middle School,141075,029141075,210141001561,GRREC,902,A1,199,5446,2592,8038,21174,8199,13067,29373
20212022,029,CUMBERLAND,141,Cumberland County,080,Cumberland County High School,141080,029141080,210141000287,GRREC,902,A1,289,3920,2513,6433,19323,8848,11840,28172
20212022,011,BOYLE,143,Danville Independent,"",---District Total---,143,"","",CKEC,901,"",1728,2113,628,2742,10975,2141,13116,17272
20212022,011,BOYLE,143,Danville Independent,003,Mary G. Hogsett Primary School,143003,011143003,210144002477,CKEC,901,A1,273,2174,594,2768,9636,1678,11315,15414
20212022,011,BOYLE,143,Danville Independent,005,John W. Bate Middle School,143005,011143005,210144000290,CKEC,901,A1,380,2032,571,2603,9984,2052,12036,15953
20212022,011,BOYLE,143,Danville Independent,010,Edna L. Toliver Intermediate School,143010,011143010,210144002476,CKEC,901,A1,517,2424,579,3003,10324,1869,12194,16528
20212022,011,BOYLE,143,Danville Independent,015,Anchor Academy,143015,011143015,210144002500,CKEC,901,A5,94,,,,,,,
20212022,011,BOYLE,143,Danville Independent,030,Danville High School,143030,011143030,210144000291,CKEC,901,A1,439,1684,695,2379,11992,2715,14707,18417
20212022,011,BOYLE,143,Danville Independent,350,Sunrise Academy,143350,011143350,210144000646,CKEC,901,A6,25,,,,,,,
20212022,030,DAVIESS,145,Daviess County,"",---District Total---,145,"","",GRREC,902,"",10840,992,657,1648,9854,1775,11629,17285
20212022,030,DAVIESS,145,Daviess County,005,Apollo High School,145005,030145005,210147000295,GRREC,902,A1,1410,763,512,1275,9291,2263,11554,24364
20212022,030,DAVIESS,145,Daviess County,006,Meadow Lands Elementary School,145006,030145006,210147001949,GRREC,902,A1,417,1277,1163,2440,10201,1660,11861,15466
20212022,030,DAVIESS,145,Daviess County,007,East View Elementary School,145007,030145007,210147001625,GRREC,902,A1,466,1321,685,2006,9957,1514,11471,14692
20212022,030,DAVIESS,145,Daviess County,008,F T Burns Middle School,145008,030145008,210147000296,GRREC,902,A1,738,771,513,1284,10778,1733,12511,15312
20212022,030,DAVIESS,145,Daviess County,010,Daviess County High School,145010,030145010,210147000297,GRREC,902,A1,1704,759,521,1280,8730,2318,11048,13397
20212022,030,DAVIESS,145,Daviess County,011,Southern Oaks Elementary School,145011,030145011,210147002230,GRREC,902,A1,435,1163,522,1685,9871,1549,11420,14266
20212022,030,DAVIESS,145,Daviess County,015,The Center for Academic Improvement,145015,030145015,210147002470,GRREC,902,A5,35,,,,,,,
20212022,030,DAVIESS,145,Daviess County,020,Daviess County Middle School,145020,030145020,210147000298,GRREC,902,A1,808,851,502,1353,10087,1521,11608,33749
20212022,030,DAVIESS,145,Daviess County,025,Highland Elementary School,145025,030145025,210147000299,GRREC,902,A1,423,1178,663,1841,10651,1724,12375,15450
20212022,030,DAVIESS,145,Daviess County,040,Deer Park Elementary School,145040,030145040,210147000301,GRREC,902,A1,472,1209,1216,2425,10093,1520,11613,15191
20212022,030,DAVIESS,145,Daviess County,070,Sorgho Elementary School,145070,030145070,210147000303,GRREC,902,A1,355,1068,678,1746,11420,1646,13066,16078
20212022,030,DAVIESS,145,Daviess County,085,Audubon Elementary School,145085,030145085,210147000054,GRREC,902,A1,383,1527,753,2280,10602,1645,12247,15709
20212022,030,DAVIESS,145,Daviess County,095,Tamarack Elementary School,145095,030145095,210147000306,GRREC,902,A1,483,1310,685,1995,9803,1499,11303,14517
20212022,030,DAVIESS,145,Daviess County,130,West Louisville Elementary School,145130,030145130,210147000309,GRREC,902,A1,301,1147,1244,2391,12170,1496,13666,17133
20212022,030,DAVIESS,145,Daviess County,140,Whitesville Elementary School,145140,030145140,210147000310,GRREC,902,A1,311,937,742,1679,10725,1754,12478,15191
20212022,030,DAVIESS,145,Daviess County,145,F T Burns Elementary School,145145,030145145,210147000311,GRREC,902,A1,427,1552,991,2543,9811,1649,11460,15037
20212022,030,DAVIESS,145,Daviess County,150,Country Heights Elementary School,145150,030145150,210147001581,GRREC,902,A1,443,971,601,1572,9981,1566,11548,14153
20212022,030,DAVIESS,145,Daviess County,155,College View Middle School,145155,030145155,210147000961,GRREC,902,A1,873,758,480,1238,9310,1536,10846,13592
20212022,030,DAVIESS,145,Daviess County,160,Owensboro Day Treatment,145160,030145160,210147000312,GRREC,902,A6,22,,,,,,,
20212022,030,DAVIESS,145,Daviess County,170,Valley High School,145170,030145170,210147001700,GRREC,902,A6,10,,,,,,,
20212022,030,DAVIESS,145,Daviess County,175,Valley Elementary School,145175,030145175,210147000964,GRREC,902,A6,23,,,,,,,
20212022,030,DAVIESS,145,Daviess County,180,Heritage Park High School,145180,030145180,210147000969,GRREC,902,A5,301,,,,,,,
20212022,054,HOPKINS,146,Dawson Springs Independent,"",---District Total---,146,"","",WKEC,908,"",492,967,335,1303,10591,2493,13084,15966
20212022,054,HOPKINS,146,Dawson Springs Independent,017,Dawson Springs Elementary,146017,054146017,210150002200,WKEC,908,A1,260,1059,302,1361,8993,1963,10957,13768
20212022,054,HOPKINS,146,Dawson Springs Independent,018,Dawson Springs Jr/Sr High School,146018,054146018,210150002203,WKEC,908,A1,230,660,316,976,10690,2721,13411,15837
20212022,054,HOPKINS,146,Dawson Springs Independent,035,DSISD Virtual Academy,146035,054146035,"",WKEC,908,A5,2,,,,,,,
20212022,019,CAMPBELL,147,Dayton Independent,"",---District Total---,147,"","",NKCES,905,"",816,2134,1427,3561,11358,2443,13801,18885
20212022,019,CAMPBELL,147,Dayton Independent,010,Dayton High School,147010,019147010,210153000316,NKCES,905,A1,363,2184,1211,3394,12007,2739,14747,19600
20212022,019,CAMPBELL,147,Dayton Independent,030,Lincoln Elementary School,147030,019147030,210153000317,NKCES,905,A1,412,1980,1471,3451,10098,2084,12183,17104
20212022,019,CAMPBELL,147,Dayton Independent,120,Regional School Programs,147120,019147120,210153002413,NKCES,905,A5,41,,,,,,,
20212022,063,LAUREL,149,East Bernstadt Independent,"",---District Total---,149,"","",SESC,907,"",440,896,811,1707,9410,2325,11736,17110
20212022,063,LAUREL,149,East Bernstadt Independent,010,East Bernstadt Elementary School,149010,063149010,210159000318,SESC,907,A1,440,896,811,1707,9410,2325,11736,17110
20212022,031,EDMONSON,151,Edmonson County,"",---District Total---,151,"","",GRREC,902,"",1793,789,201,990,9241,2021,11262,15316
20212022,031,EDMONSON,151,Edmonson County,020,South Edmonson Elementary School,151020,031151020,210162000319,GRREC,902,A1,393,936.00,175.00,1111.00,10174.00,1894.00,12068.00,15646.00
20212022,031,EDMONSON,151,Edmonson County,022,Edmonson County 5/6 Center,151022,031151022,210162001985,GRREC,902,A1,248,694.00,149.00,843.00,9884.00,2172.00,12057.00,15462.00
20212022,031,EDMONSON,151,Edmonson County,050,Edmonson County Middle School,151050,031151050,210162000321,GRREC,902,A1,290,656.00,120.00,776.00,8792.00,1902.00,10694.00,13860.00
20212022,031,EDMONSON,151,Edmonson County,060,Edmonson County High School,151060,031151060,210162001442,GRREC,902,A1,602,289.00,179.00,468.00,9312.00,2287.00,11599.00,14457.00
20212022,031,EDMONSON,151,Edmonson County,080,Kyrock Elementary School,151080,031151080,210162000322,GRREC,902,A1,260,1624.00,275.00,1899.00,11668.00,2128.00,13796.00,18290.00
20212022,047,HARDIN,152,Elizabethtown Independent,"",---District Total---,152,"","",GRREC,902,"",2410,747,607,1354,8968,1744,10711,13171
20212022,047,HARDIN,152,Elizabethtown Independent,010,Elizabethtown High School,152010,047152010,210165000323,GRREC,902,A1,780,466,644,1110,8727,1922,10649,12572
20212022,047,HARDIN,152,Elizabethtown Independent,015,Helmwood Heights Elementary School,152015,047152015,210165000324,GRREC,902,A1,386,976,586,1562,9183,1570,10754,12316
20212022,047,HARDIN,152,Elizabethtown Independent,020,Morningside Elementary School,152020,047152020,210165000325,GRREC,902,A1,461,1024,560,1584,8819,1909,10728,12312
20212022,047,HARDIN,152,Elizabethtown Independent,025,Panther Academy,152025,047152025,210165002319,GRREC,902,A1,181,784,601,1385,9055,1992,11047,12432
20212022,047,HARDIN,152,Elizabethtown Independent,035,Talton K Stone Middle School,152035,047152035,210165000326,GRREC,902,A1,548,634,586,1219,8129,1197,9327,10546
20212022,047,HARDIN,152,Elizabethtown Independent,041,Valley View Education Center,152041,047152041,210165002355,GRREC,902,A5,54,,,,,,,
20212022,032,ELLIOTT,155,Elliott County,"",---District Total---,155,"","",KEDC,903,"",891,1245,1432,2678,10265,2429,12695,17577
20212022,032,ELLIOTT,155,Elliott County,100,Elliott County Primary School,155100,032155100,210168002505,KEDC,903,A1,186,2427,1617,12909,4142,4044,17052,19181
20212022,032,ELLIOTT,155,Elliott County,270,Elliott County Intermediate School,155270,032155270,210168000330,KEDC,903,A1,197,2180,1670,12766,4632,3851,17399,19528
20212022,032,ELLIOTT,155,Elliott County,275,Elliott County Middle School,155275,032155275,210168002504,KEDC,903,A1,238,397,1245,8100,3090,1486,11187,13319
20212022,032,ELLIOTT,155,Elliott County,280,Elliott County High School,155280,032155280,210168000331,KEDC,903,A1,270,590,1297,12636,3703,1887,16339,18717
20212022,052,HENRY,156,Eminence Independent,"",---District Total---,156,"","",OVEC,906,"",924,602,852,1454,8791,1941,10733,14623
20212022,052,HENRY,156,Eminence Independent,010,Eminence High School,156010,052156010,210171000332,OVEC,906,A1,470,515,864,1379,10259,2875,12873,16071
20212022,052,HENRY,156,Eminence Independent,020,Eminence Elementary School,156020,052156020,210171000333,OVEC,906,A1,392,768,886,1654,9693,2259,11435,14911
20212022,052,HENRY,156,Eminence Independent,025,Bluegrass Challenge Academy,156025,052156025,210171002455,OVEC,906,A5,62,,,,,,,
20212022,059,KENTON,157,Erlanger-Elsmere Independent,"",---District Total---,157,"","",NKCES,905,"",2304,1231,1090,2321,10059,1485,11544,15733
20212022,059,KENTON,157,Erlanger-Elsmere Independent,003,Lindeman Elementary School,157003,059157003,210174000334,NKCES,905,A1,319,1165.00,974.00,2138.00,9932.00,1435.00,11367.00,15468.00
20212022,059,KENTON,157,Erlanger-Elsmere Independent,005,Arnett Elementary School,157005,059157005,210174000335,NKCES,905,A1,203,2181.00,964.00,3145.00,11417.00,1436,12852.00,17525.00
20212022,059,KENTON,157,Erlanger-Elsmere Independent,010,Howell Elementary School,157010,059157010,210174000336,NKCES,905,A1,288,1533.00,951.00,2484.00,9518.00,1485.00,11003.00,15014.00
20212022,059,KENTON,157,Erlanger-Elsmere Independent,015,Early Learning Center,157015,059157015,210174002498,NKCES,905,A4,0,,,,,,,
20212022,059,KENTON,157,Erlanger-Elsmere Independent,030,Lloyd High School,157030,059157030,210174000337,NKCES,905,A1,649,836.00,907.00,1743.00,9564.00,1737.00,11302.00,14999.00
20212022,059,KENTON,157,Erlanger-Elsmere Independent,050,Miles Elementary School,157050,059157050,210174000338,NKCES,905,A1,232,2004.00,1141.00,3145.00,9994.00,1561.00,11555.00,17204.00
20212022,059,KENTON,157,Erlanger-Elsmere Independent,060,Tichenor Middle School,157060,059157060,210174000339,NKCES,905,A1,537,571.00,951.00,1522.00,9518.00,1508.00,11026.00,14132.00
20212022,059,KENTON,157,Erlanger-Elsmere Independent,061,Bartlett Educational Center,157061,059157061,210174002313,NKCES,905,A5,76,,,,,,,
20212022,033,ESTILL,161,Estill County,"",---District Total---,161,"","",SESC,907,"",1988,1646,592,2238,9693,2337,12031,21292
20212022,033,ESTILL,161,Estill County,011,Estill Springs Elementary,161011,033161011,210176001746,SESC,907,A1,480,1587,470,2325,8400,3277,12980,11917
20212022,033,ESTILL,161,Estill County,014,Estill County Success Academy,161014,033161014,210176002406,SESC,907,A5,20,,,,,,,
20212022,033,ESTILL,161,Estill County,085,Estill County Middle School,161085,033161085,210176000341,SESC,907,A1,469,953,641,3406,11390,9186,13114,22300
20212022,033,ESTILL,161,Estill County,090,Estill County High School,161090,033161090,210176000342,SESC,907,A1,616,1705,500,2472,8192,2936,10285,12870
20212022,033,ESTILL,161,Estill County,220,South Irvine Early Learning Center,161220,033161220,210176000345,SESC,907,A4,0,,,,,,,
20212022,033,ESTILL,161,Estill County,280,West Irvine Intermediate,161280,033161280,210176000346,SESC,907,A1,403,1375,731,2386,9459,2665,13595,12533
20212022,010,BOYD,162,Fairview Independent,"",---District Total---,162,"","",KEDC,903,"",583,2414,1777,4191,9187,1867,11055,18916
20212022,010,BOYD,162,Fairview Independent,011,Fairview Elementary School,162011,010162011,210180001889,KEDC,903,A1,223,4621,2826,7447,15175,3912,18038,29156
20212022,010,BOYD,162,Fairview Independent,020,Fairview High School,162020,010162020,210180000348,KEDC,903,A1,360,4283,3264,7552,15694,4790,18994,30217
20212022,034,FAYETTE,165,Fayette County,"",---District Total---,165,"","",CKEC,901,"",40726,1274,466,1740,12324,2254,14578,18360
20212022,034,FAYETTE,165,Fayette County,005,Arlington Elementary School,165005,034165005,210186000350,CKEC,901,A1,275,2179,583,2761,16500,2298,18799,23608
20212022,034,FAYETTE,165,Fayette County,007,Ashland Elementary School,165007,034165007,210186000351,CKEC,901,A1,245,1671,502,2225,16453,2328,18730,23143
20212022,034,FAYETTE,165,Fayette County,009,UK Early Childhood Lab,165009,034165009,210186002385,CKEC,901,A4,0,,,,,,,
20212022,034,FAYETTE,165,Fayette County,012,Veterans Park Elementary School,165012,034165012,210186001421,CKEC,901,A1,719,1907,374,2281,12232,2151,14382,18635
20212022,034,FAYETTE,165,Fayette County,015,Beaumont Middle School,165015,034165015,210186000353,CKEC,901,A1,835,768,426,1249,12668,2167,14780,18039
20212022,034,FAYETTE,165,Fayette County,018,Scapa At Bluegrass,165018,034165018,210186000354,CKEC,901,A1,276,816,373,1189,16842,2399,19241,22314
20212022,034,FAYETTE,165,Fayette County,021,Martin L King Acad for Excellence Alt,165021,034165021,210186001848,CKEC,901,A5,209,,,,,,,
20212022,034,FAYETTE,165,Fayette County,025,Crawford Middle School,165025,034165025,210186000357,CKEC,901,A1,773,1397,489,1886,12573,2249,14821,18701
20212022,034,FAYETTE,165,Fayette County,030,Bryan Station Middle School,165030,034165030,210186000358,CKEC,901,A1,793,1139,426,1622,12200,2248,14391,18031
20212022,034,FAYETTE,165,Fayette County,032,Cassidy Elementary School,165032,034165032,210186000359,CKEC,901,A1,656,1410,373,1783,12014,2175,14189,17856
20212022,034,FAYETTE,165,Fayette County,034,Edythe Jones Hayes Middle School,165034,034165034,210186001957,CKEC,901,A1,1086,912,453,1365,12070,2258,14327,17645
20212022,034,FAYETTE,165,Fayette County,035,Deep Springs Elementary School,165035,034165035,210186000360,CKEC,901,A1,490,1644,558,2201,12638,2255,14893,19117
20212022,034,FAYETTE,165,Fayette County,036,Dixie Elementary Magnet School,165036,034165036,210186000361,CKEC,901,A1,509,1732,394,2125,13094,2277,15371,19502
20212022,034,FAYETTE,165,Fayette County,037,Garden Springs Elementary School,165037,034165037,210186000362,CKEC,901,A1,417,1580,428,2008,14888,2209,17096,21085
20212022,034,FAYETTE,165,Fayette County,038,Harrison Elementary School,165038,034165038,210186000363,CKEC,901,A1,190,2049,881,2930,22946,2591,25537,30699
20212022,034,FAYETTE,165,Fayette County,039,Henry Clay High School,165039,034165039,210186000364,CKEC,901,A1,2075,828,376,1224,11183,2086,13250,16419
20212022,034,FAYETTE,165,Fayette County,045,Athens-Chilesburg Elementary,165045,034165045,210186001987,CKEC,901,A1,551,1241,419,12660,12901,2238,15139,18781
20212022,034,FAYETTE,165,Fayette County,052,Rosa Parks Elementary School,165052,034165052,210186001422,CKEC,901,A1,685,1878,496,2374,11887,2107,13994,18251
20212022,034,FAYETTE,165,Fayette County,054,The Stables,165054,034165054,210186002320,CKEC,901,A5,39,,,,,,,
20212022,034,FAYETTE,165,Fayette County,055,Booker T Washington Elementary School,165055,034165055,210186002426,CKEC,901,A1,274,1853,472,2325,14169,2225,16394,20833
20212022,034,FAYETTE,165,Fayette County,056,William Wells Brown Elementary,165056,034165056,210186002199,CKEC,901,A1,260,2326,1340,3665,19889,2569,22459,28327
20212022,034,FAYETTE,165,Fayette County,057,Liberty Elementary,165057,034165057,210186002207,CKEC,901,A1,741,1294,425,1724,12272,2141,14409,18134
20212022,034,FAYETTE,165,Fayette County,058,Sandersville Elementary,165058,034165058,210186002189,CKEC,901,A1,679,1019,446,1464,12322,2169,14491,17962
20212022,034,FAYETTE,165,Fayette County,059,Wellington Elementary,165059,034165059,210186002247,CKEC,901,A1,604,1794,429,2226,11699,2173,13868,18071
20212022,034,FAYETTE,165,Fayette County,060,Lafayette High School,165060,034165060,210186000367,CKEC,901,A1,2450,831,384,1216,10051,2247,12299,15435
20212022,034,FAYETTE,165,Fayette County,062,Lansdowne Elementary School,165062,034165062,210186000368,CKEC,901,A1,534,1782,443,2226,13018,2326,15345,19550
20212022,034,FAYETTE,165,Fayette County,065,Leestown Middle School,165065,034165065,210186000369,CKEC,901,A1,1004,1228,659,1933,11738,2286,13977,17908
20212022,034,FAYETTE,165,Fayette County,066,Family Care Center,165066,034165066,210186002325,CKEC,901,A5,33,,,,,,,
20212022,034,FAYETTE,165,Fayette County,067,Lexington Trad Magnet School,165067,034165067,210186000370,CKEC,901,A1,308,2690,603,3294,17347,2364,19711,25103
20212022,034,FAYETTE,165,Fayette County,068,Locust Trace AgriScience Center,165068,034165068,210186002362,CKEC,901,A2,0,,,,,,,
20212022,034,FAYETTE,165,Fayette County,072,Madeline M Breckinridge Elem School,165072,034165072,210186000372,CKEC,901,A1,478,1821,700,2521,12898,2336,15234,19797
20212022,034,FAYETTE,165,Fayette County,074,Maxwell Spanish Immersion Elem School,165074,034165074,210186000373,CKEC,901,A1,558,1009,396,1405,12002,2162,14164,17453
20212022,034,FAYETTE,165,Fayette County,076,Morton Middle School,165076,034165076,210186000374,CKEC,901,A1,726,1177,375,1561,12578,2221,14810,18363
20212022,034,FAYETTE,165,Fayette County,077,Northern Elementary School,165077,034165077,210186000375,CKEC,901,A1,434,1968,579,2556,13982,2296,16269,20886
20212022,034,FAYETTE,165,Fayette County,079,Fayette County Preschool Center,165079,034165079,210186002337,CKEC,901,A4,0,,,,,,,
20212022,034,FAYETTE,165,Fayette County,080,Picadome Elementary School,165080,034165080,210186000376,CKEC,901,A1,390,1864,550,2424,13629,2365,15984,20542
20212022,034,FAYETTE,165,Fayette County,081,Southern Elementary School,165081,034165081,210186000377,CKEC,901,A1,462,1762,382,2144,13940,2215,16155,20339
20212022,034,FAYETTE,165,Fayette County,082,Squires Elementary School,165082,034165082,210186001584,CKEC,901,A1,404,1793,422,2215,14287,2245,16532,20795
20212022,034,FAYETTE,165,Fayette County,085,Stonewall Elementary School,165085,034165085,210186000378,CKEC,901,A1,651,1011,373,1384,12238,2126,14364,17632
20212022,034,FAYETTE,165,Fayette County,090,Russell Cave Elementary School,165090,034165090,210186000380,CKEC,901,A1,234,1746,617,2363,16250,2499,18749,23217
20212022,034,FAYETTE,165,Fayette County,095,Tates Creek Elementary School,165095,034165095,210186000381,CKEC,901,A1,613,1968,483,2452,12730,2310,15039,19515
20212022,034,FAYETTE,165,Fayette County,098,Coventry Oak Elementary,165098,034165098,210186002433,CKEC,901,A1,586,1584,536,2126,12241,2220,14455,18588
20212022,034,FAYETTE,165,Fayette County,099,Garrett Morgan Elementary,165099,034165099,210186002435,CKEC,901,A1,733,811,373,1184,11556,2115,13671,16738
20212022,034,FAYETTE,165,Fayette County,100,Tates Creek Middle School,165100,034165100,210186000382,CKEC,901,A1,734,1482,499,1981,12588,2253,14842,18794
20212022,034,FAYETTE,165,Fayette County,105,Tates Creek High School,165105,034165105,210186000383,CKEC,901,A1,1738,876,422,1297,11045,2130,13173,16391
20212022,034,FAYETTE,165,Fayette County,106,Rise STEM Academy for Girls,165106,034165106,210186002513,CKEC,901,A5,184,,,,,,,
20212022,034,FAYETTE,165,Fayette County,120,Clays Mill Elementary School,165120,034165120,210186000384,CKEC,901,A1,492,1664,402,2065,13603,2163,15765,19829
20212022,034,FAYETTE,165,Fayette County,125,Frederick Douglass High School,165125,034165125,210186002459,CKEC,901,A1,1662,792,389,1182,10837,2245,13082,16202
20212022,034,FAYETTE,165,Fayette County,130,STEAM Academy,165130,034165130,210186002341,CKEC,901,A5,288,,,,,,,
20212022,034,FAYETTE,165,Fayette County,133,Success Academy,165133,034165133,210186002463,CKEC,901,A5,90,,,,,,,
20212022,034,FAYETTE,165,Fayette County,140,Yates Elementary School,165140,034165140,210186000385,CKEC,901,A1,316,1512,581,2093,14664,2297,16961,21150
20212022,034,FAYETTE,165,Fayette County,150,Glendover Elementary School,165150,034165150,210186000386,CKEC,901,A1,481,1313,437,1750,14410,2188,16598,20396
20212022,034,FAYETTE,165,Fayette County,160,Meadowthorpe Elementary School,165160,034165160,210186000387,CKEC,901,A1,441,1424,531,1956,13364,2212,15576,19415
20212022,034,FAYETTE,165,Fayette County,170,Bryan Station High School,165170,034165170,210186000388,CKEC,901,A1,1861,1157,448,1605,10964,2125,13087,16622
20212022,034,FAYETTE,165,Fayette County,180,Mary Todd Elementary School,165180,034165180,210186000389,CKEC,901,A1,382,1927,824,2826,16089,2348,18782,23754
20212022,034,FAYETTE,165,Fayette County,190,James Lane Allen Elementary School,165190,034165190,210186000390,CKEC,901,A1,405,2106,377,2490,14888,2291,17172,21814
20212022,034,FAYETTE,165,Fayette County,200,Paul Laurence Dunbar High School,165200,034165200,210186001669,CKEC,901,A1,2043,827,381,1208,10592,2199,12791,15915
20212022,034,FAYETTE,165,Fayette County,225,Jessie M Clark Middle School,165225,034165225,210186000391,CKEC,901,A1,1078,745,384,1133,11671,2148,13816,16945
20212022,034,FAYETTE,165,Fayette County,240,Cardinal Valley Elementary School,165240,034165240,210186000392,CKEC,901,A1,554,1839,499,2338,13117,2293,15140,19772
20212022,034,FAYETTE,165,Fayette County,245,Winburn Middle School,165245,034165245,210186000393,CKEC,901,A1,807,1502,584,2086,12743,2182,14925,18991
20212022,034,FAYETTE,165,Fayette County,255,Millcreek Elementary School,165255,034165255,210186001419,CKEC,901,A1,457,1610,659,2269,12958,2267,15225,19582
20212022,034,FAYETTE,165,Fayette County,270,Carter G. Woodson Preparatory Academy,165270,034165270,"",CKEC,901,A5,86,,,,,,,
20212022,034,FAYETTE,165,Fayette County,275,Carter G. Woodson Academy,165275,034165275,210186002323,CKEC,901,A5,235,,,,,,,
20212022,034,FAYETTE,165,Fayette County,525,Southern Middle School,165525,034165525,210186000394,CKEC,901,A1,772,743,433,1176,11923,2231,14153,17316
20212022,034,FAYETTE,165,Fayette County,531,Brenda Cowan Elementary,165531,034165531,210186002486,CKEC,901,A1,524,997,376,1374,12158,2167,14325,17583
20212022,034,FAYETTE,165,Fayette County,620,Julius Marks Elementary School,165620,034165620,210186000395,CKEC,901,A1,472,1518,473,1991,13887,2317,16204,20079
20212022,034,FAYETTE,165,Fayette County,645,FCPS Virtual Academy,165645,034165645,210186002506,CKEC,901,A5,443,,,,,,,
20212022,034,FAYETTE,165,Fayette County,651,Audrey Grevious Center,165651,034165651,210186001480,CKEC,901,A6,26,,,,,,,
20212022,034,FAYETTE,165,Fayette County,887,Fayette Pre-School,165887,034165887,210186002263,CKEC,901,A4,0,,,,,,,
20212022,034,FAYETTE,165,Fayette County,898,Fayette County Learning Center,165898,034165898,210186002251,CKEC,901,A5,149,,,,,,,
20212022,034,FAYETTE,165,Fayette County,899,Opportunity Middle College,165899,034165899,210186002242,CKEC,901,A5,27,,,,,,,
20212022,034,FAYETTE,165,Fayette County,904,Southside Technical Center,165904,034165904,210186001563,CKEC,901,A2,0,,,,,,,
20212022,034,FAYETTE,165,Fayette County,905,Eastside Technical Center,165905,034165905,210186001564,CKEC,901,A2,0,,,,,,,
20212022,035,FLEMING,171,Fleming County,"",---District Total---,171,"","",KEDC,903,"",2067,1453,851,2304,8627,2573,11200,14753
20212022,035,FLEMING,171,Fleming County,020,Ewing Elementary School,171020,035171020,210192000396,KEDC,903,A1,299,1629,700,2329,7646,2164,9810,12139
20212022,035,FLEMING,171,Fleming County,030,Simons Middle School,171030,035171030,210192000397,KEDC,903,A1,330,1146,772,1918,9890,2729,12618,14536
20212022,035,FLEMING,171,Fleming County,035,Fleming County High School,171035,035171035,210192000398,KEDC,903,A1,653,1151,1036,2187,8165,2849,11014,13201
20212022,035,FLEMING,171,Fleming County,040,Flemingsburg Elementary School,171040,035171040,210192000399,KEDC,903,A1,472,1545,781,2326,8794,2617,11411,13737
20212022,035,FLEMING,171,Fleming County,050,E P Ward Elementary School,171050,035171050,210192000400,KEDC,903,A1,165,1684,729,2413,9805,2165,11970,14384
20212022,035,FLEMING,171,Fleming County,060,Hillsboro Elementary School,171060,035171060,210192000401,KEDC,903,A1,148,2565,873,3438,9202,2308,11510,14948
20212022,036,FLOYD,175,Floyd County,"",---District Total---,175,"","",KVEC,904,"",5242,2471,1511,3983,8732,2223,10955,16800
20212022,036,FLOYD,175,Floyd County,010,Duff-Allen Central Elementary,175010,036175010,210195002452,KVEC,904,A1,536,2570,1609,4179,8733,2040,10772,14951
20212022,036,FLOYD,175,Floyd County,019,Prestonsburg Elementary School,175019,036175019,210195002210,KVEC,904,A1,606,2334,1482,3816,7432,1638,9070,12885
20212022,036,FLOYD,175,Floyd County,020,Allen Elementary School,175020,036175020,210195000403,KVEC,904,A1,437,2124,1066,3189,8269,1962,10231,13420
20212022,036,FLOYD,175,Floyd County,021,May Valley Elementary School,175021,036175021,210195001426,KVEC,904,A1,290,2577,1579,4156,8792,1973,10766,14922
20212022,036,FLOYD,175,Floyd County,030,South Floyd Elementary School,175030,036175030,210195002446,KVEC,904,A1,564,2690,1335,4025,8465,1909,10374,14399
20212022,036,FLOYD,175,Floyd County,050,Renaissance Learning Center,175050,036175050,210195001004,KVEC,904,A5,0,,,,,,,
20212022,036,FLOYD,175,Floyd County,110,Betsy Layne High School,175110,036175110,210195000406,KVEC,904,A1,411,2242,1497,3738,8324,2879,11203,14941
20212022,036,FLOYD,175,Floyd County,115,Floyd Central High School,175115,036175115,210195002450,KVEC,904,A1,662,2223,1246,3469,7724,2225,9949,13418
20212022,036,FLOYD,175,Floyd County,120,Betsy Layne Elementary School,175120,036175120,210195000407,KVEC,904,A1,612,2428,1357,3785,7859,2046,9905,13690
20212022,036,FLOYD,175,Floyd County,440,James D. Adams Middle School,175440,036175440,210195001670,KVEC,904,A1,321,1869,1492,3362,8302,2026,10328,13690
20212022,036,FLOYD,175,Floyd County,485,John M. Stumbo Elementary School,175485,036175485,210195000415,KVEC,904,A1,253,2880,1766,4646,9937,2170,12106,16752
20212022,036,FLOYD,175,Floyd County,850,Prestonsburg High School,175850,036175850,210195000423,KVEC,904,A1,550,1922,1571,3493,7412,2332,9744,13237
20212022,019,CAMPBELL,176,Fort Thomas Independent,"",---District Total---,176,"","",NKCES,905,"",3064,247,114,361,10164,2299,12463,15573
20212022,019,CAMPBELL,176,Fort Thomas Independent,010,Highlands High School,176010,019176010,210204000428,NKCES,905,A1,981,255,123,378,10241,3397,13638,14027
20212022,019,CAMPBELL,176,Fort Thomas Independent,011,Highlands Middle School,176011,019176011,210204001400,NKCES,905,A1,774,119,105,224,9045,1779,10825,11061
20212022,019,CAMPBELL,176,Fort Thomas Independent,020,Johnson Elementary School,176020,019176020,210204000429,NKCES,905,A1,416,190,105,295,10378,1810,12188,12384
20212022,019,CAMPBELL,176,Fort Thomas Independent,030,Moyer Elementary School,176030,019176030,210204000430,NKCES,905,A1,506,227,106,333,10580,1718,12298,12734
20212022,019,CAMPBELL,176,Fort Thomas Independent,040,Woodfill Elementary School,176040,019176040,210204000431,NKCES,905,A1,387,571,105,676,11434,1810,13244,13931
20212022,037,FRANKLIN,177,Frankfort Independent,"",---District Total---,177,"","",CKEC,901,"",901,1992,992,2984,9326,3047,12373,18566
20212022,037,FRANKLIN,177,Frankfort Independent,040,Frankfort Early Learning Academy,177040,037177040,210198002334,CKEC,901,A4,0,,,,,,,
20212022,037,FRANKLIN,177,Frankfort Independent,050,Second Street School,177050,037177050,210198000432,CKEC,901,A1,571,1387,833,2220,9001,2581,11627,17114
20212022,037,FRANKLIN,177,Frankfort Independent,070,Frankfort High School,177070,037177070,210198000433,CKEC,901,A1,299,3066,1376,4443,10674,4108,14827,22257
20212022,037,FRANKLIN,177,Frankfort Independent,080,Panther Transition Academy,177080,037177080,210198001524,CKEC,901,A5,31,,,,,,,
20212022,037,FRANKLIN,181,Franklin County,"",---District Total---,181,"","",OVEC,906,"",5935,848,513,1361,10510,2280,12790,15431
20212022,037,FRANKLIN,181,Franklin County,011,The Academy,181011,037181011,210201001917,OVEC,906,A6,53,,,,,,,
20212022,037,FRANKLIN,181,Franklin County,012,Franklin County Career and Technical Ctr,181012,037181012,210201002055,OVEC,906,A2,0,,,,,,,
20212022,037,FRANKLIN,181,Franklin County,013,Westridge Elementary,181013,037181013,210201001989,OVEC,906,A1,339,1435,507,11745,6089,2356,18281,18467
20212022,037,FRANKLIN,181,Franklin County,014,Bridgeport Elementary School,181014,037181014,210201001990,OVEC,906,A1,377,994,496,10118,5901,1903,16466,16657
20212022,037,FRANKLIN,181,Franklin County,015,Bondurant Middle School,181015,037181015,210201000435,OVEC,906,A1,656,443,539,7468,5909,1396,13825,13992
20212022,037,FRANKLIN,181,Franklin County,016,Early Learning Village,181016,037181016,210201002219,OVEC,906,A1,241,1491,384,15042,6326,2289,21816,22104
20212022,037,FRANKLIN,181,Franklin County,025,Collins Lane,181025,037181025,210201000437,OVEC,906,A1,477,996,504,8917,5832,1914,15196,15238
20212022,037,FRANKLIN,181,Franklin County,030,Elkhorn Middle School,181030,037181030,210201000438,OVEC,906,A1,730,648,164,8059,5625,1226,14132,14287
20212022,037,FRANKLIN,181,Franklin County,035,Elkhorn Elementary School,181035,037181035,210201000439,OVEC,906,A1,386,1224,630,8291,6086,2268,14825,14861
20212022,037,FRANKLIN,181,Franklin County,040,Franklin County High School,181040,037181040,210201000440,OVEC,906,A1,935,484,204,8048,5905,1102,14400,14473
20212022,037,FRANKLIN,181,Franklin County,045,Hearn Elementary,181045,037181045,210201000441,OVEC,906,A1,377,1391,448,9734,5853,2253,16036,16357
20212022,037,FRANKLIN,181,Franklin County,050,Peaks Mill Elementary,181050,037181050,210201000442,OVEC,906,A1,417,902,449,8881,5912,1765,15241,15279
20212022,037,FRANKLIN,181,Franklin County,070,Western Hills High School,181070,037181070,210201001420,OVEC,906,A1,811,556,168,8227,5862,1138,14537,14548
20212022,037,FRANKLIN,181,Franklin County,072,William Cofield High School,181072,037181072,210201002471,OVEC,906,A5,97,,,,,,,
20212022,037,FRANKLIN,181,Franklin County,075,Future Forward Education & Career Center,181075,037181075,210201002518,OVEC,906,A6,39,,,,,,,
20212022,038,FULTON,185,Fulton County,"",---District Total---,185,"","",WKEC,908,"",587,2632,1078,3709,8491,3125,11617,16589
20212022,038,FULTON,185,Fulton County,015,Fulton County Middle School,185015,038185015,210210002480,WKEC,908,A1,142,2814,1327,4141,6590,2701,9291,13433
20212022,038,FULTON,185,Fulton County,020,Fulton County Elementary,185020,038185020,210210002113,WKEC,908,A1,282,2714,998,3712,9176,3399,12574,16286
20212022,038,FULTON,185,Fulton County,030,Fulton County High School,185030,038185030,210210000445,WKEC,908,A1,163,2535,1048,3582,9307,3210,12517,16100
20212022,038,FULTON,186,Fulton Independent,"",---District Total---,186,"","",WKEC,908,"",292,3082,2074,5156,11371,3120,14491,20324
20212022,038,FULTON,186,Fulton Independent,018,Fulton Independent School,186018,038186018,210207002205,WKEC,908,A1,292,3082,2074,5156,11371,3120,14491,20324
20212022,039,GALLATIN,191,Gallatin County,"",---District Total---,191,"","",OVEC,906,"",1471,872,464,1336,9601,2441,12041,15419
20212022,039,GALLATIN,191,Gallatin County,005,Gallatin County Middle School,191005,039191005,210213001609,OVEC,906,A1,327,855,567,1422,10123,2979,13102,14524
20212022,039,GALLATIN,191,Gallatin County,006,Gallatin County Upper Elementary,191006,039191006,210213001850,OVEC,906,A1,327,1040,507,1547,8746,1651,10397,11944
20212022,039,GALLATIN,191,Gallatin County,010,Gallatin County Lower Elementary,191010,039191010,210213000450,OVEC,906,A1,325,791,407,1198,11472,2713,14185,15383
20212022,039,GALLATIN,191,Gallatin County,020,Gallatin County High School,191020,039191020,210213000451,OVEC,906,A1,492,824,404,1228,8914,2466,11383,12609
20212022,040,GARRARD,195,Garrard County,"",---District Total---,195,"","",SESC,907,"",2485,1138,1039,2178,8748,2084,10832,14245
20212022,040,GARRARD,195,Garrard County,050,Camp Dick Robinson Elementary School,195050,040195050,210216000454,SESC,907,A1,435,1714,1264,2979,8548,1828,10376,13355
20212022,040,GARRARD,195,Garrard County,060,Garrard County High School,195060,040195060,210216000455,SESC,907,A1,755,980,949,1929,7996,2024,10020,11949
20212022,040,GARRARD,195,Garrard County,070,Garrard Middle School,195070,040195070,210216001672,SESC,907,A1,590,744,1085,1829,8479,1800,10278,12107
20212022,040,GARRARD,195,Garrard County,090,Paint Lick Elementary School,195090,040195090,210216000456,SESC,907,A1,288,2435,1395,3830,8934,1886,10820,14650
20212022,040,GARRARD,195,Garrard County,220,Lancaster Elementary School,195220,040195220,210216000457,SESC,907,A1,417,2467,1020,3487,8589,1715,10305,13791
20212022,005,BARREN,197,Glasgow Independent,"",---District Total---,197,"","",GRREC,902,"",2245,1334,559,1892,9250,2458,11708,17013
20212022,005,BARREN,197,Glasgow Independent,002,Success Academy,197002,005197002,210222002215,GRREC,902,A5,148,,,,,,,
20212022,005,BARREN,197,Glasgow Independent,013,Highland Elementary School,197013,005197013,210222001991,GRREC,902,A1,568,1309,435,1744,8416,2066,10482,12226
20212022,005,BARREN,197,Glasgow Independent,015,Happy Valley Learning Center,197015,005197015,210222002101,GRREC,902,A5,25,,,,,,,
20212022,005,BARREN,197,Glasgow Independent,030,Glasgow High School,197030,005197030,210222000461,GRREC,902,A1,527,1133,562,1695,8419,2895,11314,13009
20212022,005,BARREN,197,Glasgow Independent,035,Glasgow Middle School,197035,005197035,210222000402,GRREC,902,A1,502,1149,433,1582,8567,2090,10657,12239
20212022,005,BARREN,197,Glasgow Independent,065,South Green Elementary School,197065,005197065,210222001565,GRREC,902,A1,475,1270,596,1866,8544,1837,10381,12246
20212022,041,GRANT,201,Grant County,"",---District Total---,201,"","",OVEC,906,"",3272,1089,760,1850,9009,2054,11063,14848
20212022,041,GRANT,201,Grant County,016,Sherman Elementary,201016,041201016,210225002201,OVEC,906,A1,382,1192,695,1888,9618,2123,11740,13628
20212022,041,GRANT,201,Grant County,020,Crittenden-Mt. Zion Elementary,201020,041201020,210225000465,OVEC,906,A1,412,1105,695,1888,9618,2123,11740,13628
20212022,041,GRANT,201,Grant County,030,Dry Ridge Elementary,201030,041201030,210225000466,OVEC,906,A1,361,2049,728,2777,10326,2700,13026,15803
20212022,041,GRANT,201,Grant County,040,Grant County High School,201040,041201040,210225000467,OVEC,906,A1,1060,624,685,1309,8654,2057,10711,12020
20212022,041,GRANT,201,Grant County,050,Mason-Corinth Elementary,201050,041201050,210225001701,OVEC,906,A1,261,1232,574,1806,10326,2003,12831,14637
20212022,041,GRANT,201,Grant County,080,Grant County Middle School,201080,041201080,210225000469,OVEC,906,A1,796,1170,924,2094,8319,1831,10150,12244
20212022,042,GRAVES,205,Graves County,"",---District Total---,205,"","",WKEC,908,"",3746,847,1231,2078,9081,1312,10394,13460
20212022,042,GRAVES,205,Graves County,011,Mayfield Youth Development Center,205011,042205011,210228001754,WKEC,908,A6,0,,,,,,,
20212022,042,GRAVES,205,Graves County,012,Gateway Academy High School,205012,042205012,210228001924,WKEC,908,A5,26,,,,,,,
20212022,042,GRAVES,205,Graves County,013,Graves County Central Elementary,205013,042205013,210228001992,WKEC,908,A1,446,815,1170,1985,8577,1055,9632,12467
20212022,042,GRAVES,205,Graves County,040,Fancy Farm Elementary School,205040,042205040,210228000471,WKEC,908,A1,303,748,1164,1911,8947,1042,9989,12767
20212022,042,GRAVES,205,Graves County,060,Farmington Elementary School,205060,042205060,210228000473,WKEC,908,A1,251,832,1134,1966,9490,1023,10514,13804
20212022,042,GRAVES,205,Graves County,100,Graves County Middle School,205100,042205100,210228001436,WKEC,908,A1,608,716,1120,1837,7502,1228,8730,11500
20212022,042,GRAVES,205,Graves County,150,Sedalia Elementary School,205150,042205150,210228000477,WKEC,908,A1,332,1034,1112,2146,8349,953,9301,12311
20212022,042,GRAVES,205,Graves County,170,Symsonia Elementary School,205170,042205170,210228000479,WKEC,908,A1,344,966,1157,2123,8305,1072,9377,12391
20212022,042,GRAVES,205,Graves County,200,Wingo Elementary School,205200,042205200,210228000481,WKEC,908,A1,365,1059,1178,2237,8332,1063,9395,12617
20212022,042,GRAVES,205,Graves County,215,Graves County High School,205215,042205215,210228001490,WKEC,908,A1,1071,602,1230,1832,8943,1691,10634,13360
20212022,043,GRAYSON,211,Grayson County,"",---District Total---,211,"","",GRREC,902,"",3848,1377,667,2044,8669,1806,10476,13863
20212022,043,GRAYSON,211,Grayson County,005,Grayson County Schools Preschool Center,211005,043211005,"",GRREC,902,A4,0,,,,,,,
20212022,043,GRAYSON,211,Grayson County,010,H W Wilkey Elementary School,211010,043211010,210230000483,GRREC,902,A1,457,2034,1322,3355,18069,4038,22108,25463
20212022,043,GRAYSON,211,Grayson County,030,Caneyville Elementary School,211030,043211030,210230000484,GRREC,902,A1,343,2410,1078,3488,19493,3961,23454,26942
20212022,043,GRAYSON,211,Grayson County,050,Oran P Lawler Elementary School,211050,043211050,210230001702,GRREC,902,A1,366,2483,1077,3561,18679,3764,22443,26004
20212022,043,GRAYSON,211,Grayson County,080,Clarkson Elementary School,211080,043211080,210230000485,GRREC,902,A1,528,2362,1051,3414,18623,3847,22471,25884
20212022,043,GRAYSON,211,Grayson County,085,Grayson County High School,211085,043211085,210230000486,GRREC,902,A1,1279,2323,940,3263,16866,4004,20871,24134
20212022,043,GRAYSON,211,Grayson County,095,Grayson County Middle School,211095,043211095,210230000487,GRREC,902,A1,875,3093,1174,4267,17629,3902,21531,25799
20212022,043,GRAYSON,211,Grayson County,220,Grayson Co. Alternative Education,211220,043211220,210230001852,GRREC,902,A5,0,,,,,,,
20212022,043,GRAYSON,211,Grayson County,908,Grayson County Area Vocational Ed Center,211908,043211908,210230002381,GRREC,902,A2,0,,,,,,,
20212022,044,GREEN,215,Green County,"",---District Total---,215,"","",GRREC,902,"",1561,1202,773,1975,10249,2227,12476,19421
20212022,044,GREEN,215,Green County,030,Green County Primary School,215030,044215030,210234002244,GRREC,902,A1,382,1668,600,2268,10843,2012,12855,15124
20212022,044,GREEN,215,Green County,040,Green County Intermediate School,215040,044215040,210234002257,GRREC,902,A1,345,1121,724,1843,9157,1858,11015,12860
20212022,044,GREEN,215,Green County,055,Green County Middle School,215055,044215055,210234001526,GRREC,902,A1,379,908,705,1613,9133,2267,11400,13013
20212022,044,GREEN,215,Green County,065,Green County High School,215065,044215065,210234000490,GRREC,902,A1,455,1116,1013,2129,11507,2655,14162,16291
20212022,045,GREENUP,221,Greenup County,"",---District Total---,221,"","",KEDC,903,"",2588,1281,603,1884,9634,2338,11972,14701
20212022,045,GREENUP,221,Greenup County,010,Argillite Elementary School,221010,045221010,210240000493,KEDC,903,A1,189,1397,702,2097,11438,2259,13697,15796
20212022,045,GREENUP,221,Greenup County,024,Wurtland Middle School,221024,045221024,210240001610,KEDC,903,A1,287,1896,685,2581,10590,2390,12980,15561
20212022,045,GREENUP,221,Greenup County,027,Greenup County High School,221027,045221027,210240000496,KEDC,903,A1,847,798,501,1299,8641,2667,11308,12607
20212022,045,GREENUP,221,Greenup County,040,Greysbranch Elementary School,221040,045221040,210240000497,KEDC,903,A1,293,1875,691,2566,10300,2189,12489,15055
20212022,045,GREENUP,221,Greenup County,060,Mckell Elementary School,221060,045221060,210240000499,KEDC,903,A1,437,1155,701,1855,9841,1986,11827,13682
20212022,045,GREENUP,221,Greenup County,105,Mckell Middle School,221105,045221105,210240001611,KEDC,903,A1,354,1093,516,1609,8456,2188,10644,12253
20212022,045,GREENUP,221,Greenup County,110,Wurtland Elementary School,221110,045221110,210240000504,KEDC,903,A1,181,2152,638,2790,11607,2249,13855,16646
20212022,046,HANCOCK,225,Hancock County,"",---District Total---,225,"","",GRREC,902,"",1526,1228,497,1725,10161,2853,13013,16183
20212022,046,HANCOCK,225,Hancock County,005,Hancock County High School,225005,046225005,210246000507,GRREC,902,A1,516,1587,1034,2621,17712,10217,22252,27099
20212022,046,HANCOCK,225,Hancock County,006,North Hancock Elementary School,225006,046225006,210246001993,GRREC,902,A1,432,2119,446,2565,17094,11076,20660,24706
20212022,046,HANCOCK,225,Hancock County,007,Hancock County Middle School,225007,046225007,210246000508,GRREC,902,A1,359,1919,1119,3038,18239,12364,21830,26323
20212022,046,HANCOCK,225,Hancock County,070,South Hancock Elementary School,225070,046225070,210246000511,GRREC,902,A1,219,2651,732,3383,17915,16233,21787,26748
20212022,047,HARDIN,231,Hardin County,"",---District Total---,231,"","",GRREC,902,"",14109,851,767,1619,9287,1398,10684,1157
20212022,047,HARDIN,231,Hardin County,005,East Hardin Middle School,231005,047231005,210249000512,GRREC,902,A1,753,1232,852,2089,16580,2792,19374,21463
20212022,047,HARDIN,231,Hardin County,008,Woodland Elementary School,231008,047231008,210249001471,GRREC,902,A1,519,1622,1012,2635,17521,2889,20408,23043
20212022,047,HARDIN,231,Hardin County,013,John Hardin High School,231013,047231013,210249001910,GRREC,902,A1,746,1587,1022,2617,20373,3777,24150,26767
20212022,047,HARDIN,231,Hardin County,014,Lakewood Elementary School,231014,047231014,210249001963,GRREC,902,A1,396,1842,977,2823,18359,2990,21349,24172
20212022,047,HARDIN,231,Hardin County,015,Bluegrass Middle School,231015,047231015,210249001673,GRREC,902,A1,578,1403,790,2777,16919,2643,19563,21760
20212022,047,HARDIN,231,Hardin County,017,Creekside Elementary School,231017,047231017,210249001994,GRREC,902,A1,358,1723,1049,2777,18567,3029,21596,24373
20212022,047,HARDIN,231,Hardin County,018,Heartland Elementary School,231018,047231018,210249002209,GRREC,902,A1,559,1388,944,2337,16723,2781,19503,21840
20212022,047,HARDIN,231,Hardin County,020,G C Burkhead Elementary School,231020,047231020,210249000513,GRREC,902,A1,739,1410,859,2271,16453,2599,19052,21325
20212022,047,HARDIN,231,Hardin County,021,North Park Elementary School,231021,047231021,210249002297,GRREC,902,A1,407,1837,883,2725,16472,2802,19274,21999
20212022,047,HARDIN,231,Hardin County,025,College View Campus,231025,047231025,210249002439,GRREC,902,A5,634,,,,,,,
20212022,047,HARDIN,231,Hardin County,030,Cecilia Valley Elementary School,231030,047231030,210249000514,GRREC,902,A1,333,2237,907,3151,18034,2834,20866,24015
20212022,047,HARDIN,231,Hardin County,040,New Highland Elementary School,231040,047231040,210249001446,GRREC,902,A1,446,2123,975,3102,18317,2952,21269,24371
20212022,047,HARDIN,231,Hardin County,050,Lincoln Trail Elementary School,231050,047231050,210249000515,GRREC,902,A1,527,1583,951,2538,17397,2539,20257,22795
20212022,047,HARDIN,231,Hardin County,070,Early College and Career Center,231070,047231070,210249002373,GRREC,902,A2,0,,,,,,,
20212022,047,HARDIN,231,Hardin County,075,North Hardin High School,231075,047231075,210249000517,GRREC,902,A1,1523,1208,990,2203,16703,2916,19621,21824
20212022,047,HARDIN,231,Hardin County,077,James T Alton Middle School,231077,047231077,210249000518,GRREC,902,A1,673,1444,875,2323,16515,3063,19578,21901
20212022,047,HARDIN,231,Hardin County,079,Radcliff Elementary School,231079,047231079,210249000519,GRREC,902,A1,369,1826,1413,3244,18992,3616,22608,25852
20212022,047,HARDIN,231,Hardin County,080,North Middle School,231080,047231080,210249000520,GRREC,902,A1,570,1622,908,2534,17400,2801,20200,22735
20212022,047,HARDIN,231,Hardin County,090,Rineyville Elementary School,231090,047231090,210249000521,GRREC,902,A1,512,1263,943,2210,17754,2798,20551,22762
20212022,047,HARDIN,231,Hardin County,165,Vine Grove Elementary School,231165,047231165,210249000524,GRREC,902,A1,510,1390,872,2267,16925,2821,19745,22012
20212022,047,HARDIN,231,Hardin County,168,West Hardin Middle School,231168,047231168,210249000525,GRREC,902,A1,553,1188,912,2105,17423,2885,20308,22413
20212022,047,HARDIN,231,Hardin County,180,Hardin County Day Treatment Center,231180,047231180,210249000656,GRREC,902,A6,21,,,,,,,
20212022,047,HARDIN,231,Hardin County,190,Central Hardin High School,231190,047231190,210249000528,GRREC,902,A1,1826,1182,935,2121,16277,2905,19182,21302
20212022,047,HARDIN,231,Hardin County,210,Meadow View Elementary School,231210,047231210,210249001566,GRREC,902,A1,501,1598,1795,3398,17316,3735,21051,24449
20212022,047,HARDIN,231,Hardin County,979,Lincoln Trail Behavioral Health Systems,231979,047231979,210249002249,GRREC,902,A6,47,,,,,,,
20212022,047,HARDIN,231,Hardin County,982,Spectrum Care Academy,231982,047231982,210249002248,GRREC,902,A5,9,,,,,,,
20212022,048,HARLAN,235,Harlan County,"",---District Total---,235,"","",SESC,907,"",3288,2515,1632,4147,9233,2498,11731,18576
20212022,048,HARLAN,235,Harlan County,025,Harlan County High School,235025,048235025,210254002213,SESC,907,A1,935,1859,1738,3597,8206,2611,10817,17056
20212022,048,HARLAN,235,Harlan County,060,Black Mountain Elementary School,235060,048235060,210254000532,SESC,907,A1,245,2930.00,1582,4512,10345,2697,13042,20312
20212022,048,HARLAN,235,Harlan County,110,Cawood Elementary School,235110,048235110,210254000534,SESC,907,A1,206,2818,1559,4377,10875,2564,13439,20678
20212022,048,HARLAN,235,Harlan County,195,Cumberland Elementary School,235195,048235195,210254000091,SESC,907,A1,417,2739,1650,4389,9534,2461,11995,19101
20212022,048,HARLAN,235,Harlan County,290,Evarts Elementary School,235290,048235290,210254000539,SESC,907,A1,314,2721,1630,4351,9586,2326,11912,18982
20212022,048,HARLAN,235,Harlan County,325,Green Hills Elementary School,235325,048235325,210254000540,SESC,907,A1,114,3148,1563,4711,12628,2723,15351,22580
20212022,048,HARLAN,235,Harlan County,340,James A. Cawood Elementary,235340,048235340,210254000541,SESC,907,A1,311,3528,1554,5082,9319,2625,11944,19744
20212022,048,HARLAN,235,Harlan County,540,Rosspoint Elementary School,235540,048235540,210254000545,SESC,907,A1,379,2349,1556,3905,8785,2214,10999,17613
20212022,048,HARLAN,235,Harlan County,640,Wallins Elementary School,235640,048235640,210254000549,SESC,907,A1,367,2425,1581,4006,8877,2346,11223,17928
20212022,048,HARLAN,236,Harlan Independent,"",---District Total---,236,"","",SESC,907,"",668,2116,1391,3507,8507,2034,10541,20882
20212022,048,HARLAN,236,Harlan Independent,020,Harlan Elementary School,236020,048236020,210252000551,SESC,907,A1,303,3719,1855,5574,18138,4443,22584,29212
20212022,048,HARLAN,236,Harlan Independent,021,Sunshine School,236021,048236021,210252002046,SESC,907,A4,0,,,,,,,
20212022,048,HARLAN,236,Harlan Independent,030,Harlan High School,236030,048236030,210252000552,SESC,907,A1,365,3772,2711,6483,19269,6026,25304,31932
20212022,049,HARRISON,241,Harrison County,"",---District Total---,241,"","",CKEC,901,"",2731,1162,1075,2236,8775,1366,10141,13276
20212022,049,HARRISON,241,Harrison County,035,Eastside Elementary School,241035,049241035,210258000553,CKEC,901,A1,355,1590,981,2571,10779,1902,12971,13684
20212022,049,HARRISON,241,Harrison County,037,Harrison County Learning Center,241037,049241037,210258001995,CKEC,901,A5,52,,,,,,,
20212022,049,HARRISON,241,Harrison County,038,Southside Elementary School,241038,049241038,210258000554,CKEC,901,A1,303,1788,1144,2932,11019,2126,13437,14158
20212022,049,HARRISON,241,Harrison County,040,Harrison County High School,241040,049241040,210258000555,CKEC,901,A1,804,582,1066,1648,15276,2495,11471,12798
20212022,049,HARRISON,241,Harrison County,043,Harrison County Middle School,241043,049241043,210258000556,CKEC,901,A1,639,665,967,1632,8744,1812,10848,11513
20212022,049,HARRISON,241,Harrison County,045,Northside Elementary School,241045,049241045,210258000557,CKEC,901,A1,267,1885,1254,3138,12262,2294,14847,15592
20212022,049,HARRISON,241,Harrison County,075,Westside Elementary School,241075,049241075,210258000558,CKEC,901,A1,311,2054,1208,3262,11815,2074,14181,14902
20212022,050,HART,245,Hart County,"",---District Total---,245,"","",GRREC,902,"",2168,1252,830,2082,9982,2228,12211,16973
20212022,050,HART,245,Hart County,010,Bonnieville Elementary School,245010,050245010,210264000562,GRREC,902,A1,277,1712,769,2481,9158,1994,11054,13545
20212022,050,HART,245,Hart County,030,Cub Run Elementary School,245030,050245030,210264000563,GRREC,902,A1,192,1744,834,2578,10987,2031,12922,15500
20212022,050,HART,245,Hart County,045,Hart County High School,245045,050245045,210264000564,GRREC,902,A1,683,1224,862,2087,9166,2438,11509,13596
20212022,050,HART,245,Hart County,050,Legrande Elementary School,245050,050245050,210264000565,GRREC,902,A1,267,1204,725,1929,9079,1748,10733,12662
20212022,050,HART,245,Hart County,070,Memorial Elementary School,245070,050245070,210264000566,GRREC,902,A1,316,706,755,1631,9219,2028,11151,12782
20212022,050,HART,245,Hart County,090,Munfordville Elementary School,245090,050245090,210264000567,GRREC,902,A1,433,754,720,1475,9619,1841,11365,12840
20212022,097,PERRY,246,Hazard Independent,"",---District Total---,246,"","",KVEC,904,"",925,2270,902,3172,8168,3188,11356,16469
20212022,097,PERRY,246,Hazard Independent,010,Hazard High School,246010,097246010,210267000568,KVEC,904,A1,265,2553,970,3523,9450,4017,13468,18937
20212022,097,PERRY,246,Hazard Independent,045,Hazard Middle School,246045,097246045,210267000569,KVEC,904,A1,289,1960,725,2686,7431,2858,10289,14887
20212022,097,PERRY,246,Hazard Independent,060,Roy G. Eversole Elementary School,246060,097246060,210267000570,KVEC,904,A1,371,2309,992,3301,7827,2852,10679,15939
20212022,051,HENDERSON,251,Henderson County,"",---District Total---,251,"","",WKEC,908,"",6520,1245,771,2017,9827,2306,12133,17205
20212022,051,HENDERSON,251,Henderson County,010,Bend Gate Elementary School,251010,051251010,210271000571,WKEC,908,A1,401,1557,671,2228,9471,2161,11631,16815
20212022,051,HENDERSON,251,Henderson County,015,The Central Academy,251015,051251015,210271002457,WKEC,908,A5,305,,,,,,,
20212022,051,HENDERSON,251,Henderson County,020,Cairo Elementary School,251020,051251020,210271000572,WKEC,908,A1,257,1680,634,2314,10737,2065,12802,18180
20212022,051,HENDERSON,251,Henderson County,030,A B Chandler Elementary School,251030,051251030,210271000573,WKEC,908,A1,275,1098,743,1841,11139,2125,13264,18133
20212022,051,HENDERSON,251,Henderson County,033,East Heights Elementary School,251033,051251033,210271000574,WKEC,908,A1,350,1816,674,2490,10068,2290,12358,17798
20212022,051,HENDERSON,251,Henderson County,060,Henderson County High School,251060,051251060,210271000577,WKEC,908,A1,1885,825,836,1661,9640,2631,12273,16763
20212022,051,HENDERSON,251,Henderson County,065,Henderson County North Middle School,251065,051251065,210271000578,WKEC,908,A1,727,1024,664,1688,9086,1986,11076,15647
20212022,051,HENDERSON,251,Henderson County,070,Niagara Elementary School,251070,051251070,210271000579,WKEC,908,A1,275,957,725,1682,9368,2031,11398,15854
20212022,051,HENDERSON,251,Henderson County,080,Thelma B. Johnson Early Learning Center,251080,051251080,210271002306,WKEC,908,A4,0,,,,,,,
20212022,051,HENDERSON,251,Henderson County,091,South Heights Elementary School,251091,051251091,210271000581,WKEC,908,A1,420,1648,783,2431,10050,2053,12103,17454
20212022,051,HENDERSON,251,Henderson County,110,Spottsville Elementary School,251110,051251110,210271000583,WKEC,908,A1,549,1051,679,1730,9439,1819,11257,15761
20212022,051,HENDERSON,251,Henderson County,150,Henderson County South Middle School,251150,051251150,210271000585,WKEC,908,A1,736,949,581,1530,8684,1990,10677,15101
20212022,051,HENDERSON,251,Henderson County,160,Jefferson Elementary School,251160,051251160,210271000586,WKEC,908,A1,340,1870,829,2699,9128,2621,11749,17222
20212022,052,HENRY,255,Henry County,"",---District Total---,255,"","",OVEC,906,"",1899,1112,630,1741,9451,2300,11751,15417
20212022,052,HENRY,255,Henry County,005,Henry County Early Childhood,255005,052255005,210276002418,OVEC,906,A4,2,,,,,,,
20212022,052,HENRY,255,Henry County,010,Campbellsburg Elementary School,255010,052255010,210276000588,OVEC,906,A1,331,1126,630,1756,8646,2554,11199,14047
20212022,052,HENRY,255,Henry County,020,Eastern Elementary School,255020,052255020,210276000589,OVEC,906,A1,189,1216,496,1712,10687,1911,12598,15559
20212022,052,HENRY,255,Henry County,035,Henry County High School,255035,052255035,210276000590,OVEC,906,A1,623,782,759,1540,9936,2818,12754,16732
20212022,052,HENRY,255,Henry County,038,Henry County Middle School,255038,052255038,210276000591,OVEC,906,A1,444,998,577,1575,9008,1760,10768,14130
20212022,052,HENRY,255,Henry County,040,New Castle Elementary School,255040,052255040,210276000592,OVEC,906,A1,310,1866,531,2397,9790,2119,11909,16094
20212022,053,HICKMAN,261,Hickman County,"",---District Total---,261,"","",WKEC,908,"",657,1273,1777,3050,10616,2815,13431,17557
20212022,053,HICKMAN,261,Hickman County,020,Hickman County Elementary School,261020,053261020,210279000593,WKEC,908,A1,347,1335,1519,2854,8508,1957,10465,14221
20212022,053,HICKMAN,261,Hickman County,050,Hickman County High School,261050,053261050,210279000594,WKEC,908,A1,310,851,1663,2514,10726,3257,13983,15609
20212022,054,HOPKINS,265,Hopkins County,"",---District Total---,265,"","",WKEC,908,"",6230,864,1089,1954,8939,1769,10708,14764
20212022,054,HOPKINS,265,Hopkins County,004,Hopkins County Schools Academy,265004,054265004,210286002280,WKEC,908,A5,84,,,,,,,
20212022,054,HOPKINS,265,Hopkins County,005,Hopkins County Day Treatment,265005,054265005,210286001586,WKEC,908,A6,15,,,,,,,
20212022,054,HOPKINS,265,Hopkins County,006,West Hopkins School,265006,054265006,210286001472,WKEC,908,A1,347,921,978,1899,9762,1656,11419,14949
20212022,054,HOPKINS,265,Hopkins County,020,Jesse Stuart Elementary School,265020,054265020,210286000673,WKEC,908,A1,305,989,941,1929,8325,1486,9811,13353
20212022,054,HOPKINS,265,Hopkins County,075,James Madison Middle School,265075,054265075,210286000681,WKEC,908,A1,518,768,945,1713,7235,1482,8717,12000
20212022,054,HOPKINS,265,Hopkins County,090,Grapevine Elementary School,265090,054265090,210286000598,WKEC,908,A1,320,900,929,1829,8479,1444,9922,13372
20212022,054,HOPKINS,265,Hopkins County,105,Hopkins Co Career & Technology Center,265105,054265105,210286002425,WKEC,908,A2,0,,,,,,,
20212022,054,HOPKINS,265,Hopkins County,110,Hanson Elementary School,265110,054265110,210286000600,WKEC,908,A1,458,904,833,1738,8396,1507,9903,30947
20212022,054,HOPKINS,265,Hopkins County,130,Hopkins County Central High School,265130,054265130,210286001473,WKEC,908,A1,739,847,974,1821,10391,2076,12467,15951
20212022,054,HOPKINS,265,Hopkins County,140,Browning Springs Middle School,265140,054265140,210286000601,WKEC,908,A1,532,668,963,1631,7225,1478,8703,11881
20212022,054,HOPKINS,265,Hopkins County,145,Madisonville North Hopkins High School,265145,054265145,210286000602,WKEC,908,A1,1138,611,933,1544,8796,1843,10641,13789
20212022,054,HOPKINS,265,Hopkins County,185,South Hopkins Middle School,265185,054265185,210286001499,WKEC,908,A1,406,770,964,1734,9152,1615,10767,14169
20212022,054,HOPKINS,265,Hopkins County,200,Pride Elementary School,265200,054265200,210286000606,WKEC,908,A1,422,841,909,1749,7446,1399,8845,12206
20212022,054,HOPKINS,265,Hopkins County,250,West Broadway Elementary School,265250,054265250,210286000611,WKEC,908,A1,341,869,1024,1893,9222,1568,10790,14291
20212022,054,HOPKINS,265,Hopkins County,280,Southside Elementary School,265280,054265280,210286000474,WKEC,908,A1,334,1339,856,2194,8371,1613,9984,13798
20212022,054,HOPKINS,265,Hopkins County,330,Earlington Elementary School,265330,054265330,210286000614,WKEC,908,A1,271,1053,973,2027,9013,1604,10617,14283
20212022,055,JACKSON,271,Jackson County,"",---District Total---,271,"","",SESC,907,"",1878,1387,1297,2684,9340,1770,11110,15161
20212022,055,JACKSON,271,Jackson County,020,Jackson County High School,271020,055271020,210294000615,SESC,907,A1,514,1427,1418,2846,8695,1788,10483,14510
20212022,055,JACKSON,271,Jackson County,025,Jackson County Middle School,271025,055271025,210294001674,SESC,907,A1,426,1091,1220,2311,8308,1621,9930,13438
20212022,055,JACKSON,271,Jackson County,027,Barnabus Home Middle School,271027,055271027,210294002375,SESC,907,A6,7,,,,,,,
20212022,055,JACKSON,271,Jackson County,029,Barnabus Home High School,271029,055271029,210294002390,SESC,907,A6,8,,,,,,,
20212022,055,JACKSON,271,Jackson County,031,Jackson Co Schools Learning Center,271031,055271031,210294002461,SESC,907,A5,6,,,,,,,
20212022,055,JACKSON,271,Jackson County,180,McKee Elementary School,271180,055271180,210294000617,SESC,907,A1,323,1684,1265,2950,9778,1860,11638,15959
20212022,055,JACKSON,271,Jackson County,280,Sand Gap Elementary School,271280,055271280,210294000619,SESC,907,A1,215,1325,1259,2584,11172,1871,13043,17652
20212022,055,JACKSON,271,Jackson County,340,Tyner Elementary School,271340,055271340,210294000620,SESC,907,A1,379,1429,1274,2703,9902,1771,11673,15739
20212022,013,BREATHITT,272,Jackson Independent,"",---District Total---,272,"","",KVEC,904,"",303,2839,762,3601,8691,2708,11399,15869
20212022,013,BREATHITT,272,Jackson Independent,011,Jackson City School,272011,013272011,210291001719,KVEC,904,A1,303,5612.00,2653.00,8265.00,5344.00,1937.00,7281.00,15546.00
20212022,056,JEFFERSON,275,Jefferson County,"",---District Total---,275,"","","",909,"",93658,2773,1324,4098,12499,1415,13915,19863
20212022,056,JEFFERSON,275,Jefferson County,004,Camp Taylor Elementary,275004,056275004,210299000623,"",909,A1,449,2654,1407,4061,13598,1295,14893,20256
20212022,056,JEFFERSON,275,Jefferson County,005,Cane Run Elementary,275005,056275005,210299000624,"",909,A1,311,4769,1311,6080,13396,1403,14799,22233
20212022,056,JEFFERSON,275,Jefferson County,007,Eastern High,275007,056275007,210299000625,"",909,A1,2013,1978,1192,3170,10442,1461,11903,16345
20212022,056,JEFFERSON,275,Jefferson County,010,Fairdale Elementary,275010,056275010,210299000626,"",909,A1,590,2541,1256,3797,11568,1383,12951,18046
20212022,056,JEFFERSON,275,Jefferson County,011,Fern Creek Elementary,275011,056275011,210299000627,"",909,A1,689,2552,1179,3731,11083,1489,12572,18060
20212022,056,JEFFERSON,275,Jefferson County,012,Fern Creek High,275012,056275012,210299000628,"",909,A1,1716,2639,1408,4047,10576,1382,11958,17188
20212022,056,JEFFERSON,275,Jefferson County,013,Greathouse/Shryock Traditional,275013,056275013,210299000629,"",909,A1,589,2114,1374,3488,10259,1361,11620,16376
20212022,056,JEFFERSON,275,Jefferson County,014,Greenwood Elementary,275014,056275014,210299000630,"",909,A1,428,3639,1223,4862,13293,1395,14688,20864
20212022,056,JEFFERSON,275,Jefferson County,016,Tully Elementary,275016,056275016,210299000631,"",909,A1,726,2559,1243,3802,11222,1355,12577,17519
20212022,056,JEFFERSON,275,Jefferson County,018,Atherton High,275018,056275018,210299000632,"",909,A1,1447,1763,1387,3150,11189,1479,12668,17017
20212022,056,JEFFERSON,275,Jefferson County,019,The Brook-Dupont,275019,056275019,210299001629,"",909,A6,20,,,,,,,
20212022,056,JEFFERSON,275,Jefferson County,020,The Brook-KMI,275020,056275020,210299001474,"",909,A6,40,,,,,,,
20212022,056,JEFFERSON,275,Jefferson County,022,Medora Elementary,275022,056275022,210299000633,"",909,A1,450,2397,1467,3864,12084,1434,13518,18522
20212022,056,JEFFERSON,275,Jefferson County,024,Middletown Elementary,275024,056275024,210299000634,"",909,A1,539,2243,1151,3394,13164,1272,14436,19101
20212022,056,JEFFERSON,275,Jefferson County,027,Okolona Elementary,275027,056275027,210299000635,"",909,A1,286,4055,1216,5271,13771,1402,15173,21834
20212022,056,JEFFERSON,275,Jefferson County,028,Boys & Girls Haven,275028,056275028,210299001475,"",909,A6,28,,,,,,,
20212022,056,JEFFERSON,275,Jefferson County,029,St Joseph Children's Home,275029,056275029,210299001633,"",909,A6,28,,,,,,,
20212022,056,JEFFERSON,275,Jefferson County,030,Liberty High,275030,056275030,210299001634,"",909,A5,91,,,,,,,
20212022,056,JEFFERSON,275,Jefferson County,031,Southern High,275031,056275031,210299000637,"",909,A1,1309,2369,1237,3606,11125,1411,12536,17349
20212022,056,JEFFERSON,275,Jefferson County,033,Valley High,275033,056275033,210299000639,"",909,A1,920,2514,1258,3772,12521,1391,13912,18913
20212022,056,JEFFERSON,275,Jefferson County,034,Waller-Williams Environmental,275034,056275034,210299001529,"",909,A3,95,,,,,,,
20212022,056,JEFFERSON,275,Jefferson County,037,Dawson Orman Education Center,275037,056275037,210299001774,"",909,A4,0,,,,,,,
20212022,056,JEFFERSON,275,Jefferson County,038,Breckinridge-Franklin Elementary,275038,056275038,210299001855,"",909,A1,301,4679,1319,5998,19581,1351,20932,28523
20212022,056,JEFFERSON,275,Jefferson County,040,Barret Traditional Middle,275040,056275040,210299000641,"",909,A1,617,1937,1300,3237,10960,1289,12249,16754
20212022,056,JEFFERSON,275,Jefferson County,041,Newburg Middle,275041,056275041,210299000642,"",909,A1,954,3083,1351,4434,10941,1406,12347,18262
20212022,056,JEFFERSON,275,Jefferson County,044,Audubon Traditional Elementary,275044,056275044,210299000643,"",909,A1,596,2205,1249,3454,10511,1410,11921,16516
20212022,056,JEFFERSON,275,Jefferson County,045,Butler Traditional High,275045,056275045,210299000644,"",909,A1,1431,2684,1326,4010,11296,1433,12729,17935
20212022,056,JEFFERSON,275,Jefferson County,046,Chenoweth Elementary,275046,056275046,210299000645,"",909,A1,448,2765,1181,3946,13607,1306,14913,20174
20212022,056,JEFFERSON,275,Jefferson County,047,Louisville Male High,275047,056275047,210299001705,"",909,A1,1966,1781,1346,3127,9768,1285,11053,15364
20212022,056,JEFFERSON,275,Jefferson County,048,Hawthorne Elementary,275048,056275048,210299000647,"",909,A1,388,3346,1130,4476,12727,1291,14018,19789
20212022,056,JEFFERSON,275,Jefferson County,049,Farnsley Middle,275049,056275049,210299001530,"",909,A1,1019,2298,1485,3783,10139,1391,11530,16559
20212022,056,JEFFERSON,275,Jefferson County,050,Georgia Chaffee Teenage Parent Program,275050,056275050,210299001612,"",909,A5,64,,,,,,,
20212022,056,JEFFERSON,275,Jefferson County,051,Waggener High,275051,056275051,210299000649,"",909,A1,833,2804,1270,4074,13963,1430,15393,20701
20212022,056,JEFFERSON,275,Jefferson County,055,Bates Elementary,275055,056275055,210299000650,"",909,A1,562,2429,1253,3682,12091,1280,13371,18761
20212022,056,JEFFERSON,275,Jefferson County,057,Fairdale High,275057,056275057,210299000651,"",909,A1,1352,2101,1406,3507,11677,1383,13060,17817
20212022,056,JEFFERSON,275,Jefferson County,059,Kenwood Elementary,275059,056275059,210299000653,"",909,A1,576,2670,1450,4120,12170,1473,13643,19147
20212022,056,JEFFERSON,275,Jefferson County,060,Coral Ridge Elementary,275060,056275060,210299000654,"",909,A1,526,2680,1228,3908,14335,1336,15671,19389
20212022,056,JEFFERSON,275,Jefferson County,061,Goldsmith Elementary,275061,056275061,210299000655,"",909,A1,593,2281,1469,3750,9865,1501,11366,20127
20212022,056,JEFFERSON,275,Jefferson County,063,Schaffner Traditional Elementary,275063,056275063,210299001587,"",909,A1,587,2198,1390,3588,11679,1377,13056,16278
20212022,056,JEFFERSON,275,Jefferson County,064,St Matthews Elementary,275064,056275064,210299000658,"",909,A1,555,2395,1148,3543,22134,1328,23462,18728
20212022,056,JEFFERSON,275,Jefferson County,065,Jeffersontown High,275065,056275065,210299000659,"",909,A1,913,2535,1235,3770,6661,1400,8061,20191
20212022,056,JEFFERSON,275,Jefferson County,066,Wilkerson Elementary School,275066,056275066,210299000660,"",909,A1,418,2805,1228,4033,14132,1342,15474,18726
20212022,056,JEFFERSON,275,Jefferson County,067,Wilder Elementary,275067,056275067,210299000661,"",909,A1,550,2263,1371,3634,8706,1354,10060,18492
20212022,056,JEFFERSON,275,Jefferson County,069,Watson Lane Elementary,275069,056275069,210299000663,"",909,A1,204,4493,1284,5777,11916,1395,13311,23323
20212022,056,JEFFERSON,275,Jefferson County,070,DuValle Education Center,275070,056275070,210299001777,"",909,A4,0,,,,,,,
20212022,056,JEFFERSON,275,Jefferson County,071,Stonestreet Elementary,275071,056275071,210299000665,"",909,A1,436,2892,1260,4152,12692,1376,14068,19555
20212022,056,JEFFERSON,275,Jefferson County,072,Watterson Elementary,275072,056275072,210299000666,"",909,A1,494,2455,1197,3652,12056,1353,13409,18364
20212022,056,JEFFERSON,275,Jefferson County,073,Seneca High,275073,056275073,210299000667,"",909,A1,1227,2775,1424,4199,12453,1360,13813,19327
20212022,056,JEFFERSON,275,Jefferson County,075,Pleasure Ridge Park High,275075,056275075,210299000668,"",909,A1,1522,2180,1240,3420,11377,1325,12702,17318
20212022,056,JEFFERSON,275,Jefferson County,076,Indian Trail Elementary,275076,056275076,210299000669,"",909,A1,514,2958,1193,4151,12193,1209,13402,18852
20212022,056,JEFFERSON,275,Jefferson County,077,Westport Middle,275077,056275077,210299000670,"",909,A1,1171,2389,1157,3546,12831,1353,14184,19287
20212022,056,JEFFERSON,275,Jefferson County,078,Zachary Taylor Elementary,275078,056275078,210299000671,"",909,A1,313,3450,1198,4648,15526,1380,16906,22956
20212022,056,JEFFERSON,275,Jefferson County,079,Kerrick Elementary,275079,056275079,210299000672,"",909,A1,402,2316,1251,3567,11426,1346,12772,18299
20212022,056,JEFFERSON,275,Jefferson County,081,Rangeland Elementary,275081,056275081,210299000674,"",909,A1,410,3121,1261,4382,12962,1230,14192,19920
20212022,056,JEFFERSON,275,Jefferson County,082,Dixie Elementary,275082,056275082,210299000675,"",909,A1,294,4063,1250,5313,14012,1433,15445,22213
20212022,056,JEFFERSON,275,Jefferson County,083,Cochrane Elementary,275083,056275083,210299000676,"",909,A1,440,3287,1279,4566,12195,1273,13468,19353
20212022,056,JEFFERSON,275,Jefferson County,084,Western High,275084,056275084,210299000677,"",909,A1,802,3348,1248,4596,13737,1374,15111,20991
20212022,056,JEFFERSON,275,Jefferson County,085,Robert Frost Sixth-Grade Academy,275085,056275085,210299000678,"",909,A1,380,3013,1275,4288,14622,1578,16200,21832
20212022,056,JEFFERSON,275,Jefferson County,086,Sanders Elementary,275086,056275086,210299000679,"",909,A1,393,3227,1213,4440,11403,1307,12710,18290
20212022,056,JEFFERSON,275,Jefferson County,087,Smyrna Elementary School,275087,056275087,210299000680,"",909,A1,449,3350,1432,4782,10556,1336,11892,17997
20212022,056,JEFFERSON,275,Jefferson County,090,Thomas Jefferson Middle,275090,056275090,210299000682,"",909,A1,966,3291,1164,4455,11245,1274,12519,18254
20212022,056,JEFFERSON,275,Jefferson County,091,Blue Lick Elementary,275091,056275091,210299000683,"",909,A1,424,3515,1197,4712,11269,1270,12539,18633
20212022,056,JEFFERSON,275,Jefferson County,092,Crums Lane Elementary,275092,056275092,210299000684,"",909,A1,399,2961,1701,4662,13562,1416,14978,20966
20212022,056,JEFFERSON,275,Jefferson County,094,Bowen Elementary,275094,056275094,210299000685,"",909,A1,690,2542,1424,3966,12296,1330,13626,18731
20212022,056,JEFFERSON,275,Jefferson County,095,Hite Elementary,275095,056275095,210299000686,"",909,A1,447,2970,1265,4235,11432,1283,12715,18090
20212022,056,JEFFERSON,275,Jefferson County,096,Norton Elementary,275096,056275096,210299000687,"",909,A1,725,2047,1336,3383,11712,1313,13025,17548
20212022,056,JEFFERSON,275,Jefferson County,097,Shacklette Elementary,275097,056275097,210299000688,"",909,A1,294,4484,1269,5753,13289,1421,14710,21814
20212022,056,JEFFERSON,275,Jefferson County,099,Minors Lane Elementary,275099,056275099,210299000690,"",909,A1,299,3565,1607,5172,16237,1398,17635,24167
20212022,056,JEFFERSON,275,Jefferson County,100,Doss High,275100,056275100,210299000691,"",909,A1,966,3189,1336,4525,12999,1460,14459,21088
20212022,056,JEFFERSON,275,Jefferson County,102,Chancey Elementary,275102,056275102,210299001959,"",909,A1,548,2589,1208,3797,11874,1307,13181,18302
20212022,056,JEFFERSON,275,Jefferson County,103,Slaughter Elementary,275103,056275103,210299000693,"",909,A1,414,2942,1634,4576,15755,1426,17181,23095
20212022,056,JEFFERSON,275,Jefferson County,104,Trunnell Elementary,275104,056275104,210299000694,"",909,A1,429,2935,1215,4150,12037,1284,13321,18874
20212022,056,JEFFERSON,275,Jefferson County,105,Ballard High,275105,056275105,210299000695,"",909,A1,1977,1792,1278,3070,10229,1468,11697,16270
20212022,056,JEFFERSON,275,Jefferson County,106,Johnsontown Road Elementary,275106,056275106,210299000696,"",909,A1,263,3506,1285,4791,15959,1577,17536,23467
20212022,056,JEFFERSON,275,Jefferson County,107,Luhr Elementary,275107,056275107,210299000697,"",909,A1,506,2840,1277,4117,12735,1297,14032,19472
20212022,056,JEFFERSON,275,Jefferson County,109,Wheeler Elementary,275109,056275109,210299000699,"",909,A1,633,2207,1193,3400,11367,1353,12720,17261
20212022,056,JEFFERSON,275,Jefferson County,110,Western Day Treatment,275110,056275110,210299001857,"",909,A6,16,,,,,,,
20212022,056,JEFFERSON,275,Jefferson County,115,Gutermuth Elementary,275115,056275115,210299000700,"",909,A1,374,2948,1572,4520,13830,1374,15204,21887
20212022,056,JEFFERSON,275,Jefferson County,116,Wellington Elementary,275116,056275116,210299000701,"",909,A1,387,3283,1437,4720,13809,1313,15122,21266
20212022,056,JEFFERSON,275,Jefferson County,117,Wilt Elementary,275117,056275117,210299000702,"",909,A1,461,2826,1414,4240,11584,1392,12976,18370
20212022,056,JEFFERSON,275,Jefferson County,119,Crosby Middle,275119,056275119,210299000703,"",909,A1,990,1863,1309,3172,10812,1281,12093,16494
20212022,056,JEFFERSON,275,Jefferson County,121,Hartstern Elementary,275121,056275121,210299000704,"",909,A1,446,3460,1281,4741,12525,1300,13825,19909
20212022,056,JEFFERSON,275,Jefferson County,124,U of L PACT Program,275124,056275124,210299001935,"",909,A3,20,,,,,,,
20212022,056,JEFFERSON,275,Jefferson County,126,Layne Elementary,275126,056275126,210299000706,"",909,A1,380,2553,1397,3950,11870,1316,13186,18594
20212022,056,JEFFERSON,275,Jefferson County,127,Auburndale Elementary,275127,056275127,210299000707,"",909,A1,568,2778,1383,4161,10957,1408,12365,17826
20212022,056,JEFFERSON,275,Jefferson County,128,Price Elementary,275128,056275128,210299000708,"",909,A1,420,3109,1576,4685,15388,1351,16739,22564
20212022,056,JEFFERSON,275,Jefferson County,129,Breckinridge Metropolitan High,275129,056275129,210299001965,"",909,A5,112,,,,,,,
20212022,056,JEFFERSON,275,Jefferson County,131,Eisenhower Elementary,275131,056275131,210299000710,"",909,A1,578,2329,1377,3706,10827,1321,12148,16994
20212022,056,JEFFERSON,275,Jefferson County,133,Lassiter Middle,275133,056275133,210299000711,"",909,A1,951,2786,1209,3995,10748,1290,12038,17271
20212022,056,JEFFERSON,275,Jefferson County,134,Klondike Lane Elementary,275134,056275134,210299000712,"",909,A1,433,2686,1422,4108,11996,1286,13282,18530
20212022,056,JEFFERSON,275,Jefferson County,138,Louisville Day,275138,056275138,210299000713,"",909,A6,8,,,,,,,
20212022,056,JEFFERSON,275,Jefferson County,144,Stuart Academy,275144,056275144,210299001427,"",909,A1,797,3407,1207,4614,12121,1543,13664,19623
20212022,056,JEFFERSON,275,Jefferson County,145,Laukhuf Elementary,275145,056275145,210299000716,"",909,A1,561,3092,1207,4299,10552,1292,11844,17300
20212022,056,JEFFERSON,275,Jefferson County,146,Lowe Elementary,275146,056275146,210299000717,"",909,A1,560,2362,1328,3690,11796,1347,13143,17992
20212022,056,JEFFERSON,275,Jefferson County,147,Mill Creek Elementary,275147,056275147,210299000718,"",909,A1,444,3435,1237,4672,10999,1281,12280,26003
20212022,056,JEFFERSON,275,Jefferson County,149,Blake Elementary,275149,056275149,210299000719,"",909,A1,465,3241,1270,4511,10557,1512,12069,17894
20212022,056,JEFFERSON,275,Jefferson County,155,Marion C. Moore School,275155,056275155,210299002026,"",909,A1,2330,2472,1306,3778,10586,1259,11845,16788
20212022,056,JEFFERSON,275,Jefferson County,156,Dunn Elementary,275156,056275156,210299000722,"",909,A1,481,2111,1292,3403,12079,1505,13584,18127
20212022,056,JEFFERSON,275,Jefferson County,162,Kammerer Middle,275162,056275162,210299000724,"",909,A1,791,2255,1256,3511,11847,1303,13150,17924
20212022,056,JEFFERSON,275,Jefferson County,163,Knight Middle,275163,056275163,210299000725,"",909,A1,428,2700,1662,4362,12695,1325,14020,19522
20212022,056,JEFFERSON,275,Jefferson County,164,Conway Middle,275164,056275164,210299000726,"",909,A1,767,3477,1139,4616,11012,1344,12356,18204
20212022,056,JEFFERSON,275,Jefferson County,165,J. Graham Brown School,275165,056275165,210299002027,"",909,A1,731,1894,1398,3292,12859,1512,14371,39473
20212022,056,JEFFERSON,275,Jefferson County,166,Jeffersontown Elementary,275166,056275166,210299000727,"",909,A1,673,2421,1293,3714,11915,1348,13263,18319
20212022,056,JEFFERSON,275,Jefferson County,167,Carrithers Middle,275167,056275167,210299000728,"",909,A1,609,2900,1170,4070,11259,1340,12599,18355
20212022,056,JEFFERSON,275,Jefferson County,175,Alex R. Kennedy Elementary,275175,056275175,210299002421,"",909,A1,281,3976,1237,5213,12231,1445,13676,20029
20212022,056,JEFFERSON,275,Jefferson County,179,Central High Magnet Career Academy,275179,056275179,210299000730,"",909,A1,1231,2557,1260,3817,11688,1360,13048,22860
20212022,056,JEFFERSON,275,Jefferson County,182,Wheatley Elementary,275182,056275182,210299000731,"",909,A1,320,3930,1633,5563,19220,1537,20757,27848
20212022,056,JEFFERSON,275,Jefferson County,183,Binet School,275183,056275183,210299000732,"",909,A3,47,,,,,,,
20212022,056,JEFFERSON,275,Jefferson County,185,Atkinson Academy,275185,056275185,210299000733,"",909,A1,337,4074,1493,5567,17522,1383,18905,25884
20212022,056,JEFFERSON,275,Jefferson County,186,Newcomer Academy,275186,056275186,210299002180,"",909,A5,970,,,,,,,
20212022,056,JEFFERSON,275,Jefferson County,191,W.E.B. DuBois Academy,275191,056275191,210299002458,"",909,A5,532,,,,,,,
20212022,056,JEFFERSON,275,Jefferson County,193,Mary Jo and William MacDonald Maryhurst,275193,056275193,210299001492,"",909,A6,64,,,,,,,
20212022,056,JEFFERSON,275,Jefferson County,200,duPont Manual High,275200,056275200,210299000734,"",909,A1,1903,1832,1380,3212,10018,1430,11448,16028
20212022,056,JEFFERSON,275,Jefferson County,201,The Phoenix School of Discovery,275201,056275201,210299002121,"",909,A5,374,,,,,,,
20212022,056,JEFFERSON,275,Jefferson County,202,Minor Daniels Academy,275202,056275202,210299002412,"",909,A5,210,,,,,,,
20212022,056,JEFFERSON,275,Jefferson County,211,Stopher Elementary,275211,056275211,210299002197,"",909,A1,730,2287,1352,3639,10948,1393,12341,17120
20212022,056,JEFFERSON,275,Jefferson County,212,Farmer Elementary,275212,056275212,210299002187,"",909,A1,716,2191,1390,3581,11450,1308,12758,17479
20212022,056,JEFFERSON,275,Jefferson County,219,Ramsey Middle,275219,056275219,210299002190,"",909,A1,989,2433,1458,3891,10249,1441,11690,16789
20212022,056,JEFFERSON,275,Jefferson County,220,Bellewood,275220,056275220,210299002394,"",909,A6,34,,,,,,,
20212022,056,JEFFERSON,275,Jefferson County,221,Brooklawn,275221,056275221,210299002399,"",909,A6,85,,,,,,,
20212022,056,JEFFERSON,275,Jefferson County,222,Westport Early Childhood Center,275222,056275222,210299002499,"",909,A4,0,,,,,,,
20212022,056,JEFFERSON,275,Jefferson County,225,Bloom Elementary,275225,056275225,210299000737,"",909,A1,508,2156,1294,3450,12123,1636,13759,18348
20212022,056,JEFFERSON,275,Jefferson County,240,Engelhard Elementary,275240,056275240,210299000739,"",909,A1,258,4332,1398,5730,19744,1517,21261,29780
20212022,056,JEFFERSON,275,Jefferson County,243,Byck Elementary,275243,056275243,210299000740,"",909,A1,315,3566,1399,4965,15727,1344,17071,23465
20212022,056,JEFFERSON,275,Jefferson County,250,Field Elementary,275250,056275250,210299000741,"",909,A1,387,2481,1284,3765,14681,1405,16086,21249
20212022,056,JEFFERSON,275,Jefferson County,260,Brandeis Elementary,275260,056275260,210299000742,"",909,A1,448,2130,1210,3340,12664,1480,14144,18835
20212022,056,JEFFERSON,275,Jefferson County,270,Foster Traditional Academy,275270,056275270,210299000745,"",909,A1,579,2917,1269,4186,10560,1287,11847,17326
20212022,056,JEFFERSON,275,Jefferson County,290,Frayser Elementary,275290,056275290,210299000747,"",909,A1,294,3771,1385,5156,17782,1364,19146,25750
20212022,056,JEFFERSON,275,Jefferson County,300,Hazelwood Elementary,275300,056275300,210299000748,"",909,A1,367,3999,1436,5435,11999,1341,13340,32051
20212022,056,JEFFERSON,275,Jefferson County,320,Highland Middle,275320,056275320,210299000750,"",909,A1,815,2481,1260,3741,10843,1321,12164,17342
20212022,056,JEFFERSON,275,Jefferson County,323,Cochran Elementary,275323,056275323,210299000751,"",909,A1,314,3622,1316,4938,13872,1506,15378,21455
20212022,056,JEFFERSON,275,Jefferson County,325,Jacob Elementary,275325,056275325,210299000752,"",909,A1,419,3712,1309,5021,13295,1314,14609,21014
20212022,056,JEFFERSON,275,Jefferson County,335,Iroquois High,275335,056275335,210299000753,"",909,A1,1055,3110,1279,4389,14099,1308,15407,21191
20212022,056,JEFFERSON,275,Jefferson County,340,Meyzeek Middle,275340,056275340,210299000754,"",909,A1,979,2128,1217,3345,10005,1348,11353,16099
20212022,056,JEFFERSON,275,Jefferson County,371,Norton Commons Elementary,275371,056275371,210299002430,"",909,A1,533,2641,1256,3897,10870,1413,12283,17463
20212022,056,JEFFERSON,275,Jefferson County,374,Young Elementary,275374,056275374,210299000757,"",909,A1,212,3945,1845,5790,20146,1662,21808,29119
20212022,056,JEFFERSON,275,Jefferson County,396,Jefferson County Traditional Middle,275396,056275396,210299000760,"",909,A1,871,1854,1135,2989,11070,1393,12463,17019
20212022,056,JEFFERSON,275,Jefferson County,432,King Elementary,275432,056275432,210299000762,"",909,A1,299,3711,1634,5345,15365,1419,16784,23579
20212022,056,JEFFERSON,275,Jefferson County,435,Noe Middle,275435,056275435,210299000763,"",909,A1,1289,1859,1197,3056,10581,1303,11884,16144
20212022,056,JEFFERSON,275,Jefferson County,440,Mcferran Preparatory Academy,275440,056275440,210299000764,"",909,A1,616,2584,1161,3745,10361,1247,11608,16508
20212022,056,JEFFERSON,275,Jefferson County,456,Ackerly,275456,056275456,210299001859,"",909,A6,18,,,,,,,
20212022,056,JEFFERSON,275,Jefferson County,458,Mary Ryan Academy,275458,056275458,210299001860,"",909,A3,23,,,,,,,
20212022,056,JEFFERSON,275,Jefferson County,463,Jefferson Regional Juvenile Detention Ce,275463,056275463,210299001082,"",909,A6,7,,,,,,,
20212022,056,JEFFERSON,275,Jefferson County,465,Heuser Hearing & Language Academy,275465,056275465,210299001941,"",909,A3,8,,,,,,,
20212022,056,JEFFERSON,275,Jefferson County,470,Johnson Traditional Middle,275470,056275470,210299000769,"",909,A1,786,2595,1181,3776,9710,1344,11054,16094
20212022,056,JEFFERSON,275,Jefferson County,480,Maupin Elementary,275480,056275480,210299000770,"",909,A1,245,5401,1500,6901,15913,1330,17243,25323
20212022,056,JEFFERSON,275,Jefferson County,500,Portland Elementary,275500,056275500,210299000771,"",909,A1,232,3957,1179,5136,16377,1641,18018,24319
20212022,056,JEFFERSON,275,Jefferson County,520,Lincoln Elementary Performing Arts,275520,056275520,210299000772,"",909,A1,552,2306,1142,3448,12651,1360,14011,19221
20212022,056,JEFFERSON,275,Jefferson County,560,Rutherford Elementary,275560,056275560,210299000775,"",909,A1,438,3400,1171,4571,10721,1465,12186,18531
20212022,056,JEFFERSON,275,Jefferson County,580,Semple Elementary,275580,056275580,210299000776,"",909,A1,561,2835,1143,3978,12118,1348,13466,18767
20212022,056,JEFFERSON,275,Jefferson County,590,The Academy @ Shawnee,275590,056275590,210299000777,"",909,A1,460,3730,1325,5055,19077,1526,20603,40401
20212022,056,JEFFERSON,275,Jefferson County,610,Shelby Traditional Academy,275610,056275610,210299000780,"",909,A1,508,3396,1368,4764,12605,1428,14033,20110
20212022,056,JEFFERSON,275,Jefferson County,620,Frederick Law Olmsted Academy North,275620,056275620,210299000781,"",909,A1,528,3295,1385,4680,13200,1409,14609,20552
20212022,056,JEFFERSON,275,Jefferson County,660,Coleridge-Taylor Montessori Elementary,275660,056275660,210299000783,"",909,A1,406,2936,1186,4122,11982,1291,13273,18695
20212022,056,JEFFERSON,275,Jefferson County,680,Carter Traditional Elementary,275680,056275680,210299000784,"",909,A1,536,2310,1352,3662,12105,1277,13382,18432
20212022,056,JEFFERSON,275,Jefferson County,710,Western Middle School for the Arts,275710,056275710,210299000785,"",909,A1,681,2099,1160,3259,12336,1419,13755,30049
20212022,056,JEFFERSON,275,Jefferson County,720,Kennedy Montessori Elementary,275720,056275720,210299000786,"",909,A1,455,3305,1293,4598,11624,1240,12864,18602
20212022,056,JEFFERSON,275,Jefferson County,730,Frederick Law Olmsted Academy South,275730,056275730,210299001425,"",909,A1,611,2758,1365,4123,14344,1364,15708,21106
20212022,056,JEFFERSON,275,Jefferson County,768,Home of the Innocents Discovery,275768,056275768,210299001943,"",909,A6,29,,,,,,,
20212022,056,JEFFERSON,275,Jefferson County,769,Home of the Innocents School,275769,056275769,210299001946,"",909,A6,45,,,,,,,
20212022,056,JEFFERSON,275,Jefferson County,784,Peace Academy,275784,056275784,210299001613,"",909,A6,141,,,,,,,
20212022,056,JEFFERSON,275,Jefferson County,800,Grace M. James Academy of Excellence,275800,056275800,210299002507,"",909,A5,242,,,,,,,
20212022,056,JEFFERSON,275,Jefferson County,917,Churchill Park School,275917,056275917,210299000789,"",909,A3,85,,,,,,,
20212022,056,JEFFERSON,275,Jefferson County,919,George Unseld Early Childhood Center,275919,056275919,210299002376,"",909,A4,0,,,,,,,
20212022,056,JEFFERSON,275,Jefferson County,920,Ahrens Educational Resource Center,275920,056275920,210299001447,"",909,A3,31,,,,,,,
20212022,056,JEFFERSON,275,Jefferson County,951,Pathfinder School of Innovation,275951,056275951,210299001947,"",909,A5,3424,,,,,,,
20212022,067,LETCHER,276,Jenkins Independent,"",---District Total---,276,"","",KVEC,904,"",434,2200,1099,3299,8010,3196,11206,15730
20212022,067,LETCHER,276,Jenkins Independent,011,Jenkins Independent School,276011,067276011,210300001642,KVEC,904,A1,434,2200,1099,3299,8010,3196,11206,15730
20212022,057,JESSAMINE,281,Jessamine County,"",---District Total---,281,"","",CKEC,901,"",7913,1401,444,1846,10040,1564,11604,16324
20212022,057,JESSAMINE,281,Jessamine County,018,Hattie C. Warner Elementary School,281018,057281018,210303000795,CKEC,901,A1,498,2185,441,2626,11337,1786,13123,16065
20212022,057,JESSAMINE,281,Jessamine County,019,West Jessamine High School,281019,057281019,210303001640,CKEC,901,A1,1242,1120,456,1575,15251,2804,18055,20891
20212022,057,JESSAMINE,281,Jessamine County,021,East Jessamine High School,281021,057281021,210303001641,CKEC,901,A1,1099,1223,469,1693,16576,2979,19555,22422
20212022,057,JESSAMINE,281,Jessamine County,022,Jessamine Early Learning Village,281022,057281022,210303001899,CKEC,901,A1,605,1949,524,2472,16427,2456,18883,21677
20212022,057,JESSAMINE,281,Jessamine County,023,The Providence School,281023,057281023,210303001900,CKEC,901,A5,170,,,,,,,
20212022,057,JESSAMINE,281,Jessamine County,024,Jessamine Career and Technology Center,281024,057281024,210303002028,CKEC,901,A2,0,,,,,,,
20212022,057,JESSAMINE,281,Jessamine County,025,East Jessamine Middle School,281025,057281025,210303000797,CKEC,901,A1,932,1164,410,1574,9487,1801,11288,14141
20212022,057,JESSAMINE,281,Jessamine County,026,West Jessamine Middle School,281026,057281026,210303001110,CKEC,901,A1,897,1039,425,1463,9891,1821,11712,14603
20212022,057,JESSAMINE,281,Jessamine County,030,Ashgrove Academy,281030,057281030,210303002442,CKEC,901,A6,11,,,,,,,
20212022,057,JESSAMINE,281,Jessamine County,040,Red Oak Elementary School,281040,057281040,210303002388,CKEC,901,A1,529,1429,469,1892,11180,1856,13035,15954
20212022,057,JESSAMINE,281,Jessamine County,050,Nicholasville Elementary School,281050,057281050,210303000798,CKEC,901,A1,447,2002,508,2510,12164,1911,14075,16997
20212022,057,JESSAMINE,281,Jessamine County,060,Rosenwald Dunbar Elementary School,281060,057281060,210303000092,CKEC,901,A1,524,1556,474,2029,11156,1464,12620,15535
20212022,057,JESSAMINE,281,Jessamine County,070,Brookside Elementary School,281070,057281070,210303001429,CKEC,901,A1,499,1783,474,2253,11150,1881,13031,15916
20212022,057,JESSAMINE,281,Jessamine County,090,Wilmore Elementary School,281090,057281090,210303000799,CKEC,901,A1,460,1792,514,2310,11049,1992,13041,15943
20212022,058,JOHNSON,285,Johnson County,"",---District Total---,285,"","",KEDC,903,"",3237,1956,1347,3303,9133,2076,11208,17332
20212022,058,JOHNSON,285,Johnson County,050,Johnson County Eagle Academy,285050,058285050,210306001615,KEDC,903,A5,410,,,,,,,
20212022,058,JOHNSON,285,Johnson County,060,Johnson County Middle School,285060,058285060,210306000800,KEDC,903,A1,425,2275,1061,3336,10321,2315,12635,17961
20212022,058,JOHNSON,285,Johnson County,075,Central Elementary School,285075,058285075,210306000692,KEDC,903,A1,297,2103,992,3095,11192,2101,13294,18427
20212022,058,JOHNSON,285,Johnson County,100,Flat Gap Elementary School,285100,058285100,210306000801,KEDC,903,A1,165,3224,1241,4465,13064,2472,15536,22131
20212022,058,JOHNSON,285,Johnson County,115,Johnson Central High School,285115,058285115,210306000802,KEDC,903,A1,855,1505,1103,2608,11015,3506,14522,20691
20212022,058,JOHNSON,285,Johnson County,250,Porter Elementary School,285250,058285250,210306000803,KEDC,903,A1,363,2426,1017,3443,7885,2074,9959,15363
20212022,058,JOHNSON,285,Johnson County,320,W R Castle Memorial Elementary School,285320,058285320,210306000805,KEDC,903,A1,372,2231,956,3188,8832,2033,10866,19683
20212022,058,JOHNSON,285,Johnson County,340,Highland Elementary School,285340,058285340,210306000806,KEDC,903,A1,350,2874,946,3819,9253,2331,11586,17470
20212022,059,KENTON,291,Kenton County,"",---District Total---,291,"","",NKCES,905,"",13722,519,357,877,9118,1476,10593,15292
20212022,059,KENTON,291,Kenton County,005,Beechgrove Elementary School,291005,059291005,210309000807,NKCES,905,A1,631,635,371,1006,10116,1274,11390,19820
20212022,059,KENTON,291,Kenton County,006,River Ridge Elementary School,291006,059291006,210309001512,NKCES,905,A1,854,478,437,915,9457,1395,10851,13510
20212022,059,KENTON,291,Kenton County,020,James A Caywood Elementary School,291020,059291020,210309000809,NKCES,905,A1,512,739,348,1087,9531,1255,10786,13658
20212022,059,KENTON,291,Kenton County,040,Dixie Heights High School,291040,059291040,210309000811,NKCES,905,A1,1530,248,316,564,7975,1703,9678,11963
20212022,059,KENTON,291,Kenton County,045,R C Hinsdale Elementary School,291045,059291045,210309000812,NKCES,905,A1,545,579,298,877,8686,1424,10111,15791
20212022,059,KENTON,291,Kenton County,050,Kenton Elementary School,291050,059291050,210309000813,NKCES,905,A1,582,631,389,1020,9154,1277,10431,13197
20212022,059,KENTON,291,Kenton County,055,Northern Ky Youth Dev Center,291055,059291055,210309000814,NKCES,905,A6,8,,,,,,,
20212022,059,KENTON,291,Kenton County,060,Ft Wright Elementary School,291060,059291060,210309000815,NKCES,905,A1,439,1058,403,1461,10682,1557,12239,15478
20212022,059,KENTON,291,Kenton County,070,Piner Elementary School,291070,059291070,210309000816,NKCES,905,A1,290,719,438,1157,10022,1476,11498,33094
20212022,059,KENTON,291,Kenton County,080,Ryland Heights Elementary School,291080,059291080,210309000817,NKCES,905,A1,437,721,369,1091,10163,1428,11591,20714
20212022,059,KENTON,291,Kenton County,090,Simon Kenton High School,291090,059291090,210309000818,NKCES,905,A1,1850,394,323,717,8139,1635,9774,12214
20212022,059,KENTON,291,Kenton County,100,Taylor Mill Elementary School,291100,059291100,210309000819,NKCES,905,A1,465,667,365,1033,9447,1405,10853,13679
20212022,059,KENTON,291,Kenton County,103,Turkey Foot Middle School,291103,059291103,210309000820,NKCES,905,A1,1044,321,297,618,8205,1149,9354,11712
20212022,059,KENTON,291,Kenton County,105,Twenhofel Middle School,291105,059291105,210309000821,NKCES,905,A1,835,731,322,1052,7732,1396,9128,11923
20212022,059,KENTON,291,Kenton County,108,Woodland Middle School,291108,059291108,210309001588,NKCES,905,A1,629,362,295,657,9225,1345,10570,12991
20212022,059,KENTON,291,Kenton County,120,Scott High School,291120,059291120,210309000823,NKCES,905,A1,1081,371,319,689,8908,1695,10602,21800
20212022,059,KENTON,291,Kenton County,475,Summit View Academy,291475,059291475,210309002420,NKCES,905,A1,1384,448,339,787,8798,1282,10081,12602
20212022,059,KENTON,291,Kenton County,495,White's Tower Elementary School,291495,059291495,210309000824,NKCES,905,A1,606,606,352,958,8843,1143,9987,19359
20212022,060,KNOTT,295,Knott County,"",---District Total---,295,"","",KVEC,904,"",2023,2698,1707,4405,9596,3022,12618,18318
20212022,060,KNOTT,295,Knott County,035,Beaver Creek Elementary School,295035,060295035,210312000826,KVEC,904,A1,200,2160,1646,3806,10110,2904,13015,16821
20212022,060,KNOTT,295,Knott County,100,Carr Creek Elementary School,295100,060295100,210312000830,KVEC,904,A1,354,1757,1598,3355,10550,2556,13106,16461
20212022,060,KNOTT,295,Knott County,150,Cordia School,295150,060295150,210312002233,KVEC,904,A1,187,2859,1681,4540,9046,2691,11737,16277
20212022,060,KNOTT,295,Knott County,210,Emmalena Elementary School,295210,060295210,210312000834,KVEC,904,A1,188,2902,1764,4667,8640,2266,10906,15572
20212022,060,KNOTT,295,Knott County,230,Hindman Elementary School,295230,060295230,210312000835,KVEC,904,A1,430,2525,1602,4126,8530,2198,10731,14858
20212022,060,KNOTT,295,Knott County,255,Jones Fork Elementary School,295255,060295255,210312000836,KVEC,904,A1,147,2196,1724,3919,8584,2898,11481,15401
20212022,060,KNOTT,295,Knott County,265,Knott County Central High School,295265,060295265,210312000837,KVEC,904,A1,517,3337,1641,4978,9198,3980,13178,18157
20212022,061,KNOX,301,Knox County,"",---District Total---,301,"","",SESC,907,"",3809,2582,1129,3711,9991,2118,12109,17490
20212022,061,KNOX,301,Knox County,022,Knox Appalachian School,301022,061301022,210315001997,SESC,907,A6,47,,,,,,,
20212022,061,KNOX,301,Knox County,023,Knox County Middle School,301023,061301023,210315002029,SESC,907,A1,404,2069,912,2981,10557,2309,12867,16030
20212022,061,KNOX,301,Knox County,071,Central Elementary School,301071,061301071,210315002235,SESC,907,A1,363,2772,1016,3788,9522,1595,11117,15089
20212022,061,KNOX,301,Knox County,140,Knox County Day Treatment,301140,061301140,210315002357,SESC,907,A6,29,,,,,,,
20212022,061,KNOX,301,Knox County,150,Knox County Learning Academy,301150,061301150,210315000709,SESC,907,A5,71,,,,,,,
20212022,061,KNOX,301,Knox County,155,Knox Inspire Academy,301155,061301155,210315002449,SESC,907,A5,242,,,,,,,
20212022,061,KNOX,301,Knox County,170,Dewitt Elementary School,301170,061301170,210315000842,SESC,907,A1,111,3943,1643,5589,12222,2516,14738,21002
20212022,061,KNOX,301,Knox County,240,Flat Lick Elementary School,301240,061301240,210315000843,SESC,907,A1,169,2752,1099,3852,10314,1932,12246,16119
20212022,061,KNOX,301,Knox County,260,Girdler Elementary School,301260,061301260,210315000844,SESC,907,A1,270,3085,1509,4595,9683,1955,11638,16463
20212022,061,KNOX,301,Knox County,320,G R Hampton Elementary School,301320,061301320,210315000846,SESC,907,A1,210,2460,1070,3531,10552,1637,12189,15967
20212022,061,KNOX,301,Knox County,410,Knox Central High School,301410,061301410,210315000847,SESC,907,A1,680,2352,1089,3440,9475,2942,12417,15979
20212022,061,KNOX,301,Knox County,430,Jesse D Lay Elementary School,301430,061301430,210315000848,SESC,907,A1,296,2659,1026,3685,9597,1511,11109,14984
20212022,061,KNOX,301,Knox County,450,Lynn Camp Schools,301450,061301450,210315000850,SESC,907,A1,917,2702,1101,3803,9283,2028,11311,15207
20212022,062,LARUE,305,LaRue County,"",---District Total---,305,"","",GRREC,902,"",2307,792,623,1415,9218,1518,10736,13264
20212022,062,LARUE,305,LaRue County,005,Preschool on College Street,305005,062305005,210318002512,GRREC,902,A4,0,,,,,,,
20212022,062,LARUE,305,LaRue County,015,Abraham Lincoln Elementary School,305015,062305015,210318002044,GRREC,902,A1,429,1068,550,1618,9851,1286,11137,13829
20212022,062,LARUE,305,LaRue County,030,Hodgenville Elementary School,305030,062305030,210318000852,GRREC,902,A1,552,1109,565,1674,9237,1292,10530,13318
20212022,062,LARUE,305,LaRue County,040,LaRue County High School,305040,062305040,210318000853,GRREC,902,A1,730,406,516,921,8711,1714,10425,12380
20212022,062,LARUE,305,LaRue County,045,LaRue County Middle School,305045,062305045,210318000854,GRREC,902,A1,556,456,634,1090,8410,1402,9813,11942
20212022,062,LARUE,305,LaRue County,100,The Life Connection,305100,062305100,210318002216,GRREC,902,A6,40,,,,,,,
20212022,063,LAUREL,311,Laurel County,"",---District Total---,311,"","",SESC,907,"",8399,829,815,1643,8474,1714,10188,13424
20212022,063,LAUREL,311,Laurel County,010,London Elementary School,311010,063311010,210321000856,SESC,907,A1,494,961,1341,2302,10397,2525,12922,28147
20212022,063,LAUREL,311,Laurel County,016,McDaniel Learning Center,311016,063311016,210321002224,SESC,907,A5,31,,,,,,,
20212022,063,LAUREL,311,Laurel County,018,Wyan-Pine Grove Elementary,311018,063311018,210321002030,SESC,907,A1,389,935,1245,2181,9627,2373,12001,26182
20212022,063,LAUREL,311,Laurel County,019,Laurel County Virtual Academy,311019,063311019,210321002436,SESC,907,A5,55,,,,,,,
20212022,063,LAUREL,311,Laurel County,030,Bush Elementary School,311030,063311030,210321000857,SESC,907,A1,455,430,1214,1644,9527,2697,12224,26091
20212022,063,LAUREL,311,Laurel County,040,South Laurel Middle School,311040,063311040,210321000858,SESC,907,A1,979,799,1188,1987,8688,1992,10680,23348
20212022,063,LAUREL,311,Laurel County,050,Laurel County Day Treatment,311050,063311050,210321001677,SESC,907,A6,94,,,,,,,
20212022,063,LAUREL,311,Laurel County,055,Camp Ground Elementary School,311055,063311055,210321000859,SESC,907,A1,287,725,1299,2024,9431,2456,11887,25798
20212022,063,LAUREL,311,Laurel County,060,Laurel Co Schools Center for Innovation,311060,063311060,210321002400,SESC,907,A2,0,,,,,,,
20212022,063,LAUREL,311,Laurel County,070,Colony Elementary School,311070,063311070,210321000860,SESC,907,A1,341,1166,1456,2622,8860,2782,11642,25906
20212022,063,LAUREL,311,Laurel County,130,Hazel Green Elementary School,311130,063311130,210321000862,SESC,907,A1,300,1169,1389,2558,9468,2517,11986,26528
20212022,063,LAUREL,311,Laurel County,165,Johnson Elementary School,311165,063311165,210321000863,SESC,907,A1,304,899,1295,2194,8799,2484,11283,24760
20212022,063,LAUREL,311,Laurel County,175,Hunter Hills Elementary School,311175,063311175,210321000715,SESC,907,A1,555,1427,1324,2751,10023,2411,12433,27618
20212022,063,LAUREL,311,Laurel County,180,Keavy Elementary School,311180,063311180,210321000864,SESC,907,A1,249,755,1551,2306,9176,2771,11948,26201
20212022,063,LAUREL,311,Laurel County,200,North Laurel Middle School,311200,063311200,210321001589,SESC,907,A1,1001,716,1183,1898,8728,2326,11055,24007
20212022,063,LAUREL,311,Laurel County,205,North Laurel High School,311205,063311205,210321000215,SESC,907,A1,1258,638,1128,1765,8406,2492,10897,23559
20212022,063,LAUREL,311,Laurel County,210,South Laurel High School,311210,063311210,210321000865,SESC,907,A1,1063,435,1144,1579,8123,2640,10763,23105
20212022,063,LAUREL,311,Laurel County,420,Sublimity Elementary School,311420,063311420,210321000869,SESC,907,A1,284,1208,1246,2454,10346,2473,12819,28093
20212022,063,LAUREL,311,Laurel County,430,Cold Hill Elementary School,311430,063311430,210321001483,SESC,907,A1,260,715,1189,1904,9059,2520,11579,25062
20212022,064,LAWRENCE,315,Lawrence County,"",---District Total---,315,"","",KEDC,903,"",2342,1657,2327,3984,9104,2149,11253,16146
20212022,064,LAWRENCE,315,Lawrence County,020,Louisa East Elementary School,315020,064315020,210324002079,KEDC,903,A1,507,2735,3411,6147,14718,3248,17966,25167
20212022,064,LAWRENCE,315,Lawrence County,021,Louisa West Elementary School,315021,064315021,210324002155,KEDC,903,A1,256,3642,3358,7000,16536,3615,20150,28060
20212022,064,LAWRENCE,315,Lawrence County,030,Blaine Elementary School,315030,064315030,210324000870,KEDC,903,A1,144,4684,2759,7443,18735,4034,22769,31433
20212022,064,LAWRENCE,315,Lawrence County,150,Fallsburg Elementary School,315150,064315150,210324000871,KEDC,903,A1,225,3282,2933,6215,17377,3701,21039,28362
20212022,064,LAWRENCE,315,Lawrence County,200,Louisa Middle School,315200,064315200,210324000872,KEDC,903,A1,480,2445,3168,5613,13969,3192,17161,23830
20212022,064,LAWRENCE,315,Lawrence County,260,Lawrence County High School,315260,064315260,210324000874,KEDC,903,A1,730,2686,3457,6142,14813,3484,18297,25757
20212022,065,LEE,321,Lee County,"",---District Total---,321,"","",KVEC,904,"",877,1937,652,2589,8410,2738,11147,15225
20212022,065,LEE,321,Lee County,060,Lee County Middle High School,321060,065321060,210327002434,KVEC,904,A1,434,2103.00,1041.00,3144.00,8439.00,3312.00,11752.00,16525.00
20212022,065,LEE,321,Lee County,100,Lee County Elementary School,321100,065321100,210327000216,KVEC,904,A1,443,1775.00,271.00,2046.00,8379.00,2176.00,10555.00,13950.00
20212022,066,LESLIE,325,Leslie County,"",---District Total---,325,"","",KVEC,904,"",1505,1735,904,2639,9708,2506,12214,21973
20212022,066,LESLIE,325,Leslie County,280,Hayes Lewis Elementary School,325280,066325280,210333000882,KVEC,904,A1,107,1673,958,2610,13789,3280,17317,26135
20212022,066,LESLIE,325,Leslie County,300,Mountain View Elementary,325300,066325300,210333000883,KVEC,904,A1,446,1770,867,2625,8287,1807,10197,19109
20212022,066,LESLIE,325,Leslie County,350,Leslie County High School,325350,066325350,210333000885,KVEC,904,A1,436,1210,973,2185,10425,929,11782,24925
20212022,066,LESLIE,325,Leslie County,420,W B Muncy Elementary School,325420,066325420,210333000886,KVEC,904,A1,205,2025,854,2844,9311,2278,11823,20823
20212022,066,LESLIE,325,Leslie County,570,Stinnett Elementary School,325570,066325570,210333000887,KVEC,904,A1,311,2389,944,3171,9632,1996,11804,21266
20212022,067,LETCHER,331,Letcher County,"",---District Total---,331,"","",KVEC,904,"",2632,1791,1155,2946,9976,2754,12730,16646
20212022,067,LETCHER,331,Letcher County,050,Letcher Elementary & Middle School,331050,067331050,"",KVEC,904,A1,392,1380,1037,2417,9446,2208,10904,14464
20212022,067,LETCHER,331,Letcher County,055,Letcher County Alternative Education Ctr,331055,067331055,210336002344,KVEC,904,A5,11,,,,,,,
20212022,067,LETCHER,331,Letcher County,056,Letcher County Central High School,331056,067331056,210336001998,KVEC,904,A1,803,1390,1095,2484,9828,2714,11839,15476
20212022,067,LETCHER,331,Letcher County,210,Arlie Boggs Elementary School,331210,067331210,210336000892,KVEC,904,A1,124,1879,1205,3083,11263,3352,13857,18277
20212022,067,LETCHER,331,Letcher County,250,Fleming Neon Middle School,331250,067331250,210336000894,KVEC,904,A1,170,1853,1139,2992,9382,2667,11381,15645
20212022,067,LETCHER,331,Letcher County,380,Cowan Elementary School,331380,067331380,210336000900,KVEC,904,A1,237,1874,1171,3045,10652,2400,12303,16387
20212022,067,LETCHER,331,Letcher County,425,Martha Jane Potter Elementary School,331425,067331425,210336000901,KVEC,904,A1,329,2035,1182,3216,8876,2269,10391,14805
20212022,067,LETCHER,331,Letcher County,650,West Whitesburg Elementary School,331650,067331650,210336000903,KVEC,904,A1,384,1917,1132,3049,9371,2002,10621,14885
20212022,067,LETCHER,331,Letcher County,710,Whitesburg Middle School,331710,067331710,210336000904,KVEC,904,A1,182,1950,1062,3016,9842,1623,10754,15059
20212022,068,LEWIS,335,Lewis County,"",---District Total---,335,"","",KEDC,903,"",1944,1368,649,2017,9470,1944,11414,23226
20212022,068,LEWIS,335,Lewis County,040,Garrison Elementary School,335040,068335040,210339000906,KEDC,903,A1,253,2005,605,2609,9789,1922,11714,23638
20212022,068,LEWIS,335,Lewis County,090,Laurel Elementary School,335090,068335090,210339000908,KEDC,903,A1,68,1740,1072,2812,12356,2469,14825,26953
20212022,068,LEWIS,335,Lewis County,095,Lewis County Central Elementary School,335095,068335095,210339000909,KEDC,903,A1,420,1336,494,1830,9342,1545,10924,22068
20212022,068,LEWIS,335,Lewis County,100,Lewis County Middle School,335100,068335100,210339001503,KEDC,903,A1,295,1554,575,2128,9025,1851,10876,22314
20212022,068,LEWIS,335,Lewis County,120,Lewis County High School,335120,068335120,210339000910,KEDC,903,A1,654,801,649,1451,8602,2051,10671,21435
20212022,068,LEWIS,335,Lewis County,140,Tollesboro Elementary School,335140,068335140,210339000911,KEDC,903,A1,254,1462,718,2180,9140,1763,10903,22397
20212022,068,LEWIS,335,Lewis County,970,Foster Meade Career & Technical Center,335970,068335970,210339002377,KEDC,903,A2,0,,,,,,,
20212022,069,LINCOLN,341,Lincoln County,"",---District Total---,341,"","",SESC,907,"",3184,3052,1006,4058,8134,2319,10453,16211
20212022,069,LINCOLN,341,Lincoln County,040,Crab Orchard Elementary School,341040,069341040,210348000914,SESC,907,A1,247,2388,805,3193,7899,2260,10159,14809
20212022,069,LINCOLN,341,Lincoln County,050,Highland Elementary School,341050,069341050,210348000915,SESC,907,A1,176,3066,784,3850,10018,2481,12498,17806
20212022,069,LINCOLN,341,Lincoln County,065,Lincoln County Middle School,341065,069341065,210348000478,SESC,907,A1,772,1541,730,2271,8180,2288,10468,14196
20212022,069,LINCOLN,341,Lincoln County,070,Hustonville Elementary School,341070,069341070,210348000916,SESC,907,A1,382,2156,710,2866,7834,2177,10010,14335
20212022,069,LINCOLN,341,Lincoln County,095,Lincoln County High School,341095,069341095,210348000918,SESC,907,A1,924,1419,856,2274,8235,2426,10661,14393
20212022,069,LINCOLN,341,Lincoln County,130,Stanford Elementary School,341130,069341130,210348000920,SESC,907,A1,502,3853,746,4599,4197,2261,6458,12517
20212022,069,LINCOLN,341,Lincoln County,150,Waynesburg Elementary School,341150,069341150,210348000921,SESC,907,A1,181,1286,1120,2406,12324,2418,14742,18606
20212022,070,LIVINGSTON,345,Livingston County,"",---District Total---,345,"","",WKEC,908,"",1021,1549,1700,3249,11236,2533,13769,18337
20212022,070,LIVINGSTON,345,Livingston County,020,North Livingston Elementary School,345020,070345020,210351001133,WKEC,908,A1,122,1469,562,3118,15623,3883,19508,23830
20212022,070,LIVINGSTON,345,Livingston County,021,South Livingston Elementary School,345021,070345021,210351001999,WKEC,908,A1,327,1334,1814,3148,11693,2272,13965,18316
20212022,070,LIVINGSTON,345,Livingston County,050,Livingston Central High School,345050,070345050,210351000924,WKEC,908,A1,324,1471,1774,3244,10769,2853,13622,18068
20212022,070,LIVINGSTON,345,Livingston County,065,Livingston County Middle School,345065,070345065,210351001484,WKEC,908,A1,248,1969,1479,3452,9091,1795,10866,15542
20212022,071,LOGAN,351,Logan County,"",---District Total---,351,"","",GRREC,902,"",3254,1557,820,2378,8459,1980,10439,14919
20212022,071,LOGAN,351,Logan County,011,Adairville Elementary School,351011,071351011,210354001542,GRREC,902,A1,346,2037,678,2714,10409,2152,12561,13825
20212022,071,LOGAN,351,Logan County,012,Auburn Elementary School,351012,071351012,210354001543,GRREC,902,A1,589,1813,868,2714,8680,2193,10873,12008
20212022,071,LOGAN,351,Logan County,013,Chandlers Elementary School,351013,071351013,210354001544,GRREC,902,A1,409,1781,838,2619,9528,2443,11971,13097
20212022,071,LOGAN,351,Logan County,014,Lewisburg Elementary School,351014,071351014,210354001545,GRREC,902,A1,428,1583,671,2254,9522,2455,11976,13310
20212022,071,LOGAN,351,Logan County,016,Olmstead Elementary School,351016,071351016,210354001546,GRREC,902,A1,364,1987,1047,3033,9820,2180,12000,13310
20212022,071,LOGAN,351,Logan County,030,The Academy,351030,071351030,210354002396,GRREC,902,A5,222,,,,,,,
20212022,071,LOGAN,351,Logan County,035,Cougar Virtual Academy,351035,071351035,"",GRREC,902,A5,26,,,,,,,
20212022,071,LOGAN,351,Logan County,140,Logan County High School,351140,071351140,210354001458,GRREC,902,A1,870,1042,817,1859,7418,2608,10027,8030
20212022,059,KENTON,354,Ludlow Independent,"",---District Total---,354,"","",NKCES,905,"",764,1024,1258,2282,10376,2394,12770,15919
20212022,059,KENTON,354,Ludlow Independent,010,Mary A. Goetz Elementary School,354010,059354010,210363000938,NKCES,905,A1,406,1988,1909,22204,4881,4609,23912,30202
20212022,059,KENTON,354,Ludlow Independent,020,Ludlow High School,354020,059354020,210363000939,NKCES,905,A1,358,2117,2034,24257,5853,4513,27388,33691
20212022,072,LYON,361,Lyon County,"",---District Total---,361,"","",WKEC,908,"",830,820,1086,1906,9889,2319,12208,25652
20212022,072,LYON,361,Lyon County,020,Lyon County Elementary School,361020,072361020,210369000942,WKEC,908,A1,347,500,1068,1568,10881,2001,12882,14450
20212022,072,LYON,361,Lyon County,023,Lyon County Middle School,361023,072361023,210369001950,WKEC,908,A1,213,1222,1045,2267,8497,2039,10536,12803
20212022,072,LYON,361,Lyon County,070,Lyon County High School,361070,072361070,210369000943,WKEC,908,A1,270,397,1089,1486,9712,2949,12661,14147
20212022,073,MADISON,365,Madison County,"",---District Total---,365,"","",SESC,907,"",10894,1298,333,1632,8457,1944,10402,15812
20212022,073,MADISON,365,Madison County,007,Shannon Johnson Elementary School,365007,073365007,210372001901,SESC,907,A1,458,1588,292,1881,9207,1688,10895,16585
20212022,073,MADISON,365,Madison County,008,Boonesborough Elementary,365008,073365008,210372002481,SESC,907,A1,412,915,328,1246,7942,1632,9574,14451
20212022,073,MADISON,365,Madison County,010,Clark Moores Middle School,365010,073365010,210372000944,SESC,907,A1,502,1711,274,1985,8493,2094,10588,16381
20212022,073,MADISON,365,Madison County,015,Daniel Boone Elementary School,365015,073365015,210372000945,SESC,907,A1,432,1728,298,2026,8980,2004,10984,16846
20212022,073,MADISON,365,Madison County,018,Glenn R Marshall Elementary School,365018,073365018,210372002032,SESC,907,A1,409,1864,384,2249,9558,2000,11558,17438
20212022,073,MADISON,365,Madison County,020,Madison Middle School,365020,073365020,210372000250,SESC,907,A1,627,922,363,1285,7993,1670,9663,14580
20212022,073,MADISON,365,Madison County,021,B. Michael Caudill Middle School,365021,073365021,210372002217,SESC,907,A1,488,1298,410,1709,8460,2213,10673,16194
20212022,073,MADISON,365,Madison County,030,Kingston Elementary School,365030,073365030,210372000946,SESC,907,A1,566,1442,319,1761,8449,1579,10028,15516
20212022,073,MADISON,365,Madison County,035,Madison County Virtual Academy,365035,073365035,"",SESC,907,A5,207,,,,,,,
20212022,073,MADISON,365,Madison County,040,Kirksville Elementary School,365040,073365040,210372000947,SESC,907,A1,520,1069,478,1547,8087,1612,9699,14986
20212022,073,MADISON,365,Madison County,045,Kit Carson Elementary School,365045,073365045,210372000948,SESC,907,A1,422,1550,402,1952,8731,1989,10719,16303
20212022,073,MADISON,365,Madison County,050,Madison Central High School,365050,073365050,210372000949,SESC,907,A1,2139,784,224,1008,7312,2015,9328,13995
20212022,073,MADISON,365,Madison County,065,Bellevue Transitional School,365065,073365065,210372002484,SESC,907,A5,18,,,,,,,
20212022,073,MADISON,365,Madison County,100,Silver Creek Elementary School,365100,073365100,210372000950,SESC,907,A1,461,1400,364,1764,8824,1829,10652,16048
20212022,073,MADISON,365,Madison County,110,Madison Kindergarten Academy,365110,073365110,210372002392,SESC,907,A1,367,1136,348,1484,8199,1687,9885,15127
20212022,073,MADISON,365,Madison County,120,Waco Elementary School,365120,073365120,210372000951,SESC,907,A1,410,1594,385,1979,9267,2109,11376,17114
20212022,073,MADISON,365,Madison County,130,White Hall Elementary School,365130,073365130,210372000952,SESC,907,A1,352,1315,412,1727,9653,2367,12020,17631
20212022,073,MADISON,365,Madison County,140,Foley Middle School,365140,073365140,210372000953,SESC,907,A1,447,1215,365,1637,8683,1951,10634,16097
20212022,073,MADISON,365,Madison County,145,Farristown Middle School,365145,073365145,210372002311,SESC,907,A1,450,1197,365,1562,8181,2121,10302,15495
20212022,073,MADISON,365,Madison County,150,Madison Southern High School,365150,073365150,210372001594,SESC,907,A1,1188,1032,294,1326,8478,1850,10328,15336
20212022,073,MADISON,365,Madison County,160,Madison County Day Treatment,365160,073365160,210372001678,SESC,907,A6,19,,,,,,,
20212022,074,MAGOFFIN,371,Magoffin County,"",---District Total---,371,"","",KVEC,904,"",1907,2763,430,3193,7677,2209,9886,15713
20212022,074,MAGOFFIN,371,Magoffin County,172,North Magoffin Elementary,371172,074371172,210375002238,KVEC,904,A1,359,3168,335,3503,6393,1879,8273,13694
20212022,074,MAGOFFIN,371,Magoffin County,173,South Magoffin Elementary,371173,074371173,210375002227,KVEC,904,A1,184,2908,430,3338,6836,2256,9092,14345
20212022,074,MAGOFFIN,371,Magoffin County,175,Herald Whitaker Middle School,371175,074371175,210375001618,KVEC,904,A1,274,2883,445,3328,8365,2355,10721,18371
20212022,074,MAGOFFIN,371,Magoffin County,360,Salyersville Grade School,371360,074371360,210375000958,KVEC,904,A1,452,2980,402,3331,6606,1787,8445,13694
20212022,074,MAGOFFIN,371,Magoffin County,370,Magoffin County High School,371370,074371370,210375000960,KVEC,904,A1,638,1638,416,2095,7708,2213,9880,14593
20212022,075,MARION,375,Marion County,"",---District Total---,375,"","",CKEC,901,"",3171,752,460,1213,9535,1905,11440,15273
20212022,075,MARION,375,Marion County,020,Calvary Elementary School,375020,075375020,210378000962,CKEC,901,A1,218,1044,390,1433,9369,1843,11212,15064
20212022,075,MARION,375,Marion County,030,Hugh C. Spalding Academy,375030,075375030,210378002328,CKEC,901,A5,223,,,,,,,
20212022,075,MARION,375,Marion County,040,Glasscock Elementary School,375040,075375040,210378000963,CKEC,901,A1,432,839,463,1302,9019,1578,10598,14452
20212022,075,MARION,375,Marion County,085,Marion County Knight Academy,375085,075375085,210378002443,CKEC,901,A1,497,406,390,796,8645,1628,10274,13489
20212022,075,MARION,375,Marion County,095,Marion County Middle School,375095,075375095,210378002454,CKEC,901,A1,479,575,416,992,9300,1608,10908,14430
20212022,075,MARION,375,Marion County,100,West Marion Elementary School,375100,075375100,210378001619,CKEC,901,A1,395,993,451,1444,9592,1524,11118,15113
20212022,075,MARION,375,Marion County,210,Lebanon Elementary School,375210,075375210,210378000967,CKEC,901,A1,316,971,608,1579,9675,1826,11500,15628
20212022,075,MARION,375,Marion County,515,Marion County High School,375515,075375515,210378000970,CKEC,901,A1,611,661,428,1090,11247,2981,14228,17900
20212022,076,MARSHALL,381,Marshall County,"",---District Total---,381,"","",WKEC,908,"",4377,883,628,1510,9609,1965,11574,14842
20212022,076,MARSHALL,381,Marshall County,005,Purchase Youth Village,381005,076381005,210381002445,WKEC,908,A6,25,,,,,,,
20212022,076,MARSHALL,381,Marshall County,010,Central Elementary School,381010,076381010,210381000272,WKEC,908,A1,448,870,621,1491,10638,1786,12424,15132
20212022,076,MARSHALL,381,Marshall County,011,Benton Elementary School,381011,076381011,210381000971,WKEC,908,A1,472,1010,680,1690,10405,1756,12160,15063
20212022,076,MARSHALL,381,Marshall County,025,MC Academy,381025,076381025,210381002474,WKEC,908,A5,184,,,,,,,
20212022,076,MARSHALL,381,Marshall County,040,Calvert City Elementary School,381040,076381040,210381000973,WKEC,908,A1,242,1191,734,1925,12176,2262,14439,17629
20212022,076,MARSHALL,381,Marshall County,085,Jonathan Elementary School,381085,076381085,210381000975,WKEC,908,A1,218,792,988,1780,11922,2190,14111,17172
20212022,076,MARSHALL,381,Marshall County,088,Marshall County High School,381088,076381088,210381000976,WKEC,908,A1,1234,762,740,1502,9996,2189,12418,15121
20212022,076,MARSHALL,381,Marshall County,090,North Marshall Middle School,381090,076381090,210381000977,WKEC,908,A1,517,1140,458,1597,8394,1791,10187,12988
20212022,076,MARSHALL,381,Marshall County,100,Sharpe Elementary School,381100,076381100,210381000978,WKEC,908,A1,287,949,656,1605,10635,1993,12629,15480
20212022,076,MARSHALL,381,Marshall County,105,South Marshall Elementary School,381105,076381105,210381000979,WKEC,908,A1,278,1123,653,1776,11518,2201,13720,16767
20212022,076,MARSHALL,381,Marshall County,111,South Marshall Middle,381111,076381111,210381002428,WKEC,908,A1,472,892,497,1389,8276,1799,10074,12676
20212022,076,MARSHALL,381,Marshall County,904,Marshall County Technical Center,381904,076381904,210381001509,WKEC,908,A2,0,,,,,,,
20212022,077,MARTIN,385,Martin County,"",---District Total---,385,"","",KEDC,903,"",1611,1781,1229,3010,8577,2945,11522,16981
20212022,077,MARTIN,385,Martin County,051,Eden Elementary School,385051,077385051,210384001902,KEDC,903,A1,337,1452,1105,2569,10230,3863,14092,16487
20212022,077,MARTIN,385,Martin County,120,Inez Elementary School,385120,077385120,210384000982,KEDC,903,A1,220,2192,1679,3877,11529,4562,16091,18478
20212022,077,MARTIN,385,Martin County,250,Martin County High School,385250,077385250,210384000985,KEDC,903,A1,484,1080,756,1840,9794,4039,13832,16451
20212022,077,MARTIN,385,Martin County,300,Warfield Elementary School,385300,077385300,210384000988,KEDC,903,A1,278,1162,1064,2240,9781,3633,13414,15785
20212022,077,MARTIN,385,Martin County,330,Martin County Middle School,385330,077385330,210384002386,KEDC,903,A1,292,1350,1976,3330,8731,4982,13713,16064
20212022,078,MASON,391,Mason County,"",---District Total---,391,"","",KEDC,903,"",2519,1440,690,2129,8876,2130,11006,17780
20212022,078,MASON,391,Mason County,011,Mason County Intermediate School,391011,078391011,210387002000,KEDC,903,A1,536,3007,1310,4297,10370,3205,13575,23463
20212022,078,MASON,391,Mason County,030,Mason County High School,391030,078391030,210387000989,KEDC,903,A1,835,2239,1239,3459,3075,2886,5961,21760
20212022,078,MASON,391,Mason County,050,Mason County Middle School,391050,078391050,210387000991,KEDC,903,A1,604,2747,946,3674,9456,2413,11869,21696
20212022,078,MASON,391,Mason County,080,Charles Straub Elementary School,391080,078391080,210387001460,KEDC,903,A1,544,3436,1034,4451,13020,2958,15977,25860
20212022,042,GRAVES,392,Mayfield Independent,"",---District Total---,392,"","",WKEC,908,"",1793,1612,1899,3511,8982,1631,10612,16625
20212022,042,GRAVES,392,Mayfield Independent,031,Mayfield Elementary School,392031,042392031,210390002001,WKEC,908,A1,721,2815,2474,5289,20061,4918,24979,25470
20212022,042,GRAVES,392,Mayfield Independent,060,Mayfield High School,392060,042392060,210390000995,WKEC,908,A1,515,2767,2898,3350,17974,5667,23678,24169
20212022,042,GRAVES,392,Mayfield Independent,065,Mayfield Middle School,392065,042392065,210390000996,WKEC,908,A1,557,2432,2638,5070,17286,5057,22343,22834
20212022,079,MCCRACKEN,395,McCracken County,"",---District Total---,395,"","",WKEC,908,"",6557,909,632,1541,9634,2003,11637,15964
20212022,079,MCCRACKEN,395,McCracken County,010,Concord Elementary School,395010,079395010,210396001001,WKEC,908,A1,557,589,762,1328,10145,2482,12626,14386
20212022,079,MCCRACKEN,395,McCracken County,012,McCracken Open Campus School,395012,079395012,210396001801,WKEC,908,A5,115,,,,,,,
20212022,079,MCCRACKEN,395,McCracken County,013,McCracken Regional School,395013,079395013,210396001862,WKEC,908,A6,24,,,,,,,
20212022,079,MCCRACKEN,395,McCracken County,015,McCracken County High School,395015,079395015,210396002332,WKEC,908,A1,1908,763,661,1439,9751,2868,12618,13818
20212022,079,MCCRACKEN,395,McCracken County,030,Reidland Intermediate School,395030,079395030,210396002419,WKEC,908,A1,209,1510,627,2285,12110,2902,15013,16340
20212022,079,MCCRACKEN,395,McCracken County,055,Heath Middle School,395055,079395055,210396001006,WKEC,908,A1,395,1150,543,1799,12028,3367,15395,17271
20212022,079,MCCRACKEN,395,McCracken County,065,Hendron Lone Oak Elementary School,395065,079395065,210396001431,WKEC,908,A1,424,944,714,1703,11776,2497,14273,16132
20212022,079,MCCRACKEN,395,McCracken County,075,Lone Oak Intermediate School,395075,079395075,210396002374,WKEC,908,A1,430,909,522,1506,10683,2490,13173,15841
20212022,079,MCCRACKEN,395,McCracken County,080,Lone Oak Elementary School,395080,079395080,210396001009,WKEC,908,A1,447,1035,645,1646,11850,2559,14410,15684
20212022,079,MCCRACKEN,395,McCracken County,085,Lone Oak Middle School,395085,079395085,210396001010,WKEC,908,A1,800,1017,527,1518,9862,2461,12323,25531
20212022,079,MCCRACKEN,395,McCracken County,100,Reidland Elementary School,395100,079395100,210396001011,WKEC,908,A1,502,1044,572,1667,11267,2398,13665,15299
20212022,079,MCCRACKEN,395,McCracken County,115,Reidland Middle School,395115,079395115,210396001013,WKEC,908,A1,326,979,531,1455,10764,2514,13279,15588
20212022,079,MCCRACKEN,395,McCracken County,120,Heath Elementary School,395120,079395120,210396001461,WKEC,908,A1,420,987,527,1491,11069,2272,13341,15180
20212022,080,MCCREARY,401,McCreary County,"",---District Total---,401,"","",SESC,907,"",2569,1747,1154,2900,9811,1946,11757,16005
20212022,080,MCCREARY,401,McCreary County,010,McCreary Central High School,401010,080401010,210399001014,SESC,907,A1,761,1029,1594,2623,10625,3745,14253,15219
20212022,080,MCCREARY,401,McCreary County,014,McCreary County Middle School,401014,080401014,210399002002,SESC,907,A1,548,1739.00,857.00,2596.00,10728.00,2508.00,13234,14660.00
20212022,080,MCCREARY,401,McCreary County,020,Pine Knot Elementary School,401020,080401020,210399002451,SESC,907,A1,744,1972.00,737.00,2709.00,11297.00,2582.00,13778,14726
20212022,080,MCCREARY,401,McCreary County,330,Whitley City Elementary School,401330,080401330,210399001021,SESC,907,A1,516,1936.00,1165.00,3102.00,11485.00,2925.00,14265.00,15258.00
20212022,081,MCLEAN,405,McLean County,"",---District Total---,405,"","",GRREC,902,"",1332,1444,264,1707,9928,2258,12186,15240
20212022,081,MCLEAN,405,McLean County,020,Calhoun Elementary School,405020,081405020,210402001023,GRREC,902,A1,271,1618,306,1924,9281,2301,11581,14856
20212022,081,MCLEAN,405,McLean County,050,Livermore Elementary School,405050,081405050,210402001025,GRREC,902,A1,204,2157,319,2476,10800,2229,13028,16858
20212022,081,MCLEAN,405,McLean County,065,McLean County High School,405065,081405065,210402001026,GRREC,902,A1,419,1211,213,1424,9997,2194,12191,14957
20212022,081,MCLEAN,405,McLean County,070,Marie Gatton Phillips Elementary,405070,081405070,210402001027,GRREC,902,A1,107,1759,421,2180,9713,2757,12470,16004
20212022,081,MCLEAN,405,McLean County,075,McLean County Middle School,405075,081405075,210402001140,GRREC,902,A1,313,1045,209,1254,9896,2157,12053,14652
20212022,081,MCLEAN,405,McLean County,100,McLean County Alternative Center,405100,081405100,210402002508,GRREC,902,A5,18,,,,,,,
20212022,082,MEADE,411,Meade County,"",---District Total---,411,"","",GRREC,902,"",4811,662,596,1258,8022,1680,9702,14847
20212022,082,MEADE,411,Meade County,011,David T. Wilson Elementary,411011,082411011,210405001644,GRREC,902,A1,491,993,506,1499,7647,1477,9125,14453
20212022,082,MEADE,411,Meade County,012,Brandenburg High School,411012,082411012,210405001930,GRREC,902,A5,11,,,,,,,
20212022,082,MEADE,411,Meade County,013,James R. Allen High School,411013,082411013,210405002202,GRREC,902,A5,37,,,,,,,
20212022,082,MEADE,411,Meade County,015,Stuart Pepper Middle School,411015,082411015,210405001029,GRREC,902,A1,774,313,485,798,7050,1410,8460,12992
20212022,082,MEADE,411,Meade County,030,Flaherty Primary School,411030,082411030,210405002295,GRREC,902,A1,414,682,539,1221,7270,1302,8572,13461
20212022,082,MEADE,411,Meade County,040,Ekron Elementary School,411040,082411040,210405001032,GRREC,902,A1,367,1131,530,1661,8288,1749,10037,15497
20212022,082,MEADE,411,Meade County,050,Flaherty Elementary School,411050,082411050,210405001033,GRREC,902,A1,294,954,524,1478,8487,1743,10230,15615
20212022,082,MEADE,411,Meade County,060,Barry Hahn Primary School,411060,082411060,210405001034,GRREC,902,A1,658,909,503,1412,7854,1494,9348,14428
20212022,082,MEADE,411,Meade County,070,Meade County High School,411070,082411070,210405001035,GRREC,902,A1,1508,338,728,1066,7705,1925,9629,14415
20212022,082,MEADE,411,Meade County,090,Payneville Elementary School,411090,082411090,210405001037,GRREC,902,A1,257,761,485,1246,9048,1501,10549,15554
20212022,083,MENIFEE,415,Menifee County,"",---District Total---,415,"","",KEDC,903,"",936,2407,934,3341,9267,2851,12118,20570
20212022,083,MENIFEE,415,Menifee County,005,Frenchburg Success Academy,415005,083415005,210408002496,KEDC,903,A6,7,,,,,,,
20212022,083,MENIFEE,415,Menifee County,010,Menifee Central School,415010,083415010,"",KEDC,903,A1,636,2556,845,3401,11086,3341,14427,20583
20212022,083,MENIFEE,415,Menifee County,090,Menifee County High School,415090,083415090,210408001040,KEDC,903,A1,293,2090,1123,3213,12919,4726,17645,20541
20212022,084,MERCER,421,Mercer County,"",---District Total---,421,"","",CKEC,901,"",2590,1023,379,1402,9682,2238,11920,15058
20212022,084,MERCER,421,Mercer County,015,Mercer County Senior High School,421015,084421015,210411002168,CKEC,901,A1,715,604,425,1029,9763,2213,11976,14931
20212022,084,MERCER,421,Mercer County,027,Mercer County Day Treatment,421027,084421027,210411001491,CKEC,901,A6,16,,,,,,,
20212022,084,MERCER,421,Mercer County,035,Kenneth D. King Middle School,421035,084421035,210411000482,CKEC,901,A1,635,1083,470,1553,9555,1708,11262,14741
20212022,084,MERCER,421,Mercer County,040,Mercer Central,421040,084421040,210411002285,CKEC,901,A5,64,,,,,,,
20212022,084,MERCER,421,Mercer County,050,Mercer County Intermediate School,421050,084421050,210411002273,CKEC,901,A1,577,1192,308,1499,8562,1770,10333,13758
20212022,084,MERCER,421,Mercer County,070,Mercer County Elementary School,421070,084421070,210411001042,CKEC,901,A1,583,1356,326,1682,10595,1886,12481,16089
20212022,085,METCALFE,425,Metcalfe County,"",---District Total---,425,"","",GRREC,902,"",1400,1652,842,2493,8835,2407,11241,15426
20212022,085,METCALFE,425,Metcalfe County,010,Metcalfe County Middle School,425010,085425010,210414000729,GRREC,902,A1,354,1663,780,2443,7653,2107,9760,13766
20212022,085,METCALFE,425,Metcalfe County,050,Metcalfe County High School,425050,085425050,210414001044,GRREC,902,A1,453,1384,1013,2397,9380,3107,12487,16842
20212022,085,METCALFE,425,Metcalfe County,060,Metcalfe County Elementary School,425060,085425060,210414002383,GRREC,902,A1,593,1850,747,2597,9123,2050,11174,15334
20212022,007,BELL,426,Middlesboro Independent,"",---District Total---,426,"","",SESC,907,"",1018,4162,1282,5444,8857,3201,12059,19958
20212022,007,BELL,426,Middlesboro Independent,023,Middlesboro Alternative School,426023,007426023,210417001680,SESC,907,A5,30,,,,,,,
20212022,007,BELL,426,Middlesboro Independent,030,Middlesboro Elementary School,426030,007426030,210417001048,SESC,907,A1,329,4511,1188,5699,9412,3237,12649,20507
20212022,007,BELL,426,Middlesboro Independent,035,Middlesboro Group Home School,426035,007426035,"",SESC,907,A6,7,,,,,,,
20212022,007,BELL,426,Middlesboro Independent,040,Middlesboro Middle School,426040,007426040,210417001049,SESC,907,A1,314,4406,1123,5528,7470,2885,10335,18251
20212022,007,BELL,426,Middlesboro Independent,080,Middlesboro High School,426080,007426080,210417001050,SESC,907,A1,338,3726,1499,5224,10013,3528,13540,21657
20212022,086,MONROE,431,Monroe County,"",---District Total---,431,"","",GRREC,902,"",1717,1942,1173,3114,10122,2629,12751,18386
20212022,086,MONROE,431,Monroe County,150,Gamaliel Elementary,431150,086431150,210420001052,GRREC,902,A1,256,2251,1496,4047,9265,4009,13274,17322
20212022,086,MONROE,431,Monroe County,160,Monroe Co Middle,431160,086431160,210420001053,GRREC,902,A1,400,1567,862,2429,9306,2972,12278,14707
20212022,086,MONROE,431,Monroe County,212,Joe Harrison Carter,431212,086431212,210420001054,GRREC,902,A1,242,2061,1336,3397,9141,3680,12821,16218
20212022,086,MONROE,431,Monroe County,440,Tompkinsville Elem,431440,086431440,210420001055,GRREC,902,A1,308,2827,1730,4557,11097,3898,14995,19552
20212022,086,MONROE,431,Monroe County,450,Monroe Co High,431450,086431450,210420001056,GRREC,902,A1,511,1163,841,2004,11043,3088,14131,16135
20212022,087,MONTGOMERY,435,Montgomery County,"",---District Total---,435,"","",CKEC,901,"",4226,1413,500,1913,8148,1958,10106,14159
20212022,087,MONTGOMERY,435,Montgomery County,010,Camargo Elementary School,435010,087435010,210425001057,CKEC,901,A1,513,2039,548,2588,9166,1735,10901,18078
20212022,087,MONTGOMERY,435,Montgomery County,014,Gateway Children's Services,435014,087435014,210425001868,CKEC,901,A6,13,,,,,,,
20212022,087,MONTGOMERY,435,Montgomery County,025,Northview Elementary,435025,087435025,210425002472,CKEC,901,A1,554,1891,510,2401,7810,1681,9491,10120
20212022,087,MONTGOMERY,435,Montgomery County,030,Mapleton Elementary School,435030,087435030,210425001058,CKEC,901,A1,461,2017,500,2517,8546,1844,10390,10832
20212022,087,MONTGOMERY,435,Montgomery County,040,Montgomery County High School,435040,087435040,210425001059,CKEC,901,A1,1224,947,489,1436,7959,2287,10246,11013
20212022,087,MONTGOMERY,435,Montgomery County,050,Mount Sterling Elementary School,435050,087435050,210425001060,CKEC,901,A1,382,1850,514,2364,9218,2187,11405,13349
20212022,087,MONTGOMERY,435,Montgomery County,070,McNabb Middle School,435070,087435070,210425001538,CKEC,901,A1,1020,996,481,1476,7505,1851,9356,10231
20212022,087,MONTGOMERY,435,Montgomery County,080,The Sterling School,435080,087435080,210425002317,CKEC,901,A5,59,,,,,,,
20212022,088,MORGAN,441,Morgan County,"",---District Total---,441,"","",KEDC,903,"",1848,1556,959,2516,9164,2306,11470,21394
20212022,088,MORGAN,441,Morgan County,015,Morgan Central Elementary School,441015,088441015,210429002194,KEDC,903,A1,286,1762,1158,2919,10994,3275,14269,21733
20212022,088,MORGAN,441,Morgan County,018,Wrigley Elementary School,441018,088441018,210429002214,KEDC,903,A1,305,1712,1017,2731,10908,2996,13903,21162
20212022,088,MORGAN,441,Morgan County,050,East Valley Elementary School,441050,088441050,210429001549,KEDC,903,A1,120,3183,1396,4579,15650,4073,19723,27454
20212022,088,MORGAN,441,Morgan County,090,Ezel Elementary School,441090,088441090,210429001066,KEDC,903,A1,114,3470,1834,5305,13184,4801,17986,25249
20212022,088,MORGAN,441,Morgan County,140,Morgan County Middle School,441140,088441140,210429001067,KEDC,903,A1,429,1270,1069,2339,9597,2948,12545,19970
20212022,088,MORGAN,441,Morgan County,150,Morgan County High School,441150,088441150,210429001068,KEDC,903,A1,564,885,501,1387,9559,3243,12802,20223
20212022,088,MORGAN,441,Morgan County,230,Woodsbend Youth Development Center,441230,088441230,210429001070,KEDC,903,A6,30,,,,,,,
20212022,089,MUHLENBERG,445,Muhlenberg County,"",---District Total---,445,"","",WKEC,908,"",4141,2453,529,2982,9725,2382,12107,16525
20212022,089,MUHLENBERG,445,Muhlenberg County,010,Bremen Elementary School,445010,089445010,210008101072,WKEC,908,A1,319,4511,555,4945,13153,3056,16209,17364
20212022,089,MUHLENBERG,445,Muhlenberg County,012,Muhlenberg South Elementary,445012,089445012,210008101967,WKEC,908,A1,467,2653,507,3039,12673,2652,15326,16484
20212022,089,MUHLENBERG,445,Muhlenberg County,030,Central City Elementary,445030,089445030,210008101514,WKEC,908,A1,346,4265,508,4649,12733,2836,15569,16484
20212022,089,MUHLENBERG,445,Muhlenberg County,035,The Renaissance Center,445035,089445035,210008101515,WKEC,908,A5,94,,,,,,,
20212022,089,MUHLENBERG,445,Muhlenberg County,040,Greenville Elementary School,445040,089445040,210008101516,WKEC,908,A1,471,1986,478,2343,12505,2513,15018,16192
20212022,089,MUHLENBERG,445,Muhlenberg County,045,Muhlenberg South Middle School,445045,089445045,210008101517,WKEC,908,A1,422,1572,528,1979,11838,3142,14980,16059
20212022,089,MUHLENBERG,445,Muhlenberg County,115,Longest Elementary,445115,089445115,210008101080,WKEC,908,A1,362,2396,556,2830,12086,2646,14731,15879
20212022,089,MUHLENBERG,445,Muhlenberg County,150,Muhlenberg North Middle,445150,089445150,210008101081,WKEC,908,A1,496,1460,528,1867,11871,2640,14511,15641
20212022,089,MUHLENBERG,445,Muhlenberg County,175,Muhlenberg County High School,445175,089445175,210008102258,WKEC,908,A1,1164,2334,555,2767,11617,3325,14944,17141
20212022,089,MUHLENBERG,445,Muhlenberg County,902,Muhlenberg County Career & Tech Center,445902,089445902,210008102139,WKEC,908,A2,0,,,,,,,
20212022,018,CALLOWAY,446,Murray Independent,"",---District Total---,446,"","",WKEC,908,"",1619,4266,797,5063,9734,1283,11017,17747
20212022,018,CALLOWAY,446,Murray Independent,020,Murray Elementary School,446020,018446020,210438001084,WKEC,908,A1,527,2424,916,3340,18123,1245,20157,26800
20212022,018,CALLOWAY,446,Murray Independent,030,Murray Middle School,446030,018446030,210438001085,WKEC,908,A1,635,2665,1032,3697,17119,1538,19446,26442
20212022,018,CALLOWAY,446,Murray Independent,050,Murray High School,446050,018446050,210438001086,WKEC,908,A1,457,2358,937,3295,20243,2598,23630,30343
20212022,018,CALLOWAY,446,Murray Independent,075,Murray Preschool Head Start,446075,018446075,210438000933,WKEC,908,A4,0,,,,,,,
20212022,090,NELSON,451,Nelson County,"",---District Total---,451,"","",CKEC,901,"",4311,982,265,1247,9194,2503,11697,14607
20212022,090,NELSON,451,Nelson County,010,Bloomfield Middle School,451010,090451010,210441001087,CKEC,901,A1,361,744,188,932,8539,2229,10770,11860
20212022,090,NELSON,451,Nelson County,011,The New Haven School,451011,090451011,210441001937,CKEC,901,A1,330,1346,449,1795,9318,2550,11868,13822
20212022,090,NELSON,451,Nelson County,013,Bloomfield Elementary School,451013,090451013,210441002006,CKEC,901,A1,267,1210,162,1372,10423,2248,12671,14204
20212022,090,NELSON,451,Nelson County,019,The Academy at Horizons,451019,090451019,210441002212,CKEC,901,A5,52,,,,,,,
20212022,090,NELSON,451,Nelson County,030,Boston School,451030,090451030,210441001089,CKEC,901,A1,365,1107,135,1242,8856,2043,10899,12299
20212022,090,NELSON,451,Nelson County,050,Coxs Creek Elementary School,451050,090451050,210441001091,CKEC,901,A1,468,1235,318,1553,7702,1980,9682,11396
20212022,090,NELSON,451,Nelson County,070,Foster Heights Elementary School,451070,090451070,210441001093,CKEC,901,A1,682,1365,159,1523,8856,1824,10680,12362
20212022,090,NELSON,451,Nelson County,071,Nelson County Early Learning Center,451071,090451071,210441002261,CKEC,901,A4,0,,,,,,,
20212022,090,NELSON,451,Nelson County,090,Old Kentucky Home Middle School,451090,090451090,210441001095,CKEC,901,A1,376,975,411,1386,8387,2579,10965,12513
20212022,090,NELSON,451,Nelson County,100,Nelson County High School,451100,090451100,210441001096,CKEC,901,A1,739,421,248,669,7750,2952,10702,11529
20212022,090,NELSON,451,Nelson County,101,Thomas Nelson High School,451101,090451101,210441002324,CKEC,901,A1,671,382,264,646,7677,2626,10303,11115
20212022,019,CAMPBELL,452,Newport Independent,"",---District Total---,452,"","",NKCES,905,"",1295,2993,1545,4538,14659,4017,18676,26827
20212022,019,CAMPBELL,452,Newport Independent,018,Newport Regional School,452018,019452018,210444002401,NKCES,905,A6,0,,,,,,,
20212022,019,CAMPBELL,452,Newport Independent,020,Newport Primary School,452020,019452020,210444001099,NKCES,905,A1,303,3384,1521,3914,16427,3928,21344,23025
20212022,019,CAMPBELL,452,Newport Independent,030,Newport School of Innovation,452030,019452030,210444002493,NKCES,905,A5,57,,,,,,,
20212022,019,CAMPBELL,452,Newport Independent,040,Newport Intermediate School,452040,019452040,210444001100,NKCES,905,A1,387,3316,1800,5116,13844,3430,17274,20078
20212022,019,CAMPBELL,452,Newport Independent,070,Newport High School,452070,019452070,210444001103,NKCES,905,A1,548,2446,1400,3846,13331,3594,16923,18290
20212022,091,NICHOLAS,455,Nicholas County,"",---District Total---,455,"","",CKEC,901,"",1031,1072,1287,2359,8345,1761,10106,15537
20212022,091,NICHOLAS,455,Nicholas County,020,Nicholas County Elementary School,455020,091455020,210447001106,CKEC,901,A1,577,2260,1651,3911,14057,2457,16503,26799
20212022,091,NICHOLAS,455,Nicholas County,030,Nicholas County High School,455030,091455030,210447001107,CKEC,901,A1,454,1432,1708,3139,14069,3232,17325,28499
20212022,092,OHIO,461,Ohio County,"",---District Total---,461,"","",GRREC,902,"",3773,1990,530,2520,7989,1801,9790,14940
20212022,092,OHIO,461,Ohio County,010,Beaver Dam Elementary School,461010,092461010,210450001108,GRREC,902,A1,492,2219,474,2693,9170,1590,10758,16067
20212022,092,OHIO,461,Ohio County,011,Ohio County Day Treatment,461011,092461011,210450002361,GRREC,902,A6,23,,,,,,,
20212022,092,OHIO,461,Ohio County,012,Ohio County Alternative Learning Program,461012,092461012,210450002353,GRREC,902,A5,30,,,,,,,
20212022,092,OHIO,461,Ohio County,090,Fordsville Elementary School,461090,092461090,210450001112,GRREC,902,A1,226,2565,582,3146,10070,2311,12379,18380
20212022,092,OHIO,461,Ohio County,110,Ohio County Middle School,461110,092461110,210450001114,GRREC,902,A1,565,1872,494,2366,7099,1562,8660,13630
20212022,092,OHIO,461,Ohio County,140,Horse Branch Elementary School,461140,092461140,210450001115,GRREC,902,A1,174,2398,506,2904,10403,1852,12255,18093
20212022,092,OHIO,461,Ohio County,155,Ohio County High School,461155,092461155,210450001116,GRREC,902,A1,1129,1696,569,2265,6566,1918,8484,13302
20212022,092,OHIO,461,Ohio County,170,Southern Elementary School,461170,092461170,210450001118,GRREC,902,A1,267,1641,591,2231,8577,1821,10397,15361
20212022,092,OHIO,461,Ohio County,190,Wayland Alexander Elementary School,461190,092461190,210450001119,GRREC,902,A1,614,2011,478,2489,7928,1630,9556,14618
20212022,092,OHIO,461,Ohio County,200,Western Elementary School,461200,092461200,210450001120,GRREC,902,A1,253,2733,510,3243,8137,1885,10021,15975
20212022,093,OLDHAM,465,Oldham County,"",---District Total---,465,"","",OVEC,906,"",12253,579,182,761,9386,1991,11377,14813
20212022,093,OLDHAM,465,Oldham County,005,Camden Station Elementary School,465005,093465005,210453001597,OVEC,906,A1,495,840,234,1074,10640,2078,12718,11529
20212022,093,OLDHAM,465,Oldham County,007,Buckner Elementary School,465007,093465007,210453001817,OVEC,906,A1,648,904,191,1095,10697,2143,12840,11620
20212022,093,OLDHAM,465,Oldham County,010,Centerfield Elementary School,465010,093465010,210453001121,OVEC,906,A1,512,907,195,1102,11566,2168,13734,12440
20212022,093,OLDHAM,465,Oldham County,012,North Oldham High School,465012,093465012,210453001953,OVEC,906,A1,1039,317,149,466,9096,2641,11737,11127
20212022,093,OLDHAM,465,Oldham County,013,Kenwood Station Elementary School,465013,093465013,210453002007,OVEC,906,A1,657,684,188,872,9624,1925,11548,10522
20212022,093,OLDHAM,465,Oldham County,014,Harmony Elementary School,465014,093465014,210453002008,OVEC,906,A1,629,646,210,856,9710,2125,11835,10847
20212022,093,OLDHAM,465,Oldham County,015,East Oldham Middle School,465015,093465015,210453002009,OVEC,906,A1,642,334,160,493,9365,2097,11462,10755
20212022,093,OLDHAM,465,Oldham County,020,Crestwood Elementary School,465020,093465020,210453001122,OVEC,906,A1,557,997,197,1195,10951,2026,12976,11504
20212022,093,OLDHAM,465,Oldham County,025,Goshen At Hillcrest Elementary School,465025,093465025,210453001432,OVEC,906,A1,684,711,211,922,9589,1997,11586,10568
20212022,093,OLDHAM,465,Oldham County,028,Locust Grove Elementary School,465028,093465028,210453002196,OVEC,906,A1,602,734,200,933,9914,2125,12039,10940
20212022,093,OLDHAM,465,Oldham County,030,LaGrange Elementary School,465030,093465030,210453001123,OVEC,906,A1,474,1261,223,1483,13101,2270,15371,13573
20212022,093,OLDHAM,465,Oldham County,060,Oldham County High School,465060,093465060,210453001125,OVEC,906,A1,1620,372,159,530,8580,2131,10712,10083
20212022,093,OLDHAM,465,Oldham County,070,Oldham County Middle School,465070,093465070,210453001126,OVEC,906,A1,724,428,153,580,10191,1861,12052,11338
20212022,093,OLDHAM,465,Oldham County,080,Buckner Alternative High School,465080,093465080,210453000735,OVEC,906,A5,65,,,,,,,
20212022,093,OLDHAM,465,Oldham County,090,South Oldham Middle School,465090,093465090,210453001433,OVEC,906,A1,816,328,150,475,9268,1820,11088,10424
20212022,093,OLDHAM,465,Oldham County,095,South Oldham High School,465095,093465095,210453001620,OVEC,906,A1,1292,386,175,561,8913,2513,11426,10772
20212022,093,OLDHAM,465,Oldham County,100,Oldham County Preschool,465100,093465100,210453000736,OVEC,906,A4,0,,,,,,,
20212022,093,OLDHAM,465,Oldham County,105,Creative and Performing Arts,465105,093465105,210453002503,OVEC,906,A2,2,,,,,,,
20212022,093,OLDHAM,465,Oldham County,350,North Oldham Middle School,465350,093465350,210453001552,OVEC,906,A1,795,329,161,490,9044,2094,11138,10567
20212022,093,OLDHAM,465,Oldham County,905,The Robert L. Arvin Education Center,465905,093465905,210453001818,OVEC,906,A2,0,,,,,,,
20212022,094,OWEN,471,Owen County,"",---District Total---,471,"","",OVEC,906,"",1623,1009,800,1809,9297,2637,11934,16283
20212022,094,OWEN,471,Owen County,075,Owen County Elementary/Primary School,471075,094471075,210456001127,OVEC,906,A1,574,2177,704,2881,9813,2370,12183,17444
20212022,094,OWEN,471,Owen County,078,Maurice Bowling Middle School,471078,094471078,210456001539,OVEC,906,A1,502,1800,886,2686,8047,2321,10368,15277
20212022,094,OWEN,471,Owen County,080,Owen County High School,471080,094471080,210456001128,OVEC,906,A1,547,1433,822,2256,7526,3207,10733,15987
20212022,030,DAVIESS,472,Owensboro Independent,"",---District Total---,472,"","",GRREC,902,"",4858,2065,662,2727,10715,1737,12452,17704
20212022,030,DAVIESS,472,Owensboro Independent,010,Cravens Elementary School,472010,030472010,210459001129,GRREC,902,A1,392,2058,662,2720,11259,1281,12540,18086
20212022,030,DAVIESS,472,Owensboro Independent,015,Emerson Academy,472015,030472015,210459002011,GRREC,902,A5,65,,,,,,,
20212022,030,DAVIESS,472,Owensboro Independent,030,Estes Elementary School,472030,030472030,210459001130,GRREC,902,A1,438,2045,687,2731,8651,1174,9824,14619
20212022,030,DAVIESS,472,Owensboro Independent,060,Foust Elementary School,472060,030472060,210459001132,GRREC,902,A1,431,2492,652,3143,10521,1377,11897,17621
20212022,030,DAVIESS,472,Owensboro Independent,100,Newton Parrish Elementary School,472100,030472100,210459001135,GRREC,902,A1,519,2298,512,2811,8712,1102,9814,15200
20212022,030,DAVIESS,472,Owensboro Independent,102,Owensboro Innovation Middle School,472102,030472102,210459002304,GRREC,902,A1,321,1580,628,2208,12603,1966,14569,19944
20212022,030,DAVIESS,472,Owensboro Independent,108,Owensboro Middle School,472108,030472108,210459002305,GRREC,902,A1,800,1685,537,2222,9620,1634,11254,15830
20212022,030,DAVIESS,472,Owensboro Independent,110,Owensboro High School,472110,030472110,210459001136,GRREC,902,A1,1260,1688,577,2265,10255,1629,11884,16523
20212022,030,DAVIESS,472,Owensboro Independent,116,Owensboro Innovation Academy,472116,030472116,210459002411,GRREC,902,A2,130,,,,,,,
20212022,030,DAVIESS,472,Owensboro Independent,140,Sutton Elementary School,472140,030472140,210459001139,GRREC,902,A1,502,2039,510,2548,9075,1330,10405,15774
20212022,030,DAVIESS,472,Owensboro Independent,180,Hager Preschool,472180,030472180,210459001685,GRREC,902,A4,0,,,,,,,
20212022,095,OWSLEY,475,Owsley County,"",---District Total---,475,"","",KVEC,904,"",638,4026,1989,6015,9527,3434,12961,20288
20212022,095,OWSLEY,475,Owsley County,020,Owsley County Elementary School,475020,095475020,210462001142,KVEC,904,A1,261,5641,2970,8611,17397,5644,23042,32842
20212022,095,OWSLEY,475,Owsley County,080,Owsley County High School,475080,095475080,210462001143,KVEC,904,A1,377,4979,2754,7733,16484,5043,21528,30347
20212022,079,MCCRACKEN,476,Paducah Independent,"",---District Total---,476,"","",WKEC,908,"",2892,1586,1355,2940,10267,1981,12248,20053
20212022,079,MCCRACKEN,476,Paducah Independent,010,Paducah Middle School,476010,079476010,210465001144,WKEC,908,A1,662,1568,1583,3202,18556,4372,23335,28579
20212022,079,MCCRACKEN,476,Paducah Independent,015,Paducah Head Start Preschool,476015,079476015,210465001571,WKEC,908,A4,0,,,,,,,
20212022,079,MCCRACKEN,476,Paducah Independent,016,Choices Educational Center,476016,079476016,210465002364,WKEC,908,A5,72,,,,,,,
20212022,079,MCCRACKEN,476,Paducah Independent,020,Clark Elementary School,476020,079476020,210465001146,WKEC,908,A1,600,1783,1885,3719,18713,4172,23294,29300
20212022,079,MCCRACKEN,476,Paducah Independent,080,McNabb Elementary School,476080,079476080,210465001150,WKEC,908,A1,364,2643,1972,4666,20051,4193,24616,32597
20212022,079,MCCRACKEN,476,Paducah Independent,150,Morgan Elementary School,476150,079476150,210465001152,WKEC,908,A1,369,2451,2004,4506,20287,4331,24954,33079
20212022,079,MCCRACKEN,476,Paducah Independent,170,Paducah Tilghman High School,476170,079476170,210465001154,WKEC,908,A1,825,1837,1838,3368,20311,5164,25742,32276
20212022,058,JOHNSON,477,Paintsville Independent,"",---District Total---,477,"","",KEDC,903,"",704,1251,555,1806,9651,3040,12691,16037
20212022,058,JOHNSON,477,Paintsville Independent,010,Paintsville Elementary School,477010,058477010,210468001155,KEDC,903,A1,382,695.00,524.00,1219.00,9771.00,2739.00,11292.00,14540.00
20212022,058,JOHNSON,477,Paintsville Independent,020,Paintsville High School,477020,058477020,210468001156,KEDC,903,A1,322,939.00,559.00,1498.00,10091.00,4526.00,13119.00,16690.00
20212022,009,BOURBON,478,Paris Independent,"",---District Total---,478,"","",CKEC,901,"",686,2594,2544,5137,10099,2213,12312,19271
20212022,009,BOURBON,478,Paris Independent,010,Paris Elementary School,478010,009478010,210471001157,CKEC,901,A1,317,3470,3011,5498,9309,4308,12635,12635
20212022,009,BOURBON,478,Paris Independent,020,Paris High School,478020,009478020,210471001158,CKEC,901,A1,222,2179,2844,4041,9638,6137,14793,14793
20212022,009,BOURBON,478,Paris Independent,030,Paris Middle School,478030,009478030,210471001159,CKEC,901,A1,147,2136,2756,3910,9944,3443,12404,12404
20212022,009,BOURBON,478,Paris Independent,040,Paris Preschool Center,478040,009478040,210471002226,CKEC,901,A4,0,,,,,,,
20212022,096,PENDLETON,481,Pendleton County,"",---District Total---,481,"","",NKCES,905,"",2151,924,500,1424,8361,2151,10511,13566
20212022,096,PENDLETON,481,Pendleton County,060,Northern Elementary School,481060,096481060,210474001160,NKCES,905,A1,455,901,433,1334,8960,2107,11067,12499
20212022,096,PENDLETON,481,Pendleton County,061,Phillip Sharp Middle School,481061,096481061,210474001646,NKCES,905,A1,523,760,540,1300,7983,2525,10507,12129
20212022,096,PENDLETON,481,Pendleton County,070,Pendleton County High School,481070,096481070,210474001161,NKCES,905,A1,681,677,448,1126,8507,2974,11481,13082
20212022,096,PENDLETON,481,Pendleton County,080,Southern Elementary School,481080,096481080,210474001163,NKCES,905,A1,492,1145,458,1603,9263,2187,11450,12880
20212022,097,PERRY,485,Perry County,"",---District Total---,485,"","",KVEC,904,"",3467,1524,1876,3400,9048,2592,11641,17886
20212022,097,PERRY,485,Perry County,130,Buckhorn School,485130,097485130,210477001166,KVEC,904,A1,324,1868,2323,4190,10979,5714,16690,19582
20212022,097,PERRY,485,Perry County,140,Learning Academy,485140,097485140,210477002398,KVEC,904,A5,19,,,,,,,
20212022,097,PERRY,485,Perry County,190,Perry County Alternative School,485190,097485190,210477002387,KVEC,904,A5,4,,,,,,,
20212022,097,PERRY,485,Perry County,200,East Perry County Elementary School,485200,097485200,210477002354,KVEC,904,A1,631,1542,1829,3371,11459,4243,15703,18524
20212022,097,PERRY,485,Perry County,250,Perry County Central High School,485250,097485250,210477000755,KVEC,904,A1,856,1239,1907,3146,9659,4597,14256,17053
20212022,097,PERRY,485,Perry County,480,Leatherwood Elementary School,485480,097485480,210477001170,KVEC,904,A1,104,1669,1970,3639,14355,5352,19707,23207
20212022,097,PERRY,485,Perry County,635,Robert W Combs Elementary School,485635,097485635,210477001174,KVEC,904,A1,351,1715,1850,3565,11035,4216,15252,18132
20212022,097,PERRY,485,Perry County,640,Robinson Elementary School,485640,097485640,210477001175,KVEC,904,A1,261,1496,2009,3505,10711,4629,15340,18266
20212022,097,PERRY,485,Perry County,890,Viper Elementary School,485890,097485890,210477001177,KVEC,904,A1,232,1423,1731,3154,10809,4374,15184,18145
20212022,097,PERRY,485,Perry County,898,West Perry Elementary School,485898,097485898,210477002453,KVEC,904,A1,685,1676,1753,3429,10113,4041,14154,16971
20212022,098,PIKE,491,Pike County,"",---District Total---,491,"","",KVEC,904,"",7288,1235,913,2148,9901,2437,12338,16473
20212022,098,PIKE,491,Pike County,010,Northpoint Academy,491010,098491010,210480002256,KVEC,904,A5,46,,,,,,,
20212022,098,PIKE,491,Pike County,015,Pike County Day Treatment,491015,098491015,210480002444,KVEC,904,A6,24,,,,,,,
20212022,098,PIKE,491,Pike County,020,Pike County Virtual Academy,491020,098491020,"",KVEC,904,A5,0,,,,,,,
20212022,098,PIKE,491,Pike County,051,Belfry Elementary,491051,098491051,210480001647,KVEC,904,A1,521,1337,896,2233,9680,2936,12616,15591
20212022,098,PIKE,491,Pike County,054,East Ridge High School,491054,098491054,210480001948,KVEC,904,A1,449,564,916,1480,10444,3197,13642,15817
20212022,098,PIKE,491,Pike County,057,Feds Creek Elementary School,491057,098491057,210480002012,KVEC,904,A1,145,1663,1070,2734,14125,3368,17492,21262
20212022,098,PIKE,491,Pike County,058,Belfry Middle School,491058,098491058,210480002013,KVEC,904,A1,356,499,852,1351,9938,3358,13296,15440
20212022,098,PIKE,491,Pike County,059,Millard School,491059,098491059,210480002240,KVEC,904,A1,527,1600,968,2568,11001,2946,13948,17262
20212022,098,PIKE,491,Pike County,060,Valley Elementary School,491060,098491060,210480002296,KVEC,904,A1,777,1450,903,2353,9429,2751,12180,15240
20212022,098,PIKE,491,Pike County,090,Belfry High School,491090,098491090,210480001179,KVEC,904,A1,515,640,884,1524,10194,3836,14030,16271
20212022,098,PIKE,491,Pike County,130,Bevins Elementary School,491130,098491130,210480001180,KVEC,904,A1,198,1984,1145,3130,11974,3039,15013,19076
20212022,098,PIKE,491,Pike County,190,Pike County Central High School,491190,098491190,210480000505,KVEC,904,A1,660,643,891,1534,8932,3379,12312,14561
20212022,098,PIKE,491,Pike County,250,Dorton Elementary School,491250,098491250,210480001183,KVEC,904,A1,240,1493,984,2478,10993,3353,14346,17698
20212022,098,PIKE,491,Pike County,300,Elkhorn City Elementary School,491300,098491300,210480001185,KVEC,904,A1,403,1657,966,2623,10253,3091,13343,16739
20212022,098,PIKE,491,Pike County,620,Johns Creek Elementary School,491620,098491620,210480001195,KVEC,904,A1,567,1799,875,2674,10257,3047,13305,16712
20212022,098,PIKE,491,Pike County,650,Kimper Elementary School,491650,098491650,210480001197,KVEC,904,A1,109,2004,1341,3345,15094,3242,18337,22850
20212022,098,PIKE,491,Pike County,950,Mullins Elementary School,491950,098491950,210480001202,KVEC,904,A1,694,1350,767,2117,8793,2719,11511,14342
20212022,098,PIKE,491,Pike County,952,Phelps Elementary School,491952,098491952,210480001203,KVEC,904,A1,272,2225,921,3146,13954,2927,16881,20733
20212022,098,PIKE,491,Pike County,954,Phelps High School,491954,098491954,210480001204,KVEC,904,A1,264,563,845,1408,13701,4187,17888,20149
20212022,098,PIKE,491,Pike County,980,Shelby Valley High School,491980,098491980,210480001686,KVEC,904,A1,521,724,896,1620,9402,3623,13026,15386
20212022,098,PIKE,492,Pikeville Independent,"",---District Total---,492,"","",KVEC,904,"",1156,813,753,1566,10127,2501,12628,14683
20212022,098,PIKE,492,Pikeville Independent,020,Pikeville Elementary School,492020,098492020,210483001213,KVEC,904,A1,625,1682,1413,3095,16638,1600,18238,21333
20212022,098,PIKE,492,Pikeville Independent,030,Pikeville High School,492030,098492030,210483001214,KVEC,904,A1,531,1693,1244,2945,18517,2102,20624,23559
20212022,007,BELL,493,Pineville Independent,"",---District Total---,493,"","",SESC,907,"",559,1776,1469,3245,8316,2738,11054,15404
20212022,007,BELL,493,Pineville Independent,030,Pineville Independent School,493030,007493030,210486002393,SESC,907,A1,559,1776,1469,3245,8316,2738,11054,15404
20212022,099,POWELL,495,Powell County,"",---District Total---,495,"","",CKEC,901,"",2116,2008,1229,3237,8723,1921,10644,15436
20212022,099,POWELL,495,Powell County,010,Bowen Elementary School,495010,099495010,210489001217,CKEC,901,A1,187,2449,1029,3603,11068,1974,12917,18623
20212022,099,POWELL,495,Powell County,012,Powell County Academy,495012,099495012,210489002360,CKEC,901,A5,15,,,,,,,
20212022,099,POWELL,495,Powell County,015,Powell County Middle School,495015,099495015,210489001218,CKEC,901,A1,484,2004,1257,3337,8494,1611,10028,14292
20212022,099,POWELL,495,Powell County,020,Clay City Elementary School,495020,099495020,210489001219,CKEC,901,A1,437,1946,1288,3318,8407,1620,9943,15094
20212022,099,POWELL,495,Powell County,040,Powell County High School,495040,099495040,210489001220,CKEC,901,A1,666,1622,1242,2914,8760,2450,11160,14986
20212022,099,POWELL,495,Powell County,060,Stanton Elementary School,495060,099495060,210489001221,CKEC,901,A1,327,2186,1207,3487,8290,1728,9924,16558
20212022,100,PULASKI,501,Pulaski County,"",---District Total---,501,"","",SESC,907,"",7706,664,938,1602,9062,1654,10716,13992
20212022,100,PULASKI,501,Pulaski County,070,Burnside Elementary School,501070,100501070,210495001225,SESC,907,A1,349,912,818,1757,10244,2292,12536,14825
20212022,100,PULASKI,501,Pulaski County,071,Eagle Academy,501071,100501071,210495001554,SESC,907,A6,42,,,,,,,
20212022,100,PULASKI,501,Pulaski County,099,Memorial Education Center,501099,100501099,210495002065,SESC,907,A4,16,,,,,,,
20212022,100,PULASKI,501,Pulaski County,180,Eubank Elementary School,501180,100501180,210495001227,SESC,907,A1,354,802,702,1583,9040,1872,10912,13160
20212022,100,PULASKI,501,Pulaski County,280,Nancy Elementary School,501280,100501280,210495001231,SESC,907,A1,305,1234,842,2084,10758,2191,12949,15225
20212022,100,PULASKI,501,Pulaski County,380,Pulaski County High School,501380,100501380,210495001233,SESC,907,A1,1183,661,674,1519,8543,1980,10523,12703
20212022,100,PULASKI,501,Pulaski County,385,Pulaski Elementary School,501385,100501385,210495001234,SESC,907,A1,552,698,650,1524,9400,1982,11382,13618
20212022,100,PULASKI,501,Pulaski County,390,Southern Middle School,501390,100501390,210495001572,SESC,907,A1,962,746,532,1612,7378,1677,9056,11254
20212022,100,PULASKI,501,Pulaski County,395,Northern Middle School,501395,100501395,210495001573,SESC,907,A1,863,573,562,1405,7576,1785,9361,11567
20212022,100,PULASKI,501,Pulaski County,400,Southwestern High School,501400,100501400,210495000506,SESC,907,A1,1240,743,668,1591,8168,1978,10146,12322
20212022,100,PULASKI,501,Pulaski County,420,Oak Hill Elementary School,501420,100501420,210495000779,SESC,907,A1,530,1032,694,1834,8769,1801,10569,12788
20212022,100,PULASKI,501,Pulaski County,440,Shopville Elementary School,501440,100501440,210495001235,SESC,907,A1,310,915,684,1737,9332,1956,11288,13534
20212022,100,PULASKI,501,Pulaski County,560,Northern Elementary School,501560,100501560,210495001238,SESC,907,A1,353,709,778,1532,11495,2021,13518,15774
20212022,100,PULASKI,501,Pulaski County,570,Southern Elementary School,501570,100501570,210495001464,SESC,907,A1,647,1057,1036,1898,9047,2103,11150,13389
20212022,045,GREENUP,502,Raceland-Worthington Independent,"",---District Total---,502,"","",KEDC,903,"",1018,648,1034,1683,9139,2376,11515,15781
20212022,045,GREENUP,502,Raceland-Worthington Independent,010,Campbell Elementary School,502010,045502010,210498001239,KEDC,903,A1,251,768,887,1656,10168,2341,12592,12592
20212022,045,GREENUP,502,Raceland-Worthington Independent,011,Raceland-Worthington Schools Campus B,502011,045502011,210498002015,KEDC,903,A6,21,,,,,,,
20212022,045,GREENUP,502,Raceland-Worthington Independent,020,Raceland-Worthington High School,502020,045502020,210498001240,KEDC,903,A1,291,297,1063,1361,11216,3512,14811,16172
20212022,045,GREENUP,502,Raceland-Worthington Independent,030,Raceland-Worthington Middle School,502030,045502030,210498001241,KEDC,903,A1,425,699,1180,1881,6839,1815,8737,10617
20212022,045,GREENUP,502,Raceland-Worthington Independent,160,Raceland-Worthington Schools Campus A,502160,045502160,210498001465,KEDC,903,A6,30,,,,,,,
20212022,101,ROBERTSON,505,Robertson County,"",---District Total---,505,"","",KEDC,903,"",422,2833,1071,3904,9066,3201,12267,19379
20212022,101,ROBERTSON,505,Robertson County,010,Robertson County School,505010,101505010,210504001246,KEDC,903,A1,422,2833,1071,3904,9066,3201,12267,19379
20212022,102,ROCKCASTLE,511,Rockcastle County,"",---District Total---,511,"","",SESC,907,"",2676,821,1104,1926,9128,1888,11016,14708
20212022,102,ROCKCASTLE,511,Rockcastle County,020,Brodhead Elementary School,511020,102511020,210507001249,SESC,907,A1,403,1058,1300,2358,11018,3962,14980,13282
20212022,102,ROCKCASTLE,511,Rockcastle County,022,Rockcastle Academy for Academic Achievement,511022,102511022,210507001906,SESC,907,A5,44,,,,,,,
20212022,102,ROCKCASTLE,511,Rockcastle County,100,Rockcastle County Middle School,511100,102511100,210507000782,SESC,907,A1,636,396,1061,1458,10346,3736,14082,13282
20212022,102,ROCKCASTLE,511,Rockcastle County,170,Mt. Vernon Elementary,511170,102511170,210507001251,SESC,907,A1,569,1006,1221,2228,10962,3889,14855,13336
20212022,102,ROCKCASTLE,511,Rockcastle County,310,Rockcastle County High School,511310,102511310,210507001252,SESC,907,A1,790,707,777,1484,10665,3469,14133,13309
20212022,102,ROCKCASTLE,511,Rockcastle County,320,Roundstone Elementary School,511320,102511320,210507001253,SESC,907,A1,234,1013,1975,2662,10931,3059,15275,13284
20212022,103,ROWAN,515,Rowan County,"",---District Total---,515,"","",KEDC,903,"",3130,1004,479,1483,8855,2071,10926,15105
20212022,103,ROWAN,515,Rowan County,040,Clearfield Elementary School,515040,103515040,210510001254,KEDC,903,A1,289,1130,880,2010,7421,1422,8843,10853
20212022,103,ROWAN,515,Rowan County,043,McBrayer Elementary School,515043,103515043,210510002016,KEDC,903,A1,522,1001,754,1755,7206,1403,8610,10365
20212022,103,ROWAN,515,Rowan County,044,Rowan County Preschool Center,515044,103515044,210510002033,KEDC,903,A4,0,,,,,,,
20212022,103,ROWAN,515,Rowan County,130,Morehead Youth Development Center,515130,103515130,210510001258,KEDC,903,A6,16,,,,,,,
20212022,103,ROWAN,515,Rowan County,132,Bluegrass Discovery Academy High,515132,103515132,210510002342,KEDC,903,A5,21,,,,,,,
20212022,103,ROWAN,515,Rowan County,133,Bluegrass Discovery Academy Middle,515133,103515133,210510002336,KEDC,903,A5,13,,,,,,,
20212022,103,ROWAN,515,Rowan County,180,Rowan County Senior High School,515180,103515180,210510001260,KEDC,903,A1,957,369,620,988,7691,1546,9237,10225
20212022,103,ROWAN,515,Rowan County,200,Tilden Hogge Elementary School,515200,103515200,210510001261,KEDC,903,A1,197,1479,805,2283,8415,1516,9931,12214
20212022,103,ROWAN,515,Rowan County,210,Rowan County Middle School,515210,103515210,210510001478,KEDC,903,A1,726,470,575,1045,7156,1257,8412,9457
20212022,103,ROWAN,515,Rowan County,250,Rodburn Elementary School,515250,103515250,210510000787,KEDC,903,A1,389,1024,808,1832,8829,1644,10473,12305
20212022,104,RUSSELL,521,Russell County,"",---District Total---,521,"","",GRREC,902,"",2866,1094,1164,2258,8896,2061,10958,14976
20212022,104,RUSSELL,521,Russell County,140,Jamestown Elementary School,521140,104521140,210516001263,GRREC,902,A1,424,1865,1565,3430,10578,3105,13683,15130
20212022,104,RUSSELL,521,Russell County,230,Russell Springs Elementary School,521230,104521230,210516001264,GRREC,902,A1,597,1335,1550,2885,10756,3144,13899,15356
20212022,104,RUSSELL,521,Russell County,240,Russell County High School,521240,104521240,210516001265,GRREC,902,A1,809,568,881,1449,10037,3492,13529,16918
20212022,104,RUSSELL,521,Russell County,250,Salem Elementary School,521250,104521250,210516001266,GRREC,902,A1,344,1824,1418,3242,10684,3065,13749,15185
20212022,104,RUSSELL,521,Russell County,260,Russell County Middle School,521260,104521260,210516001599,GRREC,902,A1,692,666,759,1425,8572,2225,10797,12177
20212022,045,GREENUP,522,Russell Independent,"",---District Total---,522,"","",KEDC,903,"",2122,905,457,1362,9237,2242,11479,13582
20212022,045,GREENUP,522,Russell Independent,011,Russell Primary School,522011,045522011,210513001626,KEDC,903,A1,451,1734,868,2602,9790,1178,10968,14283
20212022,045,GREENUP,522,Russell Independent,030,Russell-McDowell Intermediate School,522030,045522030,210513001270,KEDC,903,A1,485,1184,812,1996,8408,1084,9492,12738
20212022,045,GREENUP,522,Russell Independent,050,Russell High School,522050,045522050,210513001272,KEDC,903,A1,645,687,871,1558,9334,1720,11064,13957
20212022,045,GREENUP,522,Russell Independent,060,Russell Middle School,522060,045522060,210513001273,KEDC,903,A1,509,877,811,1688,8439,1110,11064,12486
20212022,045,GREENUP,522,Russell Independent,070,Russell Independent Alternative School,522070,045522070,210513002514,KEDC,903,A5,32,,,,,,,
20212022,071,LOGAN,523,Russellville Independent,"",---District Total---,523,"","",GRREC,902,"",1046,1588,1071,2659,9115,2722,11837,16095
20212022,071,LOGAN,523,Russellville Independent,020,Russellville Primary Academy,523020,071523020,210519002515,GRREC,902,A4,99,,,,,,,
20212022,071,LOGAN,523,Russellville Independent,025,R E Stevenson Elementary School,523025,071523025,210519001274,GRREC,902,A1,380,1589,1072,2661,7310,1883,9193,13292
20212022,071,LOGAN,523,Russellville Independent,030,Russellville High School,523030,071523030,210519001275,GRREC,902,A1,319,1001,886,1887,9849,3923,13772,17211
20212022,071,LOGAN,523,Russellville Independent,050,Russellville Middle School,523050,071523050,210519002490,GRREC,902,A1,248,1602,810,2412,8269,1925,10193,13910
20212022,100,PULASKI,524,Science Hill Independent,"",---District Total---,524,"","",SESC,907,"",407,1467,876,2344,8734,1949,10683,14050
20212022,100,PULASKI,524,Science Hill Independent,010,Science Hill Elementary School,524010,100524010,210522001277,SESC,907,A1,407,1467,875,2343,8734,1949,10682,14050
20212022,105,SCOTT,525,Scott County,"",---District Total---,525,"","",CKEC,901,"",9335,505,534,1039,9315,1331,10646,15422
20212022,105,SCOTT,525,Scott County,005,Phoenix Horizon Community,525005,105525005,210526002432,CKEC,901,A5,147,,,,,,,
20212022,105,SCOTT,525,Scott County,010,Eastern Elementary School,525010,105525010,210526001278,CKEC,901,A1,433,487,600,1087,9193,1714,10907,15740
20212022,105,SCOTT,525,Scott County,012,Anne Mason Elementary School,525012,105525012,210526001942,CKEC,901,A1,416,518,564,1081,11414,1449,12864,17795
20212022,105,SCOTT,525,Scott County,013,Royal Spring Middle School,525013,105525013,210526002017,CKEC,901,A1,772,324,534,858,9434,1237,10671,15317
20212022,105,SCOTT,525,Scott County,014,Lemons Mill Elementary School,525014,105525014,210526002349,CKEC,901,A1,492,678,530,1208,10594,1388,11982,17014
20212022,105,SCOTT,525,Scott County,015,Garth Elementary School,525015,105525015,210526001279,CKEC,901,A1,362,1217,700,1917,10808,1518,12326,18107
20212022,105,SCOTT,525,Scott County,018,Georgetown Middle School,525018,105525018,210526001280,CKEC,901,A1,554,480,561,1041,10590,1280,11870,16882
20212022,105,SCOTT,525,Scott County,019,Scott County Preschool,525019,105525019,210526002204,CKEC,901,A4,0,,,,,,,
20212022,105,SCOTT,525,Scott County,025,Great Crossing High School,525025,105525025,210526002482,CKEC,901,A1,1679,301,492,793,7707,1272,8979,13537
20212022,105,SCOTT,525,Scott County,029,Creekside Elementary,525029,105525029,210526002483,CKEC,901,A1,466,1109,588,1696,10599,1319,11918,17365
20212022,105,SCOTT,525,Scott County,035,Northern Elementary School,525035,105525035,210526001687,CKEC,901,A1,458,502,587,1089,9796,1295,11091,15928
20212022,105,SCOTT,525,Scott County,040,Scott County High School,525040,105525040,210526001283,CKEC,901,A1,1169,390,537,927,9331,1398,10728,15434
20212022,105,SCOTT,525,Scott County,044,Elkhorn Crossing School,525044,105525044,210526002301,CKEC,901,A2,0,,,,,,,
20212022,105,SCOTT,525,Scott County,050,Stamping Ground Elementary School,525050,105525050,210526001284,CKEC,901,A1,386,500,562,1062,10488,1744,12231,17103
20212022,105,SCOTT,525,Scott County,060,Scott County Middle School,525060,105525060,210526001285,CKEC,901,A1,869,344,476,820,8625,1169,9794,14392
20212022,105,SCOTT,525,Scott County,070,Southern Elementary School,525070,105525070,210526001286,CKEC,901,A1,474,1067,590,1656,10959,1383,12343,17799
20212022,105,SCOTT,525,Scott County,080,Western Elementary School,525080,105525080,210526000530,CKEC,901,A1,658,444,525,968,9034,1305,10338,15105
20212022,106,SHELBY,531,Shelby County,"",---District Total---,531,"","",OVEC,906,"",6665,894,405,1299,9860,1913,11772,17656
20212022,106,SHELBY,531,Shelby County,014,Painted Stone Elementary,531014,106531014,210532001964,OVEC,906,A1,462,1616,335,1951,10233,1994,12228,15946
20212022,106,SHELBY,531,Shelby County,015,Southside Elementary,531015,106531015,210532002077,OVEC,906,A1,441,1023,555,1578,9665,1692,11357,14714
20212022,106,SHELBY,531,Shelby County,040,Martha Layne Collins High School,531040,106531040,210532002253,OVEC,906,A1,1194,445,409,854,8771,1864,10635,13273
20212022,106,SHELBY,531,Shelby County,054,Marnel C. Moorman School,531054,106531054,210532002491,OVEC,906,A1,725,1020,332,1351,8567,1519,10085,13162
20212022,106,SHELBY,531,Shelby County,065,Heritage Elementary,531065,106531065,210532001688,OVEC,906,A1,409,1149,359,1508,10123,1797,11921,15217
20212022,106,SHELBY,531,Shelby County,080,Shelby County West Middle School,531080,106531080,210532001291,OVEC,906,A1,595,461,376,837,9250,1695,10945,13530
20212022,106,SHELBY,531,Shelby County,090,Shelby County High School,531090,106531090,210532001292,OVEC,906,A1,936,631,418,1050,9613,2094,11708,34121
20212022,106,SHELBY,531,Shelby County,100,Simpsonville Elementary,531100,106531100,210532001293,OVEC,906,A1,445,839,346,1185,10104,2063,12168,15187
20212022,106,SHELBY,531,Shelby County,110,Shelby County East Middle School,531110,106531110,210532001294,OVEC,906,A1,545,586,340,926,9422,1653,11076,13757
20212022,106,SHELBY,531,Shelby County,120,Clear Creek Elementary,531120,106531120,210532001295,OVEC,906,A1,422,1316,364,1680,10871,2016,12887,16331
20212022,106,SHELBY,531,Shelby County,130,Wright Elementary,531130,106531130,210532001434,OVEC,906,A1,465,1047,405,1452,10064,1753,11818,15036
20212022,106,SHELBY,531,Shelby County,160,Northside Early Childhood Center,531160,106531160,210532001689,OVEC,906,A4,0,,,,,,,
20212022,106,SHELBY,531,Shelby County,170,Ascension Academy,531170,106531170,210532001690,OVEC,906,A6,26,,,,,,,
20212022,107,SIMPSON,535,Simpson County,"",---District Total---,535,"","",GRREC,902,"",2930,1386,657,2042,9060,2114,11174,14263
20212022,107,SIMPSON,535,Simpson County,007,Franklin-Simpson High School West Campus,535007,107535007,210540001652,GRREC,902,A5,122,,,,,,,
20212022,107,SIMPSON,535,Simpson County,020,Franklin Elementary School,535020,107535020,210540001299,GRREC,902,A1,239,1381,551,1932,9526,1788,11314,14143
20212022,107,SIMPSON,535,Simpson County,030,Franklin-Simpson Middle School,535030,107535030,210540001300,GRREC,902,A1,687,1236,537,1773,7877,2120,9997,12792
20212022,107,SIMPSON,535,Simpson County,040,Franklin-Simpson High School,535040,107535040,210540001301,GRREC,902,A1,736,1439,920,2359,10105,2484,12589,15963
20212022,107,SIMPSON,535,Simpson County,045,Lincoln Elementary School,535045,107535045,210540001302,GRREC,902,A1,427,1595,546,2141,8768,1911,10679,13919
20212022,107,SIMPSON,535,Simpson County,100,Simpson Elementary School,535100,107535100,210540001435,GRREC,902,A1,719,1285,539,1824,8137,1813,9950,12784
20212022,100,PULASKI,536,Somerset Independent,"",---District Total---,536,"","",SESC,907,"",1526,1208,1094,2302,9364,1937,11301,15418
20212022,100,PULASKI,536,Somerset Independent,050,Hopkins Elementary School,536050,100536050,210543001307,SESC,907,A1,542,1648,1186,2833,1005,1778,2784,15394
20212022,100,PULASKI,536,Somerset Independent,070,Somerset High School,536070,100536070,210543001310,SESC,907,A1,525,957,1135,2092,2079,2340,4420,15912
20212022,100,PULASKI,536,Somerset Independent,090,Meece Middle School,536090,100536090,210543001311,SESC,907,A1,459,977,940,1916,1754,1538,3291,14024
20212022,019,CAMPBELL,537,Southgate Independent,"",---District Total---,537,"","",NKCES,905,"",164,2422,2131,4553,13445,4000,17445,23496
20212022,019,CAMPBELL,537,Southgate Independent,010,Southgate Public School,537010,019537010,210546001313,NKCES,905,A1,164,2422,2131,4553,13445,4000,17445,23496
20212022,108,SPENCER,541,Spencer County,"",---District Total---,541,"","",OVEC,906,"",3054,1150,614,1765,8571,1472,10043,13200
20212022,108,SPENCER,541,Spencer County,040,Spencer County Elementary School,541040,108541040,210549001314,OVEC,906,A1,763,892,584,1477,8463,1073,9536,11012
20212022,108,SPENCER,541,Spencer County,041,Spencer County Middle School,541041,108541041,210549001871,OVEC,906,A1,702,1081,599,1680,7588,1434,9022,10702
20212022,108,SPENCER,541,Spencer County,042,Hillview Academy,541042,108541042,210549002051,OVEC,906,A5,49,,,,,,,
20212022,108,SPENCER,541,Spencer County,043,Spencer County Early Learning Center,541043,108541043,"",OVEC,906,A4,0,,,,,,,
20212022,108,SPENCER,541,Spencer County,044,Taylorsville Elementary School,541044,108541044,210549002018,OVEC,906,A1,604,1404,534,1938,8943,1009,9953,11891
20212022,108,SPENCER,541,Spencer County,050,Spencer County High School,541050,108541050,210549001315,OVEC,906,A1,936,916,570,1487,8277,1753,10029,11516
20212022,109,TAYLOR,545,Taylor County,"",---District Total---,545,"","",GRREC,902,"",2634,1770,425,2196,9171,2238,11409,15602
20212022,109,TAYLOR,545,Taylor County,005,Taylor County Primary Center,545005,109545005,210552002431,GRREC,902,A1,585,2116,511,2627,9165,1032,10197,14821
20212022,109,TAYLOR,545,Taylor County,020,Taylor County Elementary School,545020,109545020,210552001317,GRREC,902,A1,571,2240,483,2722,8462,2422,10884,15603
20212022,109,TAYLOR,545,Taylor County,030,Taylor County High School,545030,109545030,210552001318,GRREC,902,A1,783,1242,360,1601,10480,3177,13657,17255
20212022,109,TAYLOR,545,Taylor County,040,Taylor County Middle School,545040,109545040,210552001319,GRREC,902,A1,626,1294,365,1659,8277,2017,10294,13950
20212022,109,TAYLOR,545,Taylor County,075,Lakeview Academy,545075,109545075,210552002495,GRREC,902,A5,69,,,,,,,
20212022,109,TAYLOR,545,Taylor County,080,Central Kentucky Career Academy,545080,109545080,210552002501,GRREC,902,A2,0,,,,,,,
20212022,110,TODD,551,Todd County,"",---District Total---,551,"","",GRREC,902,"",1767,1792,3109,4900,9374,2404,11778,18823
20212022,110,TODD,551,Todd County,005,North Todd Elementary School,551005,110551005,210555001600,GRREC,902,A1,358,1982,2825,4807,8449,1695,10144,15010
20212022,110,TODD,551,Todd County,015,South Todd Elementary School,551015,110551015,210555001601,GRREC,902,A1,421,2204,2840,5044,7435,1749,9184,14286
20212022,110,TODD,551,Todd County,017,Horizons High School,551017,110551017,210555002034,GRREC,902,A5,42,,,,,,,
20212022,110,TODD,551,Todd County,080,Todd County Middle School,551080,110551080,210555001324,GRREC,902,A1,389,1235,2801,4036,9642,2119,11768,15856
20212022,110,TODD,551,Todd County,095,Todd County Central High School,551095,110551095,210555001325,GRREC,902,A1,557,1118,2801,3919,9231,3106,12337,16469
20212022,111,TRIGG,555,Trigg County,"",---District Total---,555,"","",WKEC,908,"",1876,1249,563,1813,9889,1934,11823,16382
20212022,111,TRIGG,555,Trigg County,013,Trigg County Primary School,555013,111555013,210558002093,WKEC,908,A1,403,1370,513,1884,9717,1655,11373,15872
20212022,111,TRIGG,555,Trigg County,014,Trigg County Intermediate School,555014,111555014,210558002167,WKEC,908,A1,389,1217,592,1809,9654,1411,11065,15491
20212022,111,TRIGG,555,Trigg County,020,Harbor Academy and Virtual School,555020,111555020,"",WKEC,908,A5,34,,,,,,,
20212022,111,TRIGG,555,Trigg County,050,Trigg County Middle School,555050,111555050,210558001328,WKEC,908,A1,443,1250,507,1758,9044,1670,10714,15088
20212022,111,TRIGG,555,Trigg County,070,Trigg County High School,555070,111555070,210558001329,WKEC,908,A1,607,862,555,1417,9620,2423,12043,16077
20212022,112,TRIMBLE,561,Trimble County,"",---District Total---,561,"","",OVEC,906,"",1116,800,486,1285,8964,2480,11445,14558
20212022,112,TRIMBLE,561,Trimble County,010,Bedford Elementary School,561010,112561010,210561001330,OVEC,906,A1,379,703,463,1164,8410,2377,10685,11849
20212022,112,TRIMBLE,561,Trimble County,020,Milton Elementary School,561020,112561020,210561001332,OVEC,906,A1,189,1387,525,1907,11657,2642,14198,16105
20212022,112,TRIMBLE,561,Trimble County,025,Trimble County JR/SR High School,561025,112561025,210561002475,OVEC,906,A1,548,518,409,928,8730,3076,11703,12630
20212022,112,TRIMBLE,561,Trimble County,035,Trimble County Alternative Program,561035,112561035,210561002464,OVEC,906,A5,0,,,,,,,
20212022,113,UNION,565,Union County,"",---District Total---,565,"","",WKEC,908,"",1948,1249,561,1809,10531,2196,12727,18398
20212022,113,UNION,565,Union County,015,Union County Preschool and Headstart,565015,113565015,210564002447,WKEC,908,A4,0,,,,,,,
20212022,113,UNION,565,Union County,020,Morganfield Elementary School,565020,113565020,210564001334,WKEC,908,A1,330,1657,619,2276,11392,1907,13299,19298
20212022,113,UNION,565,Union County,021,Union County Learning Academy,565021,113565021,210564001872,WKEC,908,A5,27,,,,,,,
20212022,113,UNION,565,Union County,050,Sturgis Elementary School,565050,113565050,210564001336,WKEC,908,A1,360,1545,513,2059,9963,1761,11724,17472
20212022,113,UNION,565,Union County,055,Union County Middle School,565055,113565055,210564001602,WKEC,908,A1,440,1287,445,1732,10030,1861,11891,17257
20212022,113,UNION,565,Union County,065,Union County High School,565065,113565065,210564001338,WKEC,908,A1,605,643,536,1178,10088,2865,12953,17783
20212022,113,UNION,565,Union County,070,Uniontown Elementary School,565070,113565070,210564001339,WKEC,908,A1,186,1708,591,2299,10564,2086,12651,18576
20212022,113,UNION,565,Union County,902,Union County Area Vocational Ed Center,565902,113565902,210564002175,WKEC,908,A2,0,,,,,,,
20212022,008,BOONE,567,Walton-Verona Independent,"",---District Total---,567,"","",NKCES,905,"",1782,472,78,550,9604,2340,11944,13943
20212022,008,BOONE,567,Walton-Verona Independent,010,Walton-Verona Elementary School,567010,008567010,210570001341,NKCES,905,A1,690,566,122,688,8946,2338,11284,12732
20212022,008,BOONE,567,Walton-Verona Independent,015,Walton-Verona Middle School,567015,008567015,210570002191,NKCES,905,A1,522,416,12,428,10180,2318,12498,13986
20212022,008,BOONE,567,Walton-Verona Independent,020,Walton-Verona High School,567020,008567020,210570001342,NKCES,905,A1,570,360,85,445,10023,2487,12510,13879
20212022,008,BOONE,567,Walton-Verona Independent,025,Walton - Verona Early Childhood Center,567025,008567025,210570002488,NKCES,905,A4,0,,,,,,,
20212022,114,WARREN,571,Warren County,"",---District Total---,571,"","",GRREC,902,"",16974,1006,1049,2055,8074,1766,9840,14334
20212022,114,WARREN,571,Warren County,001,Carol Martin Gatton Academy of Math & Science,571001,114571001,210573002441,GRREC,902,B2,0,,,,,,,
20212022,114,WARREN,571,Warren County,002,South Warren Middle School,571002,114571002,210573002298,GRREC,902,A1,754,688,776,1464,7016,2029,9045,13294
20212022,114,WARREN,571,Warren County,003,South Warren High School,571003,114571003,210573002277,GRREC,902,A1,1451,575,852,1426,7235,2018,9254,12917
20212022,114,WARREN,571,Warren County,010,Alvaton Elementary,571010,114571010,210573001343,GRREC,902,A1,691,1033,1053,2086,8121,1651,9772,15470
20212022,114,WARREN,571,Warren County,015,Briarwood Elementary School,571015,114571015,210573001909,GRREC,902,A1,672,1504,1367,2871,8530,1446,9976,15087
20212022,114,WARREN,571,Warren County,016,Lighthouse Academy,571016,114571016,210573001926,GRREC,902,A5,200,,,,,,,
20212022,114,WARREN,571,Warren County,018,Plano Elementary,571018,114571018,210573002035,GRREC,902,A1,632,865,1306,2171,8127,1364,9491,13879
20212022,114,WARREN,571,Warren County,020,Beacon Academy,571020,114571020,210573002410,GRREC,902,A5,299,,,,,,,
20212022,114,WARREN,571,Warren County,025,Jennings Creek Elementary,571025,114571025,210573002465,GRREC,902,A1,672,1448,1364,2812,8644,1768,10413,15664
20212022,114,WARREN,571,Warren County,030,Jody Richards Elementary,571030,114571030,210573002327,GRREC,902,A1,682,950,1195,2145,7878,1670,9548,13915
20212022,114,WARREN,571,Warren County,040,Bristow Elementary,571040,114571040,210573001344,GRREC,902,A1,574,1184,1405,2589,9042,1386,10427,15304
20212022,114,WARREN,571,Warren County,070,Cumberland Trace Elementary,571070,114571070,210573001346,GRREC,902,A1,548,1427,1173,2600,8346,2461,10807,15687
20212022,114,WARREN,571,Warren County,075,Drakes Creek Middle School,571075,114571075,210573001603,GRREC,902,A1,711,944,818,1762,7658,1909,9568,13620
20212022,114,WARREN,571,Warren County,080,Lost River Elementary,571080,114571080,210573001164,GRREC,902,A1,726,1080,1167,2246,8319,1394,9713,14239
20212022,114,WARREN,571,Warren County,090,Jackson Academy,571090,114571090,210573002492,GRREC,902,A5,26,,,,,,,
20212022,114,WARREN,571,Warren County,100,William H. Natcher Elementary,571100,114571100,210573001691,GRREC,902,A1,656,1223,1280,2503,8612,1774,10386,15244
20212022,114,WARREN,571,Warren County,110,North Warren Elementary,571110,114571110,210573001347,GRREC,902,A1,407,1285,1246,2530,8231,1485,9716,14566
20212022,114,WARREN,571,Warren County,130,Oakland Elementary,571130,114571130,210573001348,GRREC,902,A1,344,1116,1395,2511,9306,1561,10867,15672
20212022,114,WARREN,571,Warren County,140,Rich Pond Elementary,571140,114571140,210573001349,GRREC,902,A1,765,815,924,1739,7246,1410,8656,13517
20212022,114,WARREN,571,Warren County,150,Richardsville Elementary,571150,114571150,210573001350,GRREC,902,A1,416,1257,1255,2512,8680,1678,10358,15214
20212022,114,WARREN,571,Warren County,170,Rockfield Elementary,571170,114571170,210573001351,GRREC,902,A1,559,1110,1238,2349,8751,1379,10130,14743
20212022,114,WARREN,571,Warren County,175,Henry F. Moss Middle School,571175,114571175,210573001604,GRREC,902,A1,580,1298,938,2236,8836,2266,11102,15689
20212022,114,WARREN,571,Warren County,200,Warren Elementary,571200,114571200,210573001352,GRREC,902,A1,626,1267,1155,2422,8734,1417,10152,14859
20212022,114,WARREN,571,Warren County,205,Warren East Middle School,571205,114571205,210573001605,GRREC,902,A1,528,1080,1149,2229,8278,2490,10768,15249
20212022,114,WARREN,571,Warren County,210,Warren Central High School,571210,114571210,210573001353,GRREC,902,A1,966,1343,945,2287,8490,2008,10497,15496
20212022,114,WARREN,571,Warren County,220,Warren East High School,571220,114571220,210573001354,GRREC,902,A1,915,843,944,1787,8401,2369,10770,14806
20212022,114,WARREN,571,Warren County,230,Greenwood High School,571230,114571230,210573001692,GRREC,902,A1,1300,666,984,1650,7918,1915,9833,14071
20212022,114,WARREN,571,Warren County,245,GEO International High School,571245,114571245,210573002427,GRREC,902,A5,166,,,,,,,
20212022,114,WARREN,571,Warren County,300,Rivendell Elementary,571300,114571300,210573000828,GRREC,902,A5,46,,,,,,,
20212022,114,WARREN,571,Warren County,305,Rivendell High School,571305,114571305,210573000839,GRREC,902,A5,33,,,,,,,
20212022,114,WARREN,571,Warren County,455,Warren County Day Treatment,571455,114571455,210573001540,GRREC,902,A6,29,,,,,,,
20212022,115,WASHINGTON,575,Washington County,"",---District Total---,575,"","",CKEC,901,"",1653,1319,1554,2873,9055,2156,11212,22944
20212022,115,WASHINGTON,575,Washington County,021,Commander Academy,575021,115575021,210576002358,CKEC,901,A5,66,,,,,,,
20212022,115,WASHINGTON,575,Washington County,031,North Washington Elementary School,575031,115575031,210576001873,CKEC,901,A1,499,1766,1826,3592,9426,1899,20324,23916
20212022,115,WASHINGTON,575,Washington County,034,Washington County Middle School,575034,115575034,210576002047,CKEC,901,A1,202,1194,1990,3184,9940,2034,19897,23847
20212022,115,WASHINGTON,575,Washington County,071,WC Tel Center,575071,115575071,210576002448,CKEC,901,A2,0,,,,,,,
20212022,115,WASHINGTON,575,Washington County,074,Washington County High School,575074,115575074,210576001358,CKEC,901,A1,488,896,1081,1976,9201,2690,20580,22657
20212022,115,WASHINGTON,575,Washington County,080,Washington County Elementary School,575080,115575080,210576001359,CKEC,901,A1,398,1462,1661,3123,8740,1824,19253,22565
20212022,116,WAYNE,581,Wayne County,"",---District Total---,581,"","",SESC,907,"",2996,1440,771,2211,8857,2075,10932,14645
20212022,116,WAYNE,581,Wayne County,051,Wayne County Middle School,581051,116581051,210579002020,SESC,907,A1,681,1056,1120,2176,8252,1825,10077,13678
20212022,116,WAYNE,581,Wayne County,060,Wayne County Learning Academy,581060,116581060,210579002403,SESC,907,A5,43,,,,,,,
20212022,116,WAYNE,581,Wayne County,170,Lake Cumberland Youth Development Center,581170,116581170,210579001361,SESC,907,A6,27,,,,,,,
20212022,116,WAYNE,581,Wayne County,180,Otter Creek Academy,581180,116581180,210579002250,SESC,907,A6,30,,,,,,,
20212022,116,WAYNE,581,Wayne County,190,Monticello Elementary School,581190,116581190,210579002346,SESC,907,A1,637,2109,633,2742,7823,2149,9695,13899
20212022,116,WAYNE,581,Wayne County,200,Wayne County High School,581200,116581200,210579001224,SESC,907,A1,936,959,670,1630,7702,2149,9850,12869
20212022,116,WAYNE,581,Wayne County,430,Walker Early Learning Center,581430,116581430,210579001365,SESC,907,A1,210,1478,415,1893,9773,1949,11722,14944
20212022,116,WAYNE,581,Wayne County,437,Bell Elementary School,581437,116581437,210579001367,SESC,907,A1,432,1464,736,2200,8808,1955,10763,14504
20212022,117,WEBSTER,585,Webster County,"",---District Total---,585,"","",WKEC,908,"",2083,1130,614,1744,8891,1829,10720,13842
20212022,117,WEBSTER,585,Webster County,020,Clay Elementary School,585020,117585020,210582001369,WKEC,908,A1,177,2060.00,562.00,2622.00,10527.00,2109.00,12636.00,15258.00
20212022,117,WEBSTER,585,Webster County,050,Dixon Elementary School,585050,117585050,210582001370,WKEC,908,A1,331,1493.00,490.00,1983.00,7628.00,1434.00,9062.00,11045.00
20212022,117,WEBSTER,585,Webster County,060,Providence Elementary School,585060,117585060,210582002188,WKEC,908,A1,239,2002.00,608.00,2610.00,9934.00,1874.00,11808.00,14418.00
20212022,117,WEBSTER,585,Webster County,090,Sebree Elementary School,585090,117585090,210582001372,WKEC,908,A1,354,2016,539,2555,7729,1738,9467,12022
20212022,117,WEBSTER,585,Webster County,125,Webster County Middle School,585125,117585125,210582002348,WKEC,908,A1,337,1897,777,2674,7668,1439,9107,11781
20212022,117,WEBSTER,585,Webster County,130,Webster County High School,585130,117585130,210582001374,WKEC,908,A1,645,1492,629,2121,7772,2159,9931,12052
20212022,118,WHITLEY,591,Whitley County,"",---District Total---,591,"","",SESC,907,"",3863,1713,1153,2866,9441,1810,11250,16517
20212022,118,WHITLEY,591,Whitley County,010,Colonel Academy,591010,118591010,210588002497,SESC,907,A5,148,,,,,,,
20212022,118,WHITLEY,591,Whitley County,060,Boston Elementary School,591060,118591060,210588001376,SESC,907,A1,153,2359,1071,3430,11957,2567,14524,19199
20212022,118,WHITLEY,591,Whitley County,061,Whitley Central Intermediate School,591061,118591061,210588002048,SESC,907,A1,446,1796,1061,2858,8619,1494,10113,14216
20212022,118,WHITLEY,591,Whitley County,062,Whitley County East Elementary School,591062,118591062,210588002037,SESC,907,A1,235,2376,1278,3654,10361,1951,12311,17402
20212022,118,WHITLEY,591,Whitley County,225,Whitley County Alternative School,591225,118591225,210588001262,SESC,907,A5,65,,,,,,,
20212022,118,WHITLEY,591,Whitley County,290,Oak Grove Elementary School,591290,118591290,210588001381,SESC,907,A1,543,1659,1011,2670,8610,1688,10298,15042
20212022,118,WHITLEY,591,Whitley County,320,Pleasant View Elementary School,591320,118591320,210588001383,SESC,907,A1,201,2317,1018,3335,12195,1736,13931,18881
20212022,118,WHITLEY,591,Whitley County,350,Whitley County North Elementary School,591350,118591350,210588000546,SESC,907,A1,289,1966,1173,3139,10828,1745,12573,26076
20212022,118,WHITLEY,591,Whitley County,365,Whitley County Central Primary School,591365,118591365,210588001621,SESC,907,A1,363,1696,1112,2808,10930,1702,12632,16914
20212022,118,WHITLEY,591,Whitley County,430,Whitley County High School,591430,118591430,210588001386,SESC,907,A1,874,1275,1256,2531,8836,2164,11001,14934
20212022,118,WHITLEY,591,Whitley County,435,Whitley County Middle School,591435,118591435,210588001387,SESC,907,A1,546,1798,1214,3012,8340,1513,9853,15921
20212022,118,WHITLEY,592,Williamsburg Independent,"",---District Total---,592,"","",SESC,907,"",784,2014,913,2928,7794,1990,9785,13862
20212022,118,WHITLEY,592,Williamsburg Independent,012,Williamsburg City School,592012,118592012,210591001939,SESC,907,A1,784,2014,913,2928,7794,1990,9785,13862
20212022,041,GRANT,593,Williamstown Independent,"",---District Total---,593,"","",NKCES,905,"",779,1530,1595,3125,8961,1961,10922,17800
20212022,041,GRANT,593,Williamstown Independent,010,Williamstown Elementary,593010,041593010,210594001392,NKCES,905,A1,365,885,1266,2151,8846,1790,10636,16322
20212022,041,GRANT,593,Williamstown Independent,020,Williamstown Jr. High,593020,041593020,210594001393,NKCES,905,A1,169,764,1446,2210,9739,1465,11204,16948
20212022,041,GRANT,593,Williamstown Independent,030,Williamstown Sr. High,593030,041593030,210594002308,NKCES,905,A1,245,501,1090,1591,8929,2538,11467,16594
20212022,041,GRANT,593,Williamstown Independent,040,Williamstown Head Start Preschool,593040,041593040,210594002260,NKCES,905,A4,0,,,,,,,
20212022,119,WOLFE,595,Wolfe County,"",---District Total---,595,"","",KVEC,904,"",1150,3489,939,4428,10019,2643,12661,18381
20212022,119,WOLFE,595,Wolfe County,140,Dessie Scott School,595140,119595140,210597002380,KVEC,904,A6,26,,,,,,,
20212022,119,WOLFE,595,Wolfe County,205,Red River Valley Elementary School,595205,119595205,210597001394,KVEC,904,A1,108,4828,682,5509,10280,2394,12757,19690
20212022,119,WOLFE,595,Wolfe County,220,Rogers Elementary School,595220,119595220,210597001395,KVEC,904,A1,124,4214,697,4912,9673,2362,12117,18061
20212022,119,WOLFE,595,Wolfe County,310,Campton Elementary School,595310,119595310,210597001396,KVEC,904,A1,334,2882,1016,3898,8220,2186,10489,15437
20212022,119,WOLFE,595,Wolfe County,312,Success Academy,595312,119595312,210597002369,KVEC,904,A5,23,,,,,,,
20212022,119,WOLFE,595,Wolfe County,315,Wolfe County Middle School,595315,119595315,210597001693,KVEC,904,A1,167,3752,669,4421,10794,2511,13388,18841
20212022,119,WOLFE,595,Wolfe County,320,Wolfe County High School,595320,119595320,210597001397,KVEC,904,A1,368,2513,912,3425,8361,2545,10989,15486
20212022,120,WOODFORD,601,Woodford County,"",---District Total---,601,"","",CKEC,901,"",3863,940,302,1243,9429,2050,11479,13834
20212022,120,WOODFORD,601,Woodford County,013,Safe Harbor Academy,601013,120601013,210600001840,CKEC,901,A5,32,,,,,,,
20212022,120,WOODFORD,601,Woodford County,050,Southside Elementary School,601050,120601050,210600000284,CKEC,901,A1,546,1200,354,1556,927,1581,11674,13967
20212022,120,WOODFORD,601,Woodford County,075,Simmons Elementary School,601075,120601075,210600001403,CKEC,901,A1,372,1791,412,2204,1529,1881,12684,15848
20212022,120,WOODFORD,601,Woodford County,084,Woodford County High School,601084,120601084,210600001404,CKEC,901,A1,1267,593,249,843,482,2224,10903,13453
20212022,120,WOODFORD,601,Woodford County,085,Woodford County Middle School,601085,120601085,210600001405,CKEC,901,A1,904,550,247,798,401,1889,10634,12258
20212022,120,WOODFORD,601,Woodford County,090,Huntertown Elementary School,601090,120601090,210600001468,CKEC,901,A1,414,1172,293,1466,1097,1669,12562,14956
20212022,120,WOODFORD,601,Woodford County,120,Northside Elementary School,601120,120601120,210600000320,CKEC,901,A1,328,1453,381,1835,1230,1965,11965,15041
20212022,056,JEFFERSON,602,Kentucky School for the Blind District,"",---District Total---,602,"","","",909,"",62,,,,,,,
20212022,056,JEFFERSON,602,Kentucky School for the Blind,176,Kentucky School for the Blind,602176,056602176,210009401779,"",909,D1,62,,,,,,,
20212022,011,BOYLE,603,Kentucky School for the Deaf District,"",---District Total---,603,"","",CKEC,901,"",67,,,,,,,
20212022,011,BOYLE,603,Kentucky School for the Deaf,390,Kentucky School for the Deaf,603390,011603390,210009501715,CKEC,901,D1,67,,,,,,,
20212022,073,MADISON,606,Model Laboratory Schools at EKU,"",---District Total---,606,"","","","","",671,,,,,,,
20212022,073,MADISON,606,Model Laboratory Schools at EKU,450,Model Elementary,606450,073606450,210029102509,"","",B1,336,,,,,,,
20212022,073,MADISON,606,Model Laboratory Schools at EKU,460,Model High School,606460,073606460,210029102510,"","",B1,335,,,,,,,
20212022,103,ROWAN,610,Craft Academy,"",---District Total---,610,"","","","","",118,,,,,,,
20212022,103,ROWAN,610,Craft Academy,300,The Craft Academy for Excellence in Science and Mathematics,610300,103610300,210029002440,"","",B2,118,,,,,,,
20212022,037,FRANKLIN,777,Kentucky Tech System,"",---District Total---,777,"","","","","",23399,,,,,,,
20212022,037,FRANKLIN,777,Kentucky Tech System,005,Estill County Area Technology Center,777005,037777005,"","","",C2,240,,,,,,,
20212022,037,FRANKLIN,777,Kentucky Tech System,100,Barren County Area Technology Center,777100,037777100,210028902161,"","",C2,855,,,,,,,
20212022,037,FRANKLIN,777,Kentucky Tech System,101,Belfry Area Technology Center,777101,037777101,210028902107,"","",C2,514,,,,,,,
20212022,037,FRANKLIN,777,Kentucky Tech System,102,Bell County Area Technology Center,777102,037777102,210028902183,"","",C2,415,,,,,,,
20212022,037,FRANKLIN,777,Kentucky Tech System,103,Boone County Area Technology Center,777103,037777103,210028902164,"","",C2,216,,,,,,,
20212022,037,FRANKLIN,777,Kentucky Tech System,104,Breathitt County Area Technology Center,777104,037777104,210028902153,"","",C2,489,,,,,,,
20212022,037,FRANKLIN,777,Kentucky Tech System,105,Breckinridge County Area Technology Ctr,777105,037777105,210028902094,"","",C2,524,,,,,,,
20212022,037,FRANKLIN,777,Kentucky Tech System,106,Bullitt County Area Technology Center,777106,037777106,210028902176,"","",C2,504,,,,,,,
20212022,037,FRANKLIN,777,Kentucky Tech System,107,Butler Co. Area Technology Center,777107,037777107,210028902116,"","",C2,222,,,,,,,
20212022,037,FRANKLIN,777,Kentucky Tech System,108,Campbell County Area Technology Center,777108,037777108,210028902142,"","",C2,341,,,,,,,
20212022,037,FRANKLIN,777,Kentucky Tech System,109,Caldwell County Area Technology Center,777109,037777109,210028902057,"","",C2,336,,,,,,,
20212022,037,FRANKLIN,777,Kentucky Tech System,110,Carroll County Area Technology Center,777110,037777110,210028902097,"","",C2,292,,,,,,,
20212022,037,FRANKLIN,777,Kentucky Tech System,111,Casey County Area Technology Center,777111,037777111,210028902105,"","",C2,390,,,,,,,
20212022,037,FRANKLIN,777,Kentucky Tech System,112,Clark County Area Technology Center,777112,037777112,210028902062,"","",C2,541,,,,,,,
20212022,037,FRANKLIN,777,Kentucky Tech System,113,Clay County Area Technology Center,777113,037777113,210028902070,"","",C2,224,,,,,,,
20212022,037,FRANKLIN,777,Kentucky Tech System,114,Southern Kentucky Early CCA,777114,037777114,210028902102,"","",C2,417,,,,,,,
20212022,037,FRANKLIN,777,Kentucky Tech System,115,Corbin Area Technology Center,777115,037777115,210028902104,"","",C2,420,,,,,,,
20212022,037,FRANKLIN,777,Kentucky Tech System,116,Floyd County Area Technology Center,777116,037777116,210028902090,"","",C2,246,,,,,,,
20212022,037,FRANKLIN,777,Kentucky Tech System,117,Four Rivers Career Academy,777117,037777117,210028902172,"","",C2,189,,,,,,,
20212022,037,FRANKLIN,777,Kentucky Tech System,118,Garrard County Area Technology Center,777118,037777118,210028902042,"","",C2,308,,,,,,,
20212022,037,FRANKLIN,777,Kentucky Tech System,119,Green County Area Technology Center,777119,037777119,210028902078,"","",C2,283,,,,,,,
20212022,037,FRANKLIN,777,Kentucky Tech System,120,Greenup County Area Technology Center,777120,037777120,210028902170,"","",C2,434,,,,,,,
20212022,037,FRANKLIN,777,Kentucky Tech System,121,Harrison County Area Technology Center,777121,037777121,210028902143,"","",C2,463,,,,,,,
20212022,037,FRANKLIN,777,Kentucky Tech System,123,Trailblazer Academy,777123,037777123,210028902091,"","",C2,512,,,,,,,
20212022,037,FRANKLIN,777,Kentucky Tech System,124,Jackson Area Technology Center,777124,037777124,210028902106,"","",C2,282,,,,,,,
20212022,037,FRANKLIN,777,Kentucky Tech System,125,Knott County Area Technology Center,777125,037777125,210028902174,"","",C2,266,,,,,,,
20212022,037,FRANKLIN,777,Kentucky Tech System,126,Knox County Area Technology Center,777126,037777126,210028902114,"","",C2,353,,,,,,,
20212022,037,FRANKLIN,777,Kentucky Tech System,127,Lake Cumberland Area Technology Center,777127,037777127,210028902069,"","",C2,777,,,,,,,
20212022,037,FRANKLIN,777,Kentucky Tech System,128,Lee County Area Technology Center,777128,037777128,210028902118,"","",C2,258,,,,,,,
20212022,037,FRANKLIN,777,Kentucky Tech System,129,Leslie County Area Technology Center,777129,037777129,210028902059,"","",C2,358,,,,,,,
20212022,037,FRANKLIN,777,Kentucky Tech System,130,Letcher County Area Technology Center,777130,037777130,210028902136,"","",C2,452,,,,,,,
20212022,037,FRANKLIN,777,Kentucky Tech System,131,Lincoln County Area Technology Center,777131,037777131,210028902145,"","",C2,241,,,,,,,
20212022,037,FRANKLIN,777,Kentucky Tech System,132,Madison County Area Technology Center,777132,037777132,210028902123,"","",C2,723,,,,,,,
20212022,037,FRANKLIN,777,Kentucky Tech System,133,Marion County Area Technology Center,777133,037777133,210028902064,"","",C2,649,,,,,,,
20212022,037,FRANKLIN,777,Kentucky Tech System,134,Martin County Area Technology Center,777134,037777134,210028902147,"","",C2,309,,,,,,,
20212022,037,FRANKLIN,777,Kentucky Tech System,135,Mason County Career Magnet School,777135,037777135,210028902088,"","",C2,206,,,,,,,
20212022,037,FRANKLIN,777,Kentucky Tech System,136,Mayfield/Graves County Area Tech Center,777136,037777136,210028902138,"","",C2,583,,,,,,,
20212022,037,FRANKLIN,777,Kentucky Tech System,137,Meade County College and Career Center,777137,037777137,210028902126,"","",C2,474,,,,,,,
20212022,037,FRANKLIN,777,Kentucky Tech System,138,Millard Area Technology Center,777138,037777138,210028902182,"","",C2,277,,,,,,,
20212022,037,FRANKLIN,777,Kentucky Tech System,139,Monroe County Area Technology Center,777139,037777139,210028902173,"","",C2,439,,,,,,,
20212022,037,FRANKLIN,777,Kentucky Tech System,140,Montgomery County Area Technology Center,777140,037777140,210028902115,"","",C2,366,,,,,,,
20212022,037,FRANKLIN,777,Kentucky Tech System,141,Morgan County Area Technology Center,777141,037777141,210028902043,"","",C2,371,,,,,,,
20212022,037,FRANKLIN,777,Kentucky Tech System,142,Murray/Calloway County Area Tech Center,777142,037777142,210028902134,"","",C2,331,,,,,,,
20212022,037,FRANKLIN,777,Kentucky Tech System,143,Nelson County Area Technology Center,777143,037777143,210028902154,"","",C2,754,,,,,,,
20212022,037,FRANKLIN,777,Kentucky Tech System,144,Ohio County Area Technology Center,777144,037777144,210028902096,"","",C2,567,,,,,,,
20212022,037,FRANKLIN,777,Kentucky Tech System,145,Paducah Area Technology Center,777145,037777145,210028902040,"","",C2,630,,,,,,,
20212022,037,FRANKLIN,777,Kentucky Tech System,147,Pulaski County Area Technology Center,777147,037777147,210028902072,"","",C2,273,,,,,,,
20212022,037,FRANKLIN,777,Kentucky Tech System,148,Rockcastle County Area Technology Center,777148,037777148,210028902163,"","",C2,372,,,,,,,
20212022,037,FRANKLIN,777,Kentucky Tech System,149,Russell Area Technology Center,777149,037777149,210028902177,"","",C2,414,,,,,,,
20212022,037,FRANKLIN,777,Kentucky Tech System,151,Logan County Career and Technical Center,777151,037777151,210028902160,"","",C2,673,,,,,,,
20212022,037,FRANKLIN,777,Kentucky Tech System,152,Shelby County Area Technology Center,777152,037777152,210028902152,"","",C2,412,,,,,,,
20212022,037,FRANKLIN,777,Kentucky Tech System,153,Warren Co. Area Technology Center,777153,037777153,210028902141,"","",C2,175,,,,,,,
20212022,037,FRANKLIN,777,Kentucky Tech System,154,Wayne County Area Technology Center,777154,037777154,210028902156,"","",C2,555,,,,,,,
20212022,037,FRANKLIN,777,Kentucky Tech System,155,Webster County Area Technology Center,777155,037777155,210028902095,"","",C2,368,,,,,,,
20212022,037,FRANKLIN,777,Kentucky Tech System,156,Delta Academy,777156,037777156,210028902478,"","",C2,0,,,,,,,
20212022,037,FRANKLIN,777,Kentucky Tech System,158,Southeast Kentucky Academy,777158,037777158,210028902479,"","",C2,0,,,,,,,
20212022,037,FRANKLIN,777,Kentucky Tech System,159,iLEAD Academy,777159,037777159,210028902468,"","",A2,132,,,,,,,
20212022,037,FRANKLIN,777,Kentucky Tech System,160,Ignite Institute,777160,037777160,210028902485,"","",A2,984,,,,,,,
20212022,"","",999,State,"",---State Total---,999,"","","","","",631660,1517,816,2333,9995,1950,11945,16422
